url_length,path_length,path_depth,query_param_count,encoded_char_count,special_char_count,encoded_ratio,special_char_ratio,query_length,request_header_count,user_agent_length,total_header_length,max_header_value_length,body_length,status_code,response_body_length,response_header_count,response_body_to_url_ratio,label,method_encoded,anomaly_prediction,predicted_attack_type
81,60,11,0,0,37,0.0,0.4567901234567901,0,12,66,696,397,0,200,67,2,0.8271604938271605,Directory Traversal,0,-1,Directory Traversal
113,92,2,0,5,32,0.0442477876106194,0.2831858407079646,0,12,107,744,397,0,200,20,2,0.1769911504424778,RCE,0,-1,RCE
78,20,3,1,3,16,0.0384615384615384,0.2051282051282051,36,12,65,692,397,0,401,41,2,0.5256410256410257,Log Forging,0,-1,Log Forging
80,20,3,1,3,16,0.0375,0.2,38,12,111,739,397,0,401,41,2,0.5125,Log Forging,0,-1,Log Forging
30,9,2,0,0,9,0.0,0.3,0,12,107,755,397,0,308,249,3,8.3,Normal,0,-1,LOG4J
75,54,9,0,0,31,0.0,0.4133333333333333,0,12,68,705,397,0,200,61,2,0.8133333333333334,Directory Traversal,0,-1,Directory Traversal
22,1,0,0,0,8,0.0,0.3636363636363636,0,12,77,702,397,0,200,34,2,1.5454545454545454,Normal,0,-1,LOG4J
89,19,3,1,4,21,0.0449438202247191,0.2359550561797752,48,12,107,753,397,0,200,307960,2,3460.224719101124,SQL Injection,0,-1,SQL Injection
33,12,1,0,0,8,0.0,0.2424242424242424,0,14,100,1060,397,0,302,211,4,6.393939393939394,Cookie Injection,1,-1,Cookie Injection
33,12,1,0,0,8,0.0,0.2424242424242424,0,14,107,1051,397,0,302,211,4,6.393939393939394,Cookie Injection,1,-1,Cookie Injection
92,19,3,1,4,22,0.0434782608695652,0.2391304347826087,51,12,119,744,397,0,200,204,2,2.217391304347826,SQL Injection,0,-1,SQL Injection
22,1,0,0,0,8,0.0,0.3636363636363636,0,12,107,753,397,0,200,34,2,1.5454545454545454,Normal,0,-1,LOG4J
110,11,2,2,2,20,0.0181818181818181,0.1818181818181818,77,12,107,734,397,0,401,26,2,0.2363636363636363,SQL Injection,0,-1,SQL Injection
109,88,2,0,4,35,0.036697247706422,0.3211009174311927,0,12,72,699,397,0,200,48,2,0.4403669724770642,RCE,0,-1,RCE
96,19,3,1,4,22,0.0416666666666666,0.2291666666666666,55,12,77,725,397,0,200,49565,2,516.3020833333334,SQL Injection,0,-1,SQL Injection
33,12,1,0,0,8,0.0,0.2424242424242424,0,14,121,1062,397,0,302,211,4,6.393939393939394,Cookie Injection,1,-1,Cookie Injection
83,62,13,0,0,40,0.0,0.4819277108433735,0,12,100,730,397,0,200,69,2,0.8313253012048193,Directory Traversal,0,-1,Directory Traversal
33,12,1,0,0,8,0.0,0.2424242424242424,0,14,108,1047,397,0,302,211,4,6.393939393939394,Cookie Injection,1,-1,Cookie Injection
30,9,2,0,0,9,0.0,0.3,0,12,81,729,397,0,308,249,3,8.3,Normal,0,-1,LOG4J
74,53,10,0,0,31,0.0,0.4189189189189189,0,12,101,726,397,0,200,60,2,0.8108108108108109,Directory Traversal,0,-1,Directory Traversal
78,57,4,0,8,21,0.1025641025641025,0.2692307692307692,0,12,77,702,397,0,200,50,2,0.6410256410256411,RCE,0,-1,RCE
92,19,3,1,4,22,0.0434782608695652,0.2391304347826087,51,12,65,690,397,0,200,204,2,2.217391304347826,SQL Injection,0,-1,SQL Injection
89,19,3,1,4,21,0.0449438202247191,0.2359550561797752,48,12,119,765,397,0,200,307960,2,3460.224719101124,SQL Injection,0,-1,SQL Injection
81,20,3,1,3,16,0.037037037037037,0.1975308641975308,39,12,66,712,397,0,401,41,2,0.5061728395061729,Log Forging,0,-1,Log Forging
91,19,3,1,4,21,0.0439560439560439,0.2307692307692307,50,12,108,756,397,0,200,24,2,0.2637362637362637,SQL Injection,0,-1,SQL Injection
96,19,3,1,4,22,0.0416666666666666,0.2291666666666666,55,12,112,751,397,0,200,49565,2,516.3020833333334,SQL Injection,0,-1,SQL Injection
113,92,2,0,5,32,0.0442477876106194,0.2831858407079646,0,12,107,753,397,0,200,20,2,0.1769911504424778,RCE,0,-1,RCE
33,12,1,0,0,8,0.0,0.2424242424242424,0,14,82,1017,397,0,302,211,4,6.393939393939394,Cookie Injection,1,-1,Cookie Injection
114,11,2,2,2,20,0.0175438596491228,0.175438596491228,81,12,65,695,397,0,401,26,2,0.2280701754385964,SQL Injection,0,-1,SQL Injection
78,20,3,1,3,16,0.0384615384615384,0.2051282051282051,36,12,66,714,397,0,401,41,2,0.5256410256410257,Log Forging,0,-1,Log Forging
77,20,3,1,3,16,0.0389610389610389,0.2077922077922078,35,12,77,702,397,0,401,41,2,0.5324675324675324,Log Forging,0,-1,Log Forging
113,92,2,0,5,32,0.0442477876106194,0.2831858407079646,0,12,72,711,397,0,200,20,2,0.1769911504424778,RCE,0,-1,RCE
33,12,1,0,0,8,0.0,0.2424242424242424,0,14,101,1054,397,0,302,211,4,6.393939393939394,Cookie Injection,1,-1,Cookie Injection
69,48,5,0,0,14,0.0,0.2028985507246377,0,12,77,705,397,0,404,207,2,3.0,Normal,0,-1,LOG4J
83,20,3,1,4,17,0.0481927710843373,0.2048192771084337,41,12,72,699,397,0,401,41,2,0.4939759036144578,Log Forging,0,-1,Log Forging
30,9,2,0,0,9,0.0,0.3,0,12,108,820,397,0,308,249,3,8.3,LOG4J,0,-1,LOG4J
33,12,1,0,0,8,0.0,0.2424242424242424,0,14,100,1053,397,0,302,211,4,6.393939393939394,Cookie Injection,1,-1,Cookie Injection
83,62,13,0,0,40,0.0,0.4819277108433735,0,12,77,723,397,0,200,69,2,0.8313253012048193,Directory Traversal,0,-1,Directory Traversal
69,48,5,0,0,14,0.0,0.2028985507246377,0,12,111,738,397,0,404,207,2,3.0,Normal,0,-1,LOG4J
33,12,1,0,0,8,0.0,0.2424242424242424,0,14,121,1089,397,0,302,211,4,6.393939393939394,Cookie Injection,1,-1,Cookie Injection
33,12,1,0,0,8,0.0,0.2424242424242424,0,14,107,1077,397,0,302,211,4,6.393939393939394,Cookie Injection,1,-1,Cookie Injection
112,11,2,2,2,20,0.0178571428571428,0.1785714285714285,79,12,107,746,397,0,401,26,2,0.2321428571428571,SQL Injection,0,-1,SQL Injection
109,88,2,0,4,35,0.036697247706422,0.3211009174311927,0,12,107,732,397,0,200,48,2,0.4403669724770642,RCE,0,-1,RCE
69,48,5,0,0,14,0.0,0.2028985507246377,0,12,72,718,397,0,404,207,2,3.0,Normal,0,-1,LOG4J
22,1,0,0,0,8,0.0,0.3636363636363636,0,12,107,753,397,0,200,34,2,1.5454545454545454,Normal,0,-1,LOG4J
30,9,2,0,0,9,0.0,0.3,0,12,82,707,397,0,308,249,3,8.3,Normal,0,-1,LOG4J
33,12,1,0,0,8,0.0,0.2424242424242424,0,14,65,1009,397,0,302,211,4,6.393939393939394,Cookie Injection,1,-1,Cookie Injection
77,56,11,0,0,34,0.0,0.4415584415584415,0,12,77,705,397,0,200,63,2,0.8181818181818182,Directory Traversal,0,-1,Directory Traversal
80,59,12,0,0,37,0.0,0.4625,0,12,65,702,397,0,200,66,2,0.825,Directory Traversal,0,-1,Directory Traversal
77,56,11,0,0,34,0.0,0.4415584415584415,0,12,82,707,397,0,200,63,2,0.8181818181818182,Directory Traversal,0,-1,Directory Traversal
69,48,5,0,0,14,0.0,0.2028985507246377,0,12,66,694,397,0,404,207,2,3.0,Normal,0,-1,LOG4J
76,20,3,1,3,16,0.0394736842105263,0.2105263157894736,34,12,72,697,397,0,401,41,2,0.5394736842105263,Log Forging,0,-1,Log Forging
78,20,3,1,3,16,0.0384615384615384,0.2051282051282051,36,12,107,753,397,0,401,41,2,0.5256410256410257,Log Forging,0,-1,Log Forging
30,9,2,0,0,9,0.0,0.3,0,12,77,714,397,0,308,249,3,8.3,Normal,0,-1,LOG4J
93,19,3,1,4,21,0.043010752688172,0.2258064516129032,52,12,119,746,397,0,200,32,2,0.3440860215053763,SQL Injection,0,-1,SQL Injection
70,49,5,0,0,14,0.0,0.2,0,12,102,741,397,0,404,207,2,2.9571428571428573,Normal,0,-1,LOG4J
78,57,4,0,8,21,0.1025641025641025,0.2692307692307692,0,12,69,699,397,0,200,50,2,0.6410256410256411,RCE,0,-1,RCE
33,12,1,0,0,8,0.0,0.2424242424242424,0,14,72,1042,397,0,302,211,4,6.393939393939394,Cookie Injection,1,-1,Cookie Injection
33,12,1,0,0,8,0.0,0.2424242424242424,0,14,77,1024,397,0,302,211,4,6.393939393939394,Cookie Injection,1,-1,Cookie Injection
82,20,3,1,3,16,0.0365853658536585,0.1951219512195122,40,12,105,751,397,0,401,41,2,0.5,Log Forging,0,-1,Log Forging
33,12,1,0,0,8,0.0,0.2424242424242424,0,14,111,1052,397,0,302,211,4,6.393939393939394,Cookie Injection,1,-1,Cookie Injection
71,50,9,0,0,28,0.0,0.3943661971830985,0,12,81,711,397,0,200,57,2,0.8028169014084507,Directory Traversal,0,-1,Directory Traversal
45,24,4,0,0,11,0.0,0.2444444444444444,0,12,107,820,397,0,200,3320,2,73.77777777777777,LOG4J,0,-1,LOG4J
78,57,10,0,0,34,0.0,0.4358974358974359,0,12,119,767,397,0,200,64,2,0.8205128205128205,Directory Traversal,0,-1,Directory Traversal
33,12,1,0,0,8,0.0,0.2424242424242424,0,14,102,1046,397,0,302,211,4,6.393939393939394,Cookie Injection,1,-1,Cookie Injection
22,1,0,0,0,8,0.0,0.3636363636363636,0,12,121,760,397,0,200,34,2,1.5454545454545454,Normal,0,-1,LOG4J
33,12,1,0,0,8,0.0,0.2424242424242424,0,14,72,1021,397,0,302,211,4,6.393939393939394,Cookie Injection,1,-1,Cookie Injection
83,20,3,1,4,17,0.0481927710843373,0.2048192771084337,41,12,77,714,397,0,401,41,2,0.4939759036144578,Log Forging,0,-1,Log Forging
22,1,0,0,0,8,0.0,0.3636363636363636,0,12,108,756,397,0,200,34,2,1.5454545454545454,Normal,0,-1,LOG4J
119,11,2,2,2,20,0.0168067226890756,0.1680672268907563,86,12,77,704,397,0,401,26,2,0.2184873949579832,SQL Injection,0,-1,SQL Injection
109,88,2,0,4,35,0.036697247706422,0.3211009174311927,0,12,107,734,397,0,200,48,2,0.4403669724770642,RCE,0,-1,RCE
104,11,2,2,2,20,0.0192307692307692,0.1923076923076923,71,12,107,732,397,0,401,26,2,0.25,SQL Injection,0,-1,SQL Injection
109,88,2,0,4,35,0.036697247706422,0.3211009174311927,0,12,77,716,397,0,200,48,2,0.4403669724770642,RCE,0,-1,RCE
77,56,11,0,0,34,0.0,0.4415584415584415,0,12,103,728,397,0,200,63,2,0.8181818181818182,Directory Traversal,0,-1,Directory Traversal
115,11,2,2,2,20,0.017391304347826,0.1739130434782608,82,12,107,732,397,0,401,26,2,0.2260869565217391,SQL Injection,0,-1,SQL Injection
96,19,3,1,4,22,0.0416666666666666,0.2291666666666666,55,12,100,730,397,0,200,49565,2,516.3020833333334,SQL Injection,0,-1,SQL Injection
78,57,10,0,0,34,0.0,0.4358974358974359,0,12,105,744,397,0,200,64,2,0.8205128205128205,Directory Traversal,0,-1,Directory Traversal
108,11,2,2,2,20,0.0185185185185185,0.1851851851851851,75,12,76,706,397,0,401,26,2,0.2407407407407407,SQL Injection,0,-1,SQL Injection
78,57,4,0,8,21,0.1025641025641025,0.2692307692307692,0,12,72,699,397,0,200,50,2,0.6410256410256411,RCE,0,-1,RCE
109,88,2,0,4,35,0.036697247706422,0.3211009174311927,0,12,105,742,397,0,200,48,2,0.4403669724770642,RCE,0,-1,RCE
33,12,1,0,0,8,0.0,0.2424242424242424,0,14,100,1042,397,0,302,211,4,6.393939393939394,Cookie Injection,1,-1,Cookie Injection
22,1,0,0,0,8,0.0,0.3636363636363636,0,12,66,691,397,0,200,34,2,1.5454545454545454,Normal,0,-1,LOG4J
85,20,3,1,4,17,0.0470588235294117,0.2,43,12,68,714,397,0,401,41,2,0.4823529411764706,Log Forging,0,-1,Log Forging
33,12,1,0,0,8,0.0,0.2424242424242424,0,14,65,1018,397,0,302,211,4,6.393939393939394,Cookie Injection,1,-1,Cookie Injection
69,48,5,0,0,14,0.0,0.2028985507246377,0,12,107,753,397,0,404,207,2,3.0,Normal,0,-1,LOG4J
109,88,2,0,4,35,0.036697247706422,0.3211009174311927,0,12,107,737,397,0,200,48,2,0.4403669724770642,RCE,0,-1,RCE
106,11,2,2,2,20,0.0188679245283018,0.1886792452830188,73,12,111,739,397,0,401,26,2,0.2452830188679245,SQL Injection,0,-1,SQL Injection
22,1,0,0,0,8,0.0,0.3636363636363636,0,12,112,758,397,0,200,34,2,1.5454545454545454,Normal,0,-1,LOG4J
69,48,7,0,0,25,0.0,0.3623188405797101,0,12,72,700,397,0,200,55,2,0.7971014492753623,Directory Traversal,0,-1,Directory Traversal
33,12,1,0,0,8,0.0,0.2424242424242424,0,14,77,1030,397,0,302,211,4,6.393939393939394,Cookie Injection,1,-1,Cookie Injection
104,11,2,2,2,20,0.0192307692307692,0.1923076923076923,71,12,68,705,397,0,401,26,2,0.25,SQL Injection,0,-1,SQL Injection
113,11,2,2,2,20,0.0176991150442477,0.1769911504424778,80,12,65,713,397,0,401,26,2,0.2300884955752212,SQL Injection,0,-1,SQL Injection
77,56,11,0,0,34,0.0,0.4415584415584415,0,12,72,711,397,0,200,63,2,0.8181818181818182,Directory Traversal,0,-1,Directory Traversal
30,9,2,0,0,9,0.0,0.3,0,12,112,864,397,0,308,249,3,8.3,LOG4J,0,-1,LOG4J
22,1,0,0,0,8,0.0,0.3636363636363636,0,12,77,705,397,0,200,34,2,1.5454545454545454,Normal,0,-1,LOG4J
39,18,2,0,0,10,0.0,0.2564102564102564,0,12,102,741,397,0,200,3719,2,95.35897435897436,Normal,0,-1,LOG4J
102,11,2,2,2,20,0.0196078431372549,0.196078431372549,69,12,106,743,397,0,401,26,2,0.2549019607843137,SQL Injection,0,-1,SQL Injection
109,88,2,0,4,35,0.036697247706422,0.3211009174311927,0,12,112,758,397,0,200,48,2,0.4403669724770642,RCE,0,-1,RCE
113,11,2,2,2,20,0.0176991150442477,0.1769911504424778,80,12,65,702,397,0,401,26,2,0.2300884955752212,SQL Injection,0,-1,SQL Injection
113,92,2,0,5,32,0.0442477876106194,0.2831858407079646,0,12,82,712,397,0,200,20,2,0.1769911504424778,RCE,0,-1,RCE
33,12,1,0,0,8,0.0,0.2424242424242424,0,14,65,1006,397,0,302,211,4,6.393939393939394,Cookie Injection,1,-1,Cookie Injection
96,19,3,1,4,22,0.0416666666666666,0.2291666666666666,55,12,107,734,397,0,200,49565,2,516.3020833333334,SQL Injection,0,-1,SQL Injection
74,53,10,0,0,31,0.0,0.4189189189189189,0,12,68,695,397,0,200,60,2,0.8108108108108109,Directory Traversal,0,-1,Directory Traversal
113,92,2,0,5,32,0.0442477876106194,0.2831858407079646,0,12,65,690,397,0,200,20,2,0.1769911504424778,RCE,0,-1,RCE
83,20,3,1,4,17,0.0481927710843373,0.2048192771084337,41,12,65,704,397,0,401,41,2,0.4939759036144578,Log Forging,0,-1,Log Forging
78,57,4,0,8,21,0.1025641025641025,0.2692307692307692,0,12,100,725,397,0,200,50,2,0.6410256410256411,RCE,0,-1,RCE
107,11,2,2,2,20,0.0186915887850467,0.1869158878504672,74,12,76,701,397,0,401,26,2,0.2429906542056074,SQL Injection,0,-1,SQL Injection
39,18,2,0,0,10,0.0,0.2564102564102564,0,12,107,735,397,0,200,3719,2,95.35897435897436,Normal,0,-1,LOG4J
78,57,10,0,0,34,0.0,0.4358974358974359,0,12,108,736,397,0,200,64,2,0.8205128205128205,Directory Traversal,0,-1,Directory Traversal
22,1,0,0,0,8,0.0,0.3636363636363636,0,12,107,732,397,0,200,34,2,1.5454545454545454,Normal,0,-1,LOG4J
85,20,3,1,3,16,0.0352941176470588,0.188235294117647,43,12,68,698,397,0,401,41,2,0.4823529411764706,Log Forging,0,-1,Log Forging
44,23,4,0,0,11,0.0,0.25,0,12,81,775,397,0,200,3320,2,75.45454545454545,LOG4J,0,-1,LOG4J
71,50,9,0,0,28,0.0,0.3943661971830985,0,12,101,729,397,0,200,57,2,0.8028169014084507,Directory Traversal,0,-1,Directory Traversal
44,23,4,0,0,11,0.0,0.25,0,12,99,764,397,0,200,3320,2,75.45454545454545,LOG4J,0,-1,LOG4J
77,20,3,1,3,16,0.0389610389610389,0.2077922077922078,35,12,72,697,397,0,401,41,2,0.5324675324675324,Log Forging,0,-1,Log Forging
30,9,2,0,0,9,0.0,0.3,0,12,65,702,397,0,308,249,3,8.3,Normal,0,-1,LOG4J
82,20,3,1,3,16,0.0365853658536585,0.1951219512195122,40,12,77,725,397,0,401,41,2,0.5,Log Forging,0,-1,Log Forging
74,20,3,1,3,16,0.0405405405405405,0.2162162162162162,32,12,68,696,397,0,401,41,2,0.5540540540540541,Log Forging,0,-1,Log Forging
82,20,3,1,3,16,0.0365853658536585,0.1951219512195122,40,12,72,699,397,0,401,41,2,0.5,Log Forging,0,-1,Log Forging
30,9,2,0,0,9,0.0,0.3,0,12,111,738,397,0,308,249,3,8.3,Normal,0,-1,LOG4J
75,54,9,0,0,31,0.0,0.4133333333333333,0,12,66,714,397,0,200,61,2,0.8133333333333334,Directory Traversal,0,-1,Directory Traversal
22,1,0,0,0,8,0.0,0.3636363636363636,0,12,111,738,397,0,200,34,2,1.5454545454545454,Normal,0,-1,LOG4J
109,88,2,0,4,35,0.036697247706422,0.3211009174311927,0,12,107,734,397,0,200,48,2,0.4403669724770642,RCE,0,-1,RCE
113,92,2,0,5,32,0.0442477876106194,0.2831858407079646,0,12,107,746,397,0,200,20,2,0.1769911504424778,RCE,0,-1,RCE
84,20,3,1,4,17,0.0476190476190476,0.2023809523809523,42,12,81,709,397,0,401,41,2,0.4880952380952381,Log Forging,0,-1,Log Forging
68,47,8,0,0,25,0.0,0.3676470588235294,0,12,119,767,397,0,200,54,2,0.7941176470588235,Directory Traversal,0,-1,Directory Traversal
81,20,3,1,3,16,0.037037037037037,0.1975308641975308,39,12,72,699,397,0,401,41,2,0.5061728395061729,Log Forging,0,-1,Log Forging
30,9,2,0,0,9,0.0,0.3,0,12,65,695,397,0,308,249,3,8.3,Normal,0,-1,LOG4J
78,57,4,0,8,21,0.1025641025641025,0.2692307692307692,0,12,112,758,397,0,200,50,2,0.6410256410256411,RCE,0,-1,RCE
112,11,2,2,2,20,0.0178571428571428,0.1785714285714285,79,12,69,694,397,0,401,26,2,0.2321428571428571,SQL Injection,0,-1,SQL Injection
33,12,2,0,0,9,0.0,0.2727272727272727,0,12,121,748,397,0,200,1619,2,49.06060606060606,Normal,0,-1,LOG4J
78,20,3,1,3,16,0.0384615384615384,0.2051282051282051,36,12,112,737,397,0,401,41,2,0.5256410256410257,Log Forging,0,-1,Log Forging
69,48,5,0,0,14,0.0,0.2028985507246377,0,12,107,755,397,0,404,207,2,3.0,Normal,0,-1,LOG4J
69,48,5,0,0,14,0.0,0.2028985507246377,0,12,111,750,397,0,404,207,2,3.0,Normal,0,-1,LOG4J
33,12,1,0,0,8,0.0,0.2424242424242424,0,14,82,1035,397,0,302,211,4,6.393939393939394,Cookie Injection,1,-1,Cookie Injection
109,88,2,0,4,35,0.036697247706422,0.3211009174311927,0,12,72,700,397,0,200,48,2,0.4403669724770642,RCE,0,-1,RCE
117,11,2,2,2,20,0.017094017094017,0.1709401709401709,84,12,119,747,397,0,401,26,2,0.2222222222222222,SQL Injection,0,-1,SQL Injection
22,1,0,0,0,8,0.0,0.3636363636363636,0,12,72,702,397,0,200,34,2,1.5454545454545454,Normal,0,-1,LOG4J
109,88,2,0,4,35,0.036697247706422,0.3211009174311927,0,12,105,751,397,0,200,48,2,0.4403669724770642,RCE,0,-1,RCE
33,12,1,0,0,8,0.0,0.2424242424242424,0,14,102,1041,397,0,302,211,4,6.393939393939394,Cookie Injection,1,-1,Cookie Injection
33,12,1,0,0,8,0.0,0.2424242424242424,0,14,108,1061,397,0,302,211,4,6.393939393939394,Cookie Injection,1,-1,Cookie Injection
33,12,1,0,0,8,0.0,0.2424242424242424,0,14,102,1041,397,0,302,211,4,6.393939393939394,Cookie Injection,1,-1,Cookie Injection
104,11,2,2,2,20,0.0192307692307692,0.1923076923076923,71,12,81,720,397,0,401,26,2,0.25,SQL Injection,0,-1,SQL Injection
83,62,13,0,0,40,0.0,0.4819277108433735,0,12,77,704,397,0,200,69,2,0.8313253012048193,Directory Traversal,0,-1,Directory Traversal
109,88,2,0,4,35,0.036697247706422,0.3211009174311927,0,12,82,721,397,0,200,48,2,0.4403669724770642,RCE,0,-1,RCE
33,12,1,0,0,8,0.0,0.2424242424242424,0,14,100,1042,397,0,302,211,4,6.393939393939394,Cookie Injection,1,-1,Cookie Injection
33,12,1,0,0,8,0.0,0.2424242424242424,0,14,76,1038,397,0,302,211,4,6.393939393939394,Cookie Injection,1,-1,Cookie Injection
69,48,5,0,0,14,0.0,0.2028985507246377,0,12,77,704,397,0,404,207,2,3.0,Normal,0,-1,LOG4J
33,12,1,0,0,8,0.0,0.2424242424242424,0,14,72,1013,397,0,302,211,4,6.393939393939394,Cookie Injection,1,-1,Cookie Injection
113,92,2,0,5,32,0.0442477876106194,0.2831858407079646,0,12,76,724,397,0,200,20,2,0.1769911504424778,RCE,0,-1,RCE
22,1,0,0,0,8,0.0,0.3636363636363636,0,12,69,694,397,0,200,34,2,1.5454545454545454,Normal,0,-1,LOG4J
113,92,2,0,5,32,0.0442477876106194,0.2831858407079646,0,12,82,730,397,0,200,20,2,0.1769911504424778,RCE,0,-1,RCE
96,19,3,1,4,22,0.0416666666666666,0.2291666666666666,55,12,72,720,397,0,200,49565,2,516.3020833333334,SQL Injection,0,-1,SQL Injection
77,56,11,0,0,34,0.0,0.4415584415584415,0,12,102,739,397,0,200,63,2,0.8181818181818182,Directory Traversal,0,-1,Directory Traversal
77,20,3,1,3,16,0.0389610389610389,0.2077922077922078,35,12,65,693,397,0,401,41,2,0.5324675324675324,Log Forging,0,-1,Log Forging
99,11,2,2,2,20,0.0202020202020202,0.202020202020202,66,12,68,705,397,0,401,26,2,0.2626262626262626,SQL Injection,0,-1,SQL Injection
45,24,4,0,0,11,0.0,0.2444444444444444,0,12,68,693,397,0,200,3320,2,73.77777777777777,Normal,0,-1,LOG4J
113,92,2,0,5,32,0.0442477876106194,0.2831858407079646,0,12,112,740,397,0,200,20,2,0.1769911504424778,RCE,0,-1,RCE
116,11,2,2,2,20,0.0172413793103448,0.1724137931034483,83,12,99,736,397,0,401,26,2,0.2241379310344827,SQL Injection,0,-1,SQL Injection
117,11,2,2,2,20,0.017094017094017,0.1709401709401709,84,12,72,702,397,0,401,26,2,0.2222222222222222,SQL Injection,0,-1,SQL Injection
33,12,1,0,0,8,0.0,0.2424242424242424,0,14,82,1029,397,0,302,211,4,6.393939393939394,Cookie Injection,1,-1,Cookie Injection
79,20,3,1,3,16,0.0379746835443038,0.2025316455696202,37,12,119,747,397,0,401,41,2,0.5189873417721519,Log Forging,0,-1,Log Forging
33,12,2,0,0,9,0.0,0.2727272727272727,0,12,99,820,397,0,200,1619,2,49.06060606060606,LOG4J,0,-1,LOG4J
22,1,0,0,0,8,0.0,0.3636363636363636,0,12,65,690,397,0,200,34,2,1.5454545454545454,Normal,0,-1,LOG4J
33,12,1,0,0,8,0.0,0.2424242424242424,0,14,66,1005,397,0,302,211,4,6.393939393939394,Cookie Injection,1,-1,Cookie Injection
78,57,4,0,8,21,0.1025641025641025,0.2692307692307692,0,12,100,728,397,0,200,50,2,0.6410256410256411,RCE,0,-1,RCE
33,12,1,0,0,8,0.0,0.2424242424242424,0,14,69,1018,397,0,302,211,4,6.393939393939394,Cookie Injection,1,-1,Cookie Injection
75,54,9,0,0,31,0.0,0.4133333333333333,0,12,66,705,397,0,200,61,2,0.8133333333333334,Directory Traversal,0,-1,Directory Traversal
105,11,2,2,2,20,0.019047619047619,0.1904761904761904,72,12,77,723,397,0,401,26,2,0.2476190476190476,SQL Injection,0,-1,SQL Injection
77,20,3,1,3,16,0.0389610389610389,0.2077922077922078,35,12,81,720,397,0,401,41,2,0.5324675324675324,Log Forging,0,-1,Log Forging
33,12,1,0,0,8,0.0,0.2424242424242424,0,14,107,1060,397,0,302,211,4,6.393939393939394,Cookie Injection,1,-1,Cookie Injection
22,1,0,0,0,8,0.0,0.3636363636363636,0,12,76,704,397,0,200,34,2,1.5454545454545454,Normal,0,-1,LOG4J
33,12,1,0,0,8,0.0,0.2424242424242424,0,14,119,1066,397,0,302,211,4,6.393939393939394,Cookie Injection,1,-1,Cookie Injection
89,19,3,1,4,21,0.0449438202247191,0.2359550561797752,48,12,72,711,397,0,200,307960,2,3460.224719101124,SQL Injection,0,-1,SQL Injection
78,57,4,0,8,21,0.1025641025641025,0.2692307692307692,0,12,81,709,397,0,200,50,2,0.6410256410256411,RCE,0,-1,RCE
39,18,2,0,0,10,0.0,0.2564102564102564,0,12,121,749,397,0,200,3719,2,95.35897435897436,Normal,0,-1,LOG4J
101,11,2,2,2,20,0.0198019801980198,0.198019801980198,68,12,107,753,397,0,401,26,2,0.2574257425742574,SQL Injection,0,-1,SQL Injection
68,47,8,0,0,25,0.0,0.3676470588235294,0,12,121,760,397,0,200,54,2,0.7941176470588235,Directory Traversal,0,-1,Directory Traversal
115,11,2,2,2,20,0.017391304347826,0.1739130434782608,82,12,82,709,397,0,401,26,2,0.2260869565217391,SQL Injection,0,-1,SQL Injection
89,19,3,1,4,21,0.0449438202247191,0.2359550561797752,48,12,100,727,397,0,200,307960,2,3460.224719101124,SQL Injection,0,-1,SQL Injection
45,24,4,0,0,11,0.0,0.2444444444444444,0,12,72,720,397,0,200,3320,2,73.77777777777777,Normal,0,-1,LOG4J
33,12,1,0,0,8,0.0,0.2424242424242424,0,14,100,1053,397,0,302,211,4,6.393939393939394,Cookie Injection,1,-1,Cookie Injection
84,20,3,1,4,17,0.0476190476190476,0.2023809523809523,42,12,68,695,397,0,401,41,2,0.4880952380952381,Log Forging,0,-1,Log Forging
68,47,8,0,0,25,0.0,0.3676470588235294,0,12,99,747,397,0,200,54,2,0.7941176470588235,Directory Traversal,0,-1,Directory Traversal
81,60,11,0,0,37,0.0,0.4567901234567901,0,12,100,748,397,0,200,67,2,0.8271604938271605,Directory Traversal,0,-1,Directory Traversal
110,11,2,2,2,20,0.0181818181818181,0.1818181818181818,77,12,82,728,397,0,401,26,2,0.2363636363636363,SQL Injection,0,-1,SQL Injection
22,1,0,0,0,8,0.0,0.3636363636363636,0,12,69,694,397,0,200,34,2,1.5454545454545454,Normal,0,-1,LOG4J
113,92,2,0,5,32,0.0442477876106194,0.2831858407079646,0,12,81,720,397,0,200,20,2,0.1769911504424778,RCE,0,-1,RCE
69,48,7,0,0,25,0.0,0.3623188405797101,0,12,69,717,397,0,200,55,2,0.7971014492753623,Directory Traversal,0,-1,Directory Traversal
83,20,3,1,4,17,0.0481927710843373,0.2048192771084337,41,12,65,692,397,0,401,41,2,0.4939759036144578,Log Forging,0,-1,Log Forging
83,62,13,0,0,40,0.0,0.4819277108433735,0,12,107,734,397,0,200,69,2,0.8313253012048193,Directory Traversal,0,-1,Directory Traversal
69,48,5,0,0,14,0.0,0.2028985507246377,0,12,68,693,397,0,404,207,2,3.0,Normal,0,-1,LOG4J
111,11,2,2,2,20,0.018018018018018,0.1801801801801801,78,12,107,734,397,0,401,26,2,0.2342342342342342,SQL Injection,0,-1,SQL Injection
110,11,2,2,2,20,0.0181818181818181,0.1818181818181818,77,12,100,725,397,0,401,26,2,0.2363636363636363,SQL Injection,0,-1,SQL Injection
96,19,3,1,4,22,0.0416666666666666,0.2291666666666666,55,12,77,704,397,0,200,49565,2,516.3020833333334,SQL Injection,0,-1,SQL Injection
125,11,2,2,2,20,0.016,0.16,92,12,106,752,397,0,401,26,2,0.208,SQL Injection,0,-1,SQL Injection
78,57,4,0,8,21,0.1025641025641025,0.2692307692307692,0,12,77,723,397,0,200,50,2,0.6410256410256411,RCE,0,-1,RCE
102,11,2,2,2,20,0.0196078431372549,0.196078431372549,69,12,69,708,397,0,401,26,2,0.2549019607843137,SQL Injection,0,-1,SQL Injection
84,63,12,0,0,40,0.0,0.4761904761904761,0,12,119,765,397,0,200,70,2,0.8333333333333334,Directory Traversal,0,-1,Directory Traversal
96,19,3,1,4,22,0.0416666666666666,0.2291666666666666,55,12,107,732,397,0,200,49565,2,516.3020833333334,SQL Injection,0,-1,SQL Injection
116,11,2,2,2,20,0.0172413793103448,0.1724137931034483,83,12,105,732,397,0,401,26,2,0.2241379310344827,SQL Injection,0,-1,SQL Injection
33,12,1,0,0,8,0.0,0.2424242424242424,0,14,72,1016,397,0,302,211,4,6.393939393939394,Cookie Injection,1,-1,Cookie Injection
112,11,2,2,2,20,0.0178571428571428,0.1785714285714285,79,12,77,704,397,0,401,26,2,0.2321428571428571,SQL Injection,0,-1,SQL Injection
113,92,2,0,5,32,0.0442477876106194,0.2831858407079646,0,12,81,706,397,0,200,20,2,0.1769911504424778,RCE,0,-1,RCE
112,11,2,2,2,20,0.0178571428571428,0.1785714285714285,79,12,107,732,397,0,401,26,2,0.2321428571428571,SQL Injection,0,-1,SQL Injection
69,48,5,0,0,14,0.0,0.2028985507246377,0,12,72,720,397,0,404,207,2,3.0,Normal,0,-1,LOG4J
77,20,3,1,3,16,0.0389610389610389,0.2077922077922078,35,12,77,702,397,0,401,41,2,0.5324675324675324,Log Forging,0,-1,Log Forging
33,12,2,0,0,9,0.0,0.2727272727272727,0,12,121,769,397,0,200,1449,2,43.90909090909091,Normal,0,-1,LOG4J
22,1,0,0,0,8,0.0,0.3636363636363636,0,12,102,750,397,0,200,34,2,1.5454545454545454,Normal,0,-1,LOG4J
45,24,4,0,0,11,0.0,0.2444444444444444,0,12,82,712,397,0,200,3320,2,73.77777777777777,Normal,0,-1,LOG4J
104,11,2,2,2,20,0.0192307692307692,0.1923076923076923,71,12,107,753,397,0,401,26,2,0.25,SQL Injection,0,-1,SQL Injection
45,24,4,0,0,11,0.0,0.2444444444444444,0,12,108,736,397,0,200,3320,2,73.77777777777777,Normal,0,-1,LOG4J
33,12,1,0,0,8,0.0,0.2424242424242424,0,14,68,1007,397,0,302,211,4,6.393939393939394,Cookie Injection,1,-1,Cookie Injection
30,9,2,0,0,9,0.0,0.3,0,12,111,736,397,0,308,249,3,8.3,Normal,0,-1,LOG4J
113,92,2,0,5,32,0.0442477876106194,0.2831858407079646,0,12,105,730,397,0,200,20,2,0.1769911504424778,RCE,0,-1,RCE
78,20,3,1,3,16,0.0384615384615384,0.2051282051282051,36,12,77,704,397,0,401,41,2,0.5256410256410257,Log Forging,0,-1,Log Forging
69,48,5,0,0,14,0.0,0.2028985507246377,0,12,81,718,397,0,404,207,2,3.0,Normal,0,-1,LOG4J
72,51,8,0,0,28,0.0,0.3888888888888889,0,12,72,718,397,0,200,58,2,0.8055555555555556,Directory Traversal,0,-1,Directory Traversal
113,92,2,0,5,32,0.0442477876106194,0.2831858407079646,0,12,107,734,397,0,200,20,2,0.1769911504424778,RCE,0,-1,RCE
107,11,2,2,2,20,0.0186915887850467,0.1869158878504672,74,12,100,730,397,0,401,26,2,0.2429906542056074,SQL Injection,0,-1,SQL Injection
105,11,2,2,2,20,0.019047619047619,0.1904761904761904,72,12,121,751,397,0,401,26,2,0.2476190476190476,SQL Injection,0,-1,SQL Injection
78,20,3,1,3,16,0.0384615384615384,0.2051282051282051,36,12,121,760,397,0,401,41,2,0.5256410256410257,Log Forging,0,-1,Log Forging
113,92,2,0,5,32,0.0442477876106194,0.2831858407079646,0,12,119,746,397,0,200,20,2,0.1769911504424778,RCE,0,-1,RCE
78,20,3,1,3,16,0.0384615384615384,0.2051282051282051,36,12,66,694,397,0,401,41,2,0.5256410256410257,Log Forging,0,-1,Log Forging
83,62,13,0,0,40,0.0,0.4819277108433735,0,12,76,701,397,0,200,69,2,0.8313253012048193,Directory Traversal,0,-1,Directory Traversal
30,9,2,0,0,9,0.0,0.3,0,12,65,692,397,0,308,249,3,8.3,Normal,0,-1,LOG4J
33,12,1,0,0,8,0.0,0.2424242424242424,0,14,106,1050,397,0,302,211,4,6.393939393939394,Cookie Injection,1,-1,Cookie Injection
74,53,10,0,0,31,0.0,0.4189189189189189,0,12,119,758,397,0,200,60,2,0.8108108108108109,Directory Traversal,0,-1,Directory Traversal
78,57,4,0,8,21,0.1025641025641025,0.2692307692307692,0,12,76,701,397,0,200,50,2,0.6410256410256411,RCE,0,-1,RCE
33,12,1,0,0,8,0.0,0.2424242424242424,0,14,66,1018,397,0,302,211,4,6.393939393939394,Cookie Injection,1,-1,Cookie Injection
22,1,0,0,0,8,0.0,0.3636363636363636,0,12,106,731,397,0,200,34,2,1.5454545454545454,Normal,0,-1,LOG4J
109,88,2,0,4,35,0.036697247706422,0.3211009174311927,0,12,102,732,397,0,200,48,2,0.4403669724770642,RCE,0,-1,RCE
105,11,2,2,2,20,0.019047619047619,0.1904761904761904,72,12,107,755,397,0,401,26,2,0.2476190476190476,SQL Injection,0,-1,SQL Injection
71,50,9,0,0,28,0.0,0.3943661971830985,0,12,107,744,397,0,200,57,2,0.8028169014084507,Directory Traversal,0,-1,Directory Traversal
78,57,4,0,8,21,0.1025641025641025,0.2692307692307692,0,12,100,739,397,0,200,50,2,0.6410256410256411,RCE,0,-1,RCE
22,1,0,0,0,8,0.0,0.3636363636363636,0,12,65,897,590,0,200,34,2,1.5454545454545454,LOG4J,0,-1,LOG4J
100,11,2,2,2,20,0.02,0.2,67,12,77,723,397,0,401,26,2,0.26,SQL Injection,0,-1,SQL Injection
109,11,2,2,2,20,0.018348623853211,0.1834862385321101,76,12,119,767,397,0,401,26,2,0.2385321100917431,SQL Injection,0,-1,SQL Injection
22,1,0,0,0,8,0.0,0.3636363636363636,0,12,106,752,397,0,200,34,2,1.5454545454545454,Normal,0,-1,LOG4J
103,11,2,2,2,20,0.0194174757281553,0.1941747572815534,70,12,72,700,397,0,401,26,2,0.2524271844660194,SQL Injection,0,-1,SQL Injection
33,12,1,0,0,8,0.0,0.2424242424242424,0,14,100,1068,397,0,302,211,4,6.393939393939394,Cookie Injection,1,-1,Cookie Injection
81,60,11,0,0,37,0.0,0.4567901234567901,0,12,103,728,397,0,200,67,2,0.8271604938271605,Directory Traversal,0,-1,Directory Traversal
33,12,1,0,0,8,0.0,0.2424242424242424,0,14,105,1075,397,0,302,211,4,6.393939393939394,Cookie Injection,1,-1,Cookie Injection
84,20,3,1,4,17,0.0476190476190476,0.2023809523809523,42,12,77,725,397,0,401,41,2,0.4880952380952381,Log Forging,0,-1,Log Forging
109,11,2,2,2,20,0.018348623853211,0.1834862385321101,76,12,111,738,397,0,401,26,2,0.2385321100917431,SQL Injection,0,-1,SQL Injection
33,12,1,0,0,8,0.0,0.2424242424242424,0,14,100,1039,397,0,302,211,4,6.393939393939394,Cookie Injection,1,-1,Cookie Injection
69,48,5,0,0,14,0.0,0.2028985507246377,0,12,119,767,397,0,404,207,2,3.0,Normal,0,-1,LOG4J
33,12,1,0,0,8,0.0,0.2424242424242424,0,14,66,1007,397,0,302,211,4,6.393939393939394,Cookie Injection,1,-1,Cookie Injection
105,11,2,2,2,20,0.019047619047619,0.1904761904761904,72,12,119,767,397,0,401,26,2,0.2476190476190476,SQL Injection,0,-1,SQL Injection
74,53,10,0,0,31,0.0,0.4189189189189189,0,12,107,746,397,0,200,60,2,0.8108108108108109,Directory Traversal,0,-1,Directory Traversal
22,1,0,0,0,8,0.0,0.3636363636363636,0,12,77,725,397,0,200,34,2,1.5454545454545454,Normal,0,-1,LOG4J
22,1,0,0,0,8,0.0,0.3636363636363636,0,12,77,705,397,0,200,34,2,1.5454545454545454,Normal,0,-1,LOG4J
89,19,3,1,4,21,0.0449438202247191,0.2359550561797752,48,12,99,727,397,0,200,307960,2,3460.224719101124,SQL Injection,0,-1,SQL Injection
118,11,2,2,2,20,0.0169491525423728,0.1694915254237288,85,12,66,712,397,0,401,26,2,0.2203389830508474,SQL Injection,0,-1,SQL Injection
89,19,3,1,4,21,0.0449438202247191,0.2359550561797752,48,12,107,746,397,0,200,307960,2,3460.224719101124,SQL Injection,0,-1,SQL Injection
113,92,2,0,5,32,0.0442477876106194,0.2831858407079646,0,12,72,711,397,0,200,20,2,0.1769911504424778,RCE,0,-1,RCE
71,50,9,0,0,28,0.0,0.3943661971830985,0,12,105,730,397,0,200,57,2,0.8028169014084507,Directory Traversal,0,-1,Directory Traversal
78,57,4,0,8,21,0.1025641025641025,0.2692307692307692,0,12,107,732,397,0,200,50,2,0.6410256410256411,RCE,0,-1,RCE
39,18,2,0,0,10,0.0,0.2564102564102564,0,12,77,704,397,0,200,3719,2,95.35897435897436,Normal,0,-1,LOG4J
22,1,0,0,0,8,0.0,0.3636363636363636,0,12,66,712,397,0,200,34,2,1.5454545454545454,Normal,0,-1,LOG4J
78,57,4,0,8,21,0.1025641025641025,0.2692307692307692,0,12,100,727,397,0,200,50,2,0.6410256410256411,RCE,0,-1,RCE
69,48,5,0,0,14,0.0,0.2028985507246377,0,12,112,737,397,0,404,207,2,3.0,Normal,0,-1,LOG4J
113,92,2,0,5,32,0.0442477876106194,0.2831858407079646,0,12,119,767,397,0,200,20,2,0.1769911504424778,RCE,0,-1,RCE
100,11,2,2,2,20,0.02,0.2,67,12,100,725,397,0,401,26,2,0.26,SQL Injection,0,-1,SQL Injection
75,54,9,0,0,31,0.0,0.4133333333333333,0,12,69,717,397,0,200,61,2,0.8133333333333334,Directory Traversal,0,-1,Directory Traversal
74,20,3,1,3,16,0.0405405405405405,0.2162162162162162,32,12,72,697,397,0,401,41,2,0.5540540540540541,Log Forging,0,-1,Log Forging
22,1,0,0,0,8,0.0,0.3636363636363636,0,12,103,728,397,0,200,34,2,1.5454545454545454,Normal,0,-1,LOG4J
22,1,0,0,0,8,0.0,0.3636363636363636,0,12,72,700,397,0,200,34,2,1.5454545454545454,Normal,0,-1,LOG4J
104,11,2,2,2,20,0.0192307692307692,0.1923076923076923,71,12,65,704,397,0,401,26,2,0.25,SQL Injection,0,-1,SQL Injection
106,11,2,2,2,20,0.0188679245283018,0.1886792452830188,73,12,112,751,397,0,401,26,2,0.2452830188679245,SQL Injection,0,-1,SQL Injection
80,20,3,1,3,16,0.0375,0.2,38,12,69,715,397,0,401,41,2,0.5125,Log Forging,0,-1,Log Forging
77,56,11,0,0,34,0.0,0.4415584415584415,0,12,107,737,397,0,200,63,2,0.8181818181818182,Directory Traversal,0,-1,Directory Traversal
107,11,2,2,2,20,0.0186915887850467,0.1869158878504672,74,12,100,725,397,0,401,26,2,0.2429906542056074,SQL Injection,0,-1,SQL Injection
109,88,2,0,4,35,0.036697247706422,0.3211009174311927,0,12,72,720,397,0,200,48,2,0.4403669724770642,RCE,0,-1,RCE
77,20,3,1,3,16,0.0389610389610389,0.2077922077922078,35,12,112,749,397,0,401,41,2,0.5324675324675324,Log Forging,0,-1,Log Forging
74,53,10,0,0,31,0.0,0.4189189189189189,0,12,66,691,397,0,200,60,2,0.8108108108108109,Directory Traversal,0,-1,Directory Traversal
80,20,3,1,3,16,0.0375,0.2,38,12,99,747,397,0,401,41,2,0.5125,Log Forging,0,-1,Log Forging
84,63,12,0,0,40,0.0,0.4761904761904761,0,12,72,711,397,0,200,70,2,0.8333333333333334,Directory Traversal,0,-1,Directory Traversal
44,23,4,0,0,11,0.0,0.25,0,12,66,694,397,0,200,3320,2,75.45454545454545,Normal,0,-1,LOG4J
83,20,3,1,4,17,0.0481927710843373,0.2048192771084337,41,12,107,753,397,0,401,41,2,0.4939759036144578,Log Forging,0,-1,Log Forging
89,19,3,1,4,21,0.0449438202247191,0.2359550561797752,48,12,100,737,397,0,200,307960,2,3460.224719101124,SQL Injection,0,-1,SQL Injection
33,12,1,0,0,8,0.0,0.2424242424242424,0,14,107,1051,397,0,302,211,4,6.393939393939394,Cookie Injection,1,-1,Cookie Injection
109,88,2,0,4,35,0.036697247706422,0.3211009174311927,0,12,99,724,397,0,200,48,2,0.4403669724770642,RCE,0,-1,RCE
113,92,2,0,5,32,0.0442477876106194,0.2831858407079646,0,12,68,696,397,0,200,20,2,0.1769911504424778,RCE,0,-1,RCE
77,20,3,1,3,16,0.0389610389610389,0.2077922077922078,35,12,72,709,397,0,401,41,2,0.5324675324675324,Log Forging,0,-1,Log Forging
96,19,3,1,4,22,0.0416666666666666,0.2291666666666666,55,12,107,735,397,0,200,49565,2,516.3020833333334,SQL Injection,0,-1,SQL Injection
96,19,3,1,4,22,0.0416666666666666,0.2291666666666666,55,12,66,693,397,0,200,49565,2,516.3020833333334,SQL Injection,0,-1,SQL Injection
30,9,2,0,0,9,0.0,0.3,0,12,72,697,397,0,308,249,3,8.3,Normal,0,-1,LOG4J
22,1,0,0,0,8,0.0,0.3636363636363636,0,12,101,729,397,0,200,34,2,1.5454545454545454,Normal,0,-1,LOG4J
107,11,2,2,2,20,0.0186915887850467,0.1869158878504672,74,12,77,702,397,0,401,26,2,0.2429906542056074,SQL Injection,0,-1,SQL Injection
78,57,4,0,8,21,0.1025641025641025,0.2692307692307692,0,12,119,749,397,0,200,50,2,0.6410256410256411,RCE,0,-1,RCE
30,9,2,0,0,9,0.0,0.3,0,12,107,755,397,0,308,249,3,8.3,Normal,0,-1,LOG4J
108,11,2,2,2,20,0.0185185185185185,0.1851851851851851,75,12,99,727,397,0,401,26,2,0.2407407407407407,SQL Injection,0,-1,SQL Injection
77,56,11,0,0,34,0.0,0.4415584415584415,0,12,65,690,397,0,200,63,2,0.8181818181818182,Directory Traversal,0,-1,Directory Traversal
105,11,2,2,2,20,0.019047619047619,0.1904761904761904,72,12,76,724,397,0,401,26,2,0.2476190476190476,SQL Injection,0,-1,SQL Injection
33,12,1,0,0,8,0.0,0.2424242424242424,0,14,107,1049,397,0,302,211,4,6.393939393939394,Cookie Injection,1,-1,Cookie Injection
33,12,1,0,0,8,0.0,0.2424242424242424,0,14,100,1061,397,0,302,211,4,6.393939393939394,Cookie Injection,1,-1,Cookie Injection
84,20,3,1,4,17,0.0476190476190476,0.2023809523809523,42,12,65,695,397,0,401,41,2,0.4880952380952381,Log Forging,0,-1,Log Forging
33,12,1,0,0,8,0.0,0.2424242424242424,0,14,72,1023,397,0,302,211,4,6.393939393939394,Cookie Injection,1,-1,Cookie Injection
96,19,3,1,4,22,0.0416666666666666,0.2291666666666666,55,12,111,759,397,0,200,49565,2,516.3020833333334,SQL Injection,0,-1,SQL Injection
110,11,2,2,2,20,0.0181818181818181,0.1818181818181818,77,12,77,704,397,0,401,26,2,0.2363636363636363,SQL Injection,0,-1,SQL Injection
80,20,3,1,3,16,0.0375,0.2,38,12,65,692,397,0,401,41,2,0.5125,Log Forging,0,-1,Log Forging
111,11,2,2,2,20,0.018018018018018,0.1801801801801801,78,12,107,735,397,0,401,26,2,0.2342342342342342,SQL Injection,0,-1,SQL Injection
33,12,1,0,0,8,0.0,0.2424242424242424,0,14,107,1049,397,0,302,211,4,6.393939393939394,Cookie Injection,1,-1,Cookie Injection
22,1,0,0,0,8,0.0,0.3636363636363636,0,12,108,736,397,0,200,34,2,1.5454545454545454,Normal,0,-1,LOG4J
39,18,2,0,0,10,0.0,0.2564102564102564,0,12,119,767,397,0,200,2071,2,53.1025641025641,Normal,0,-1,LOG4J
78,57,4,0,8,21,0.1025641025641025,0.2692307692307692,0,12,112,760,397,0,200,50,2,0.6410256410256411,RCE,0,-1,RCE
33,12,1,0,0,8,0.0,0.2424242424242424,0,14,121,1062,397,0,302,211,4,6.393939393939394,Cookie Injection,1,-1,Cookie Injection
113,92,2,0,5,32,0.0442477876106194,0.2831858407079646,0,12,77,716,397,0,200,20,2,0.1769911504424778,RCE,0,-1,RCE
68,47,8,0,0,25,0.0,0.3676470588235294,0,12,101,738,397,0,200,54,2,0.7941176470588235,Directory Traversal,0,-1,Directory Traversal
81,60,11,0,0,37,0.0,0.4567901234567901,0,12,100,728,397,0,200,67,2,0.8271604938271605,Directory Traversal,0,-1,Directory Traversal
76,20,3,1,3,16,0.0394736842105263,0.2105263157894736,34,12,72,718,397,0,401,41,2,0.5394736842105263,Log Forging,0,-1,Log Forging
110,11,2,2,2,20,0.0181818181818181,0.1818181818181818,77,12,107,734,397,0,401,26,2,0.2363636363636363,SQL Injection,0,-1,SQL Injection
33,12,1,0,0,8,0.0,0.2424242424242424,0,14,77,1019,397,0,302,211,4,6.393939393939394,Cookie Injection,1,-1,Cookie Injection
80,59,12,0,0,37,0.0,0.4625,0,12,77,723,397,0,200,66,2,0.825,Directory Traversal,0,-1,Directory Traversal
69,48,5,0,0,14,0.0,0.2028985507246377,0,12,82,721,397,0,404,207,2,3.0,Normal,0,-1,LOG4J
78,57,4,0,8,21,0.1025641025641025,0.2692307692307692,0,12,77,707,397,0,200,50,2,0.6410256410256411,RCE,0,-1,RCE
112,11,2,2,2,20,0.0178571428571428,0.1785714285714285,79,12,107,755,397,0,401,26,2,0.2321428571428571,SQL Injection,0,-1,SQL Injection
116,11,2,2,2,20,0.0172413793103448,0.1724137931034483,83,12,119,747,397,0,401,26,2,0.2241379310344827,SQL Injection,0,-1,SQL Injection
33,12,1,0,0,8,0.0,0.2424242424242424,0,14,77,1030,397,0,302,211,4,6.393939393939394,Cookie Injection,1,-1,Cookie Injection
75,54,9,0,0,31,0.0,0.4133333333333333,0,12,101,726,397,0,200,61,2,0.8133333333333334,Directory Traversal,0,-1,Directory Traversal
22,1,0,0,0,8,0.0,0.3636363636363636,0,12,100,746,397,0,200,34,2,1.5454545454545454,Normal,0,-1,LOG4J
22,1,0,0,0,8,0.0,0.3636363636363636,0,12,77,723,397,0,200,34,2,1.5454545454545454,Normal,0,-1,LOG4J
80,59,12,0,0,37,0.0,0.4625,0,12,107,744,397,0,200,66,2,0.825,Directory Traversal,0,-1,Directory Traversal
33,12,1,0,0,8,0.0,0.2424242424242424,0,14,111,1055,397,0,302,211,4,6.393939393939394,Cookie Injection,1,-1,Cookie Injection
86,20,3,1,4,17,0.0465116279069767,0.1976744186046511,44,12,69,717,397,0,401,41,2,0.4767441860465116,Log Forging,0,-1,Log Forging
33,12,1,0,0,8,0.0,0.2424242424242424,0,14,77,1016,397,0,302,211,4,6.393939393939394,Cookie Injection,1,-1,Cookie Injection
33,12,1,0,0,8,0.0,0.2424242424242424,0,14,111,1046,397,0,302,211,4,6.393939393939394,Cookie Injection,1,-1,Cookie Injection
113,92,2,0,5,32,0.0442477876106194,0.2831858407079646,0,12,101,728,397,0,200,20,2,0.1769911504424778,RCE,0,-1,RCE
78,20,3,1,3,16,0.0384615384615384,0.2051282051282051,36,12,72,699,397,0,401,41,2,0.5256410256410257,Log Forging,0,-1,Log Forging
113,92,2,0,5,32,0.0442477876106194,0.2831858407079646,0,12,107,753,397,0,200,20,2,0.1769911504424778,RCE,0,-1,RCE
33,12,1,0,0,8,0.0,0.2424242424242424,0,14,72,1024,397,0,302,211,4,6.393939393939394,Cookie Injection,1,-1,Cookie Injection
102,11,2,2,2,20,0.0196078431372549,0.196078431372549,69,12,77,707,397,0,401,26,2,0.2549019607843137,SQL Injection,0,-1,SQL Injection
96,19,3,1,4,22,0.0416666666666666,0.2291666666666666,55,12,99,747,397,0,200,49565,2,516.3020833333334,SQL Injection,0,-1,SQL Injection
116,11,2,2,2,20,0.0172413793103448,0.1724137931034483,83,12,72,699,397,0,401,26,2,0.2241379310344827,SQL Injection,0,-1,SQL Injection
105,11,2,2,2,20,0.019047619047619,0.1904761904761904,72,12,112,742,397,0,401,26,2,0.2476190476190476,SQL Injection,0,-1,SQL Injection
33,12,2,0,0,9,0.0,0.2727272727272727,0,12,77,707,397,0,200,3719,2,112.6969696969697,Normal,0,-1,LOG4J
33,12,2,0,0,9,0.0,0.2727272727272727,0,12,77,707,397,0,200,2666,2,80.78787878787878,Normal,0,-1,LOG4J
113,92,2,0,5,32,0.0442477876106194,0.2831858407079646,0,12,77,714,397,0,200,20,2,0.1769911504424778,RCE,0,-1,RCE
33,12,1,0,0,8,0.0,0.2424242424242424,0,14,68,1028,397,0,302,211,4,6.393939393939394,Cookie Injection,1,-1,Cookie Injection
102,11,2,2,2,20,0.0196078431372549,0.196078431372549,69,12,107,746,397,0,401,26,2,0.2549019607843137,SQL Injection,0,-1,SQL Injection
78,20,3,1,3,16,0.0384615384615384,0.2051282051282051,36,12,119,756,397,0,401,41,2,0.5256410256410257,Log Forging,0,-1,Log Forging
113,92,2,0,5,32,0.0442477876106194,0.2831858407079646,0,12,72,699,397,0,200,20,2,0.1769911504424778,RCE,0,-1,RCE
33,12,1,0,0,8,0.0,0.2424242424242424,0,14,101,1042,397,0,302,211,4,6.393939393939394,Cookie Injection,1,-1,Cookie Injection
33,12,1,0,0,8,0.0,0.2424242424242424,0,14,100,1039,397,0,302,211,4,6.393939393939394,Cookie Injection,1,-1,Cookie Injection
74,20,3,1,3,16,0.0405405405405405,0.2162162162162162,32,12,68,714,397,0,401,41,2,0.5540540540540541,Log Forging,0,-1,Log Forging
33,12,1,0,0,8,0.0,0.2424242424242424,0,14,107,1054,397,0,302,211,4,6.393939393939394,Cookie Injection,1,-1,Cookie Injection
82,20,3,1,3,16,0.0365853658536585,0.1951219512195122,40,12,107,734,397,0,401,41,2,0.5,Log Forging,0,-1,Log Forging
89,19,3,1,4,21,0.0449438202247191,0.2359550561797752,48,12,77,704,397,0,200,307960,2,3460.224719101124,SQL Injection,0,-1,SQL Injection
33,12,1,0,0,8,0.0,0.2424242424242424,0,14,72,1032,397,0,302,211,4,6.393939393939394,Cookie Injection,1,-1,Cookie Injection
33,12,1,0,0,8,0.0,0.2424242424242424,0,14,102,1053,397,0,302,211,4,6.393939393939394,Cookie Injection,1,-1,Cookie Injection
33,12,1,0,0,8,0.0,0.2424242424242424,0,14,119,1061,397,0,302,211,4,6.393939393939394,Cookie Injection,1,-1,Cookie Injection
33,12,1,0,0,8,0.0,0.2424242424242424,0,14,107,1048,397,0,302,211,4,6.393939393939394,Cookie Injection,1,-1,Cookie Injection
81,60,11,0,0,37,0.0,0.4567901234567901,0,12,105,753,397,0,200,67,2,0.8271604938271605,Directory Traversal,0,-1,Directory Traversal
85,20,3,1,3,16,0.0352941176470588,0.188235294117647,43,12,82,710,397,0,401,41,2,0.4823529411764706,Log Forging,0,-1,Log Forging
33,12,1,0,0,8,0.0,0.2424242424242424,0,14,101,1063,397,0,302,211,4,6.393939393939394,Cookie Injection,1,-1,Cookie Injection
69,48,5,0,0,14,0.0,0.2028985507246377,0,12,112,737,397,0,404,207,2,3.0,Normal,0,-1,LOG4J
33,12,1,0,0,8,0.0,0.2424242424242424,0,14,72,1025,397,0,302,211,4,6.393939393939394,Cookie Injection,1,-1,Cookie Injection
30,9,2,0,0,9,0.0,0.3,0,12,66,714,397,0,308,249,3,8.3,Normal,0,-1,LOG4J
80,20,3,1,3,16,0.0375,0.2,38,12,112,758,397,0,401,41,2,0.5125,Log Forging,0,-1,Log Forging
33,12,2,0,0,9,0.0,0.2727272727272727,0,12,119,758,397,0,200,2721,2,82.45454545454545,Normal,0,-1,LOG4J
33,12,1,0,0,8,0.0,0.2424242424242424,0,14,119,1057,397,0,302,211,4,6.393939393939394,Cookie Injection,1,-1,Cookie Injection
89,19,3,1,4,21,0.0449438202247191,0.2359550561797752,48,12,107,735,397,0,200,307960,2,3460.224719101124,SQL Injection,0,-1,SQL Injection
109,11,2,2,2,20,0.018348623853211,0.1834862385321101,76,12,68,705,397,0,401,26,2,0.2385321100917431,SQL Injection,0,-1,SQL Injection
109,88,2,0,4,35,0.036697247706422,0.3211009174311927,0,12,105,732,397,0,200,48,2,0.4403669724770642,RCE,0,-1,RCE
115,11,2,2,2,20,0.017391304347826,0.1739130434782608,82,12,102,732,397,0,401,26,2,0.2260869565217391,SQL Injection,0,-1,SQL Injection
33,12,1,0,0,8,0.0,0.2424242424242424,0,14,72,1025,397,0,302,211,4,6.393939393939394,Cookie Injection,1,-1,Cookie Injection
102,11,2,2,2,20,0.0196078431372549,0.196078431372549,69,12,105,735,397,0,401,26,2,0.2549019607843137,SQL Injection,0,-1,SQL Injection
33,12,1,0,0,8,0.0,0.2424242424242424,0,14,65,1016,397,0,302,211,4,6.393939393939394,Cookie Injection,1,-1,Cookie Injection
92,19,3,1,4,21,0.0434782608695652,0.2282608695652173,51,12,68,693,397,0,200,198,2,2.152173913043478,SQL Injection,0,-1,SQL Injection
74,53,10,0,0,31,0.0,0.4189189189189189,0,12,105,744,397,0,200,60,2,0.8108108108108109,Directory Traversal,0,-1,Directory Traversal
85,20,3,1,4,17,0.0470588235294117,0.2,43,12,102,732,397,0,401,41,2,0.4823529411764706,Log Forging,0,-1,Log Forging
112,11,2,2,2,20,0.0178571428571428,0.1785714285714285,79,12,65,692,397,0,401,26,2,0.2321428571428571,SQL Injection,0,-1,SQL Injection
33,12,1,0,0,8,0.0,0.2424242424242424,0,14,72,1025,397,0,302,211,4,6.393939393939394,Cookie Injection,1,-1,Cookie Injection
69,48,7,0,0,25,0.0,0.3623188405797101,0,12,101,729,397,0,200,55,2,0.7971014492753623,Directory Traversal,0,-1,Directory Traversal
113,11,2,2,2,20,0.0176991150442477,0.1769911504424778,80,12,107,753,397,0,401,26,2,0.2300884955752212,SQL Injection,0,-1,SQL Injection
33,12,2,0,0,9,0.0,0.2727272727272727,0,12,102,730,397,0,200,2689,2,81.48484848484848,Normal,0,-1,LOG4J
105,11,2,2,2,20,0.019047619047619,0.1904761904761904,72,12,107,746,397,0,401,26,2,0.2476190476190476,SQL Injection,0,-1,SQL Injection
33,12,1,0,0,8,0.0,0.2424242424242424,0,14,65,1016,397,0,302,211,4,6.393939393939394,Cookie Injection,1,-1,Cookie Injection
33,12,1,0,0,8,0.0,0.2424242424242424,0,14,107,1067,397,0,302,211,4,6.393939393939394,Cookie Injection,1,-1,Cookie Injection
74,20,3,1,3,16,0.0405405405405405,0.2162162162162162,32,12,66,694,397,0,401,41,2,0.5540540540540541,Log Forging,0,-1,Log Forging
109,11,2,2,2,20,0.018348623853211,0.1834862385321101,76,12,72,718,397,0,401,26,2,0.2385321100917431,SQL Injection,0,-1,SQL Injection
109,88,2,0,4,35,0.036697247706422,0.3211009174311927,0,12,100,725,397,0,200,48,2,0.4403669724770642,RCE,0,-1,RCE
84,63,12,0,0,40,0.0,0.4761904761904761,0,12,107,746,397,0,200,70,2,0.8333333333333334,Directory Traversal,0,-1,Directory Traversal
109,11,2,2,2,20,0.018348623853211,0.1834862385321101,76,12,65,713,397,0,401,26,2,0.2385321100917431,SQL Injection,0,-1,SQL Injection
74,20,3,1,3,16,0.0405405405405405,0.2162162162162162,32,12,72,699,397,0,401,41,2,0.5540540540540541,Log Forging,0,-1,Log Forging
69,48,5,0,0,14,0.0,0.2028985507246377,0,12,65,690,397,0,404,207,2,3.0,Normal,0,-1,LOG4J
108,11,2,2,2,20,0.0185185185185185,0.1851851851851851,75,12,100,748,397,0,401,26,2,0.2407407407407407,SQL Injection,0,-1,SQL Injection
80,20,3,1,3,16,0.0375,0.2,38,12,107,744,397,0,401,41,2,0.5125,Log Forging,0,-1,Log Forging
106,11,2,2,2,20,0.0188679245283018,0.1886792452830188,73,12,119,749,397,0,401,26,2,0.2452830188679245,SQL Injection,0,-1,SQL Injection
78,57,4,0,8,21,0.1025641025641025,0.2692307692307692,0,12,107,732,397,0,200,50,2,0.6410256410256411,RCE,0,-1,RCE
44,23,4,0,0,11,0.0,0.25,0,12,66,696,397,0,200,3320,2,75.45454545454545,Normal,0,-1,LOG4J
22,1,0,0,0,8,0.0,0.3636363636363636,0,12,107,732,397,0,200,34,2,1.5454545454545454,Normal,0,-1,LOG4J
33,12,1,0,0,8,0.0,0.2424242424242424,0,14,111,1073,397,0,302,211,4,6.393939393939394,Cookie Injection,1,-1,Cookie Injection
81,60,11,0,0,37,0.0,0.4567901234567901,0,12,102,732,397,0,200,67,2,0.8271604938271605,Directory Traversal,0,-1,Directory Traversal
89,19,3,1,4,21,0.0449438202247191,0.2359550561797752,48,12,107,753,397,0,200,307960,2,3460.224719101124,SQL Injection,0,-1,SQL Injection
75,54,9,0,0,31,0.0,0.4133333333333333,0,12,65,690,397,0,200,61,2,0.8133333333333334,Directory Traversal,0,-1,Directory Traversal
30,9,2,0,0,9,0.0,0.3,0,12,82,721,397,0,308,249,3,8.3,Normal,0,-1,LOG4J
33,12,1,0,0,8,0.0,0.2424242424242424,0,14,100,1058,397,0,302,211,4,6.393939393939394,Cookie Injection,1,-1,Cookie Injection
101,11,2,2,2,20,0.0198019801980198,0.198019801980198,68,12,65,693,397,0,401,26,2,0.2574257425742574,SQL Injection,0,-1,SQL Injection
105,11,2,2,2,20,0.019047619047619,0.1904761904761904,72,12,106,734,397,0,401,26,2,0.2476190476190476,SQL Injection,0,-1,SQL Injection
33,12,1,0,0,8,0.0,0.2424242424242424,0,14,65,1025,397,0,302,211,4,6.393939393939394,Cookie Injection,1,-1,Cookie Injection
103,11,2,2,2,20,0.0194174757281553,0.1941747572815534,70,12,107,753,397,0,401,26,2,0.2524271844660194,SQL Injection,0,-1,SQL Injection
89,19,3,1,4,21,0.0449438202247191,0.2359550561797752,48,12,69,694,397,0,200,307960,2,3460.224719101124,SQL Injection,0,-1,SQL Injection
85,20,3,1,3,16,0.0352941176470588,0.188235294117647,43,12,77,705,397,0,401,41,2,0.4823529411764706,Log Forging,0,-1,Log Forging
78,57,4,0,8,21,0.1025641025641025,0.2692307692307692,0,12,107,744,397,0,200,50,2,0.6410256410256411,RCE,0,-1,RCE
109,11,2,2,2,20,0.018348623853211,0.1834862385321101,76,12,108,733,397,0,401,26,2,0.2385321100917431,SQL Injection,0,-1,SQL Injection
96,19,3,1,4,22,0.0416666666666666,0.2291666666666666,55,12,119,758,397,0,200,49565,2,516.3020833333334,SQL Injection,0,-1,SQL Injection
91,19,3,1,4,21,0.0439560439560439,0.2307692307692307,50,12,121,769,397,0,200,24,2,0.2637362637362637,SQL Injection,0,-1,SQL Injection
30,9,2,0,0,9,0.0,0.3,0,12,100,725,397,0,308,249,3,8.3,Normal,0,-1,LOG4J
22,1,0,0,0,8,0.0,0.3636363636363636,0,12,69,717,397,0,200,34,2,1.5454545454545454,Normal,0,-1,LOG4J
69,48,5,0,0,14,0.0,0.2028985507246377,0,12,65,702,397,0,404,207,2,3.0,Normal,0,-1,LOG4J
33,12,1,0,0,8,0.0,0.2424242424242424,0,14,77,1017,397,0,302,211,4,6.393939393939394,Cookie Injection,1,-1,Cookie Injection
84,63,12,0,0,40,0.0,0.4761904761904761,0,12,100,728,397,0,200,70,2,0.8333333333333334,Directory Traversal,0,-1,Directory Traversal
78,57,4,0,8,21,0.1025641025641025,0.2692307692307692,0,12,107,755,397,0,200,50,2,0.6410256410256411,RCE,0,-1,RCE
96,19,3,1,4,22,0.0416666666666666,0.2291666666666666,55,12,76,704,397,0,200,49565,2,516.3020833333334,SQL Injection,0,-1,SQL Injection
78,57,4,0,8,21,0.1025641025641025,0.2692307692307692,0,12,82,709,397,0,200,50,2,0.6410256410256411,RCE,0,-1,RCE
30,9,2,0,0,9,0.0,0.3,0,12,107,790,397,0,308,249,3,8.3,LOG4J,0,-1,LOG4J
68,47,8,0,0,25,0.0,0.3676470588235294,0,12,103,740,397,0,200,54,2,0.7941176470588235,Directory Traversal,0,-1,Directory Traversal
33,12,1,0,0,8,0.0,0.2424242424242424,0,14,119,1063,397,0,302,211,4,6.393939393939394,Cookie Injection,1,-1,Cookie Injection
33,12,1,0,0,8,0.0,0.2424242424242424,0,14,101,1054,397,0,302,211,4,6.393939393939394,Cookie Injection,1,-1,Cookie Injection
110,11,2,2,2,20,0.0181818181818181,0.1818181818181818,77,12,76,706,397,0,401,26,2,0.2363636363636363,SQL Injection,0,-1,SQL Injection
102,11,2,2,2,20,0.0196078431372549,0.196078431372549,69,12,119,765,397,0,401,26,2,0.2549019607843137,SQL Injection,0,-1,SQL Injection
22,1,0,0,0,8,0.0,0.3636363636363636,0,12,65,713,397,0,200,34,2,1.5454545454545454,Normal,0,-1,LOG4J
112,11,2,2,2,20,0.0178571428571428,0.1785714285714285,79,12,77,725,397,0,401,26,2,0.2321428571428571,SQL Injection,0,-1,SQL Injection
83,20,3,1,4,17,0.0481927710843373,0.2048192771084337,41,12,65,693,397,0,401,41,2,0.4939759036144578,Log Forging,0,-1,Log Forging
71,50,9,0,0,28,0.0,0.3943661971830985,0,12,77,704,397,0,200,57,2,0.8028169014084507,Directory Traversal,0,-1,Directory Traversal
96,19,3,1,4,22,0.0416666666666666,0.2291666666666666,55,12,105,753,397,0,200,49565,2,516.3020833333334,SQL Injection,0,-1,SQL Injection
120,11,2,2,2,20,0.0166666666666666,0.1666666666666666,87,12,102,750,397,0,401,26,2,0.2166666666666666,SQL Injection,0,-1,SQL Injection
109,88,2,0,4,35,0.036697247706422,0.3211009174311927,0,12,65,692,397,0,200,48,2,0.4403669724770642,RCE,0,-1,RCE
79,20,3,1,3,16,0.0379746835443038,0.2025316455696202,37,12,72,720,397,0,401,41,2,0.5189873417721519,Log Forging,0,-1,Log Forging
30,9,2,0,0,9,0.0,0.3,0,12,100,746,397,0,308,249,3,8.3,Normal,0,-1,LOG4J
110,11,2,2,2,20,0.0181818181818181,0.1818181818181818,77,12,112,739,397,0,401,26,2,0.2363636363636363,SQL Injection,0,-1,SQL Injection
33,12,1,0,0,8,0.0,0.2424242424242424,0,14,103,1061,397,0,302,211,4,6.393939393939394,Cookie Injection,1,-1,Cookie Injection
22,1,0,0,0,8,0.0,0.3636363636363636,0,12,100,748,397,0,200,34,2,1.5454545454545454,Normal,0,-1,LOG4J
22,1,0,0,0,8,0.0,0.3636363636363636,0,12,77,705,397,0,200,34,2,1.5454545454545454,Normal,0,-1,LOG4J
30,9,2,0,0,9,0.0,0.3,0,12,72,718,397,0,308,249,3,8.3,Normal,0,-1,LOG4J
30,9,2,0,0,9,0.0,0.3,0,12,99,745,397,0,308,249,3,8.3,Normal,0,-1,LOG4J
78,57,4,0,8,21,0.1025641025641025,0.2692307692307692,0,12,121,751,397,0,200,50,2,0.6410256410256411,RCE,0,-1,RCE
44,23,4,0,0,11,0.0,0.25,0,12,119,765,397,0,200,3320,2,75.45454545454545,Normal,0,-1,LOG4J
77,56,11,0,0,34,0.0,0.4415584415584415,0,12,81,718,397,0,200,63,2,0.8181818181818182,Directory Traversal,0,-1,Directory Traversal
33,12,1,0,0,8,0.0,0.2424242424242424,0,14,99,1059,397,0,302,211,4,6.393939393939394,Cookie Injection,1,-1,Cookie Injection
33,12,1,0,0,8,0.0,0.2424242424242424,0,14,66,1015,397,0,302,211,4,6.393939393939394,Cookie Injection,1,-1,Cookie Injection
106,11,2,2,2,20,0.0188679245283018,0.1886792452830188,73,12,100,730,397,0,401,26,2,0.2452830188679245,SQL Injection,0,-1,SQL Injection
33,12,1,0,0,8,0.0,0.2424242424242424,0,14,72,1021,397,0,302,211,4,6.393939393939394,Cookie Injection,1,-1,Cookie Injection
89,19,3,1,4,21,0.0449438202247191,0.2359550561797752,48,12,65,704,397,0,200,307960,2,3460.224719101124,SQL Injection,0,-1,SQL Injection
33,12,1,0,0,8,0.0,0.2424242424242424,0,14,77,1030,397,0,302,211,4,6.393939393939394,Cookie Injection,1,-1,Cookie Injection
30,9,2,0,0,9,0.0,0.3,0,12,112,758,397,0,308,249,3,8.3,Normal,0,-1,LOG4J
78,57,4,0,8,21,0.1025641025641025,0.2692307692307692,0,12,105,742,397,0,200,50,2,0.6410256410256411,RCE,0,-1,RCE
75,54,9,0,0,31,0.0,0.4133333333333333,0,12,107,755,397,0,200,61,2,0.8133333333333334,Directory Traversal,0,-1,Directory Traversal
33,12,1,0,0,8,0.0,0.2424242424242424,0,14,82,1042,397,0,302,211,4,6.393939393939394,Cookie Injection,1,-1,Cookie Injection
113,92,2,0,5,32,0.0442477876106194,0.2831858407079646,0,12,72,711,397,0,200,20,2,0.1769911504424778,RCE,0,-1,RCE
70,49,5,0,0,14,0.0,0.2,0,12,107,737,397,0,404,207,2,2.9571428571428573,Normal,0,-1,LOG4J
33,12,1,0,0,8,0.0,0.2424242424242424,0,14,65,1007,397,0,302,211,4,6.393939393939394,Cookie Injection,1,-1,Cookie Injection
70,49,5,0,0,14,0.0,0.2,0,12,65,711,397,0,404,207,2,2.9571428571428573,Normal,0,-1,LOG4J
33,12,1,0,0,8,0.0,0.2424242424242424,0,14,121,1072,397,0,302,211,4,6.393939393939394,Cookie Injection,1,-1,Cookie Injection
75,20,3,1,3,16,0.04,0.2133333333333333,33,12,68,716,397,0,401,41,2,0.5466666666666666,Log Forging,0,-1,Log Forging
72,51,8,0,0,28,0.0,0.3888888888888889,0,12,68,695,397,0,200,58,2,0.8055555555555556,Directory Traversal,0,-1,Directory Traversal
33,12,1,0,0,8,0.0,0.2424242424242424,0,14,103,1042,397,0,302,211,4,6.393939393939394,Cookie Injection,1,-1,Cookie Injection
33,12,1,0,0,8,0.0,0.2424242424242424,0,14,65,1007,397,0,302,211,4,6.393939393939394,Cookie Injection,1,-1,Cookie Injection
69,48,7,0,0,25,0.0,0.3623188405797101,0,12,111,739,397,0,200,55,2,0.7971014492753623,Directory Traversal,0,-1,Directory Traversal
69,48,7,0,0,25,0.0,0.3623188405797101,0,12,106,733,397,0,200,55,2,0.7971014492753623,Directory Traversal,0,-1,Directory Traversal
109,11,2,2,2,20,0.018348623853211,0.1834862385321101,76,12,107,735,397,0,401,26,2,0.2385321100917431,SQL Injection,0,-1,SQL Injection
96,19,3,1,4,22,0.0416666666666666,0.2291666666666666,55,12,107,755,397,0,200,49565,2,516.3020833333334,SQL Injection,0,-1,SQL Injection
77,56,11,0,0,34,0.0,0.4415584415584415,0,12,76,706,397,0,200,63,2,0.8181818181818182,Directory Traversal,0,-1,Directory Traversal
82,20,3,1,4,17,0.048780487804878,0.2073170731707317,40,12,112,742,397,0,401,41,2,0.5,Log Forging,0,-1,Log Forging
44,23,4,0,0,11,0.0,0.25,0,12,69,697,397,0,200,3320,2,75.45454545454545,Normal,0,-1,LOG4J
109,88,2,0,4,35,0.036697247706422,0.3211009174311927,0,12,65,702,397,0,200,48,2,0.4403669724770642,RCE,0,-1,RCE
22,1,0,0,0,8,0.0,0.3636363636363636,0,12,72,699,397,0,200,34,2,1.5454545454545454,Normal,0,-1,LOG4J
109,11,2,2,2,20,0.018348623853211,0.1834862385321101,76,12,76,722,397,0,401,26,2,0.2385321100917431,SQL Injection,0,-1,SQL Injection
100,11,2,2,2,20,0.02,0.2,67,12,107,746,397,0,401,26,2,0.26,SQL Injection,0,-1,SQL Injection
33,12,2,0,0,9,0.0,0.2727272727272727,0,12,105,744,397,0,200,2689,2,81.48484848484848,Normal,0,-1,LOG4J
108,11,2,2,2,20,0.0185185185185185,0.1851851851851851,75,12,121,760,397,0,401,26,2,0.2407407407407407,SQL Injection,0,-1,SQL Injection
82,20,3,1,3,16,0.0365853658536585,0.1951219512195122,40,12,103,733,397,0,401,41,2,0.5,Log Forging,0,-1,Log Forging
30,9,2,0,0,9,0.0,0.3,0,12,68,714,397,0,308,249,3,8.3,Normal,0,-1,LOG4J
85,20,3,1,4,17,0.0470588235294117,0.2,43,12,100,728,397,0,401,41,2,0.4823529411764706,Log Forging,0,-1,Log Forging
104,11,2,2,2,20,0.0192307692307692,0.1923076923076923,71,12,72,711,397,0,401,26,2,0.25,SQL Injection,0,-1,SQL Injection
106,11,2,2,2,20,0.0188679245283018,0.1886792452830188,73,12,65,713,397,0,401,26,2,0.2452830188679245,SQL Injection,0,-1,SQL Injection
33,12,1,0,0,8,0.0,0.2424242424242424,0,14,100,1062,397,0,302,211,4,6.393939393939394,Cookie Injection,1,-1,Cookie Injection
78,57,10,0,0,34,0.0,0.4358974358974359,0,12,77,707,397,0,200,64,2,0.8205128205128205,Directory Traversal,0,-1,Directory Traversal
33,12,1,0,0,8,0.0,0.2424242424242424,0,14,108,1057,397,0,302,211,4,6.393939393939394,Cookie Injection,1,-1,Cookie Injection
109,88,2,0,4,35,0.036697247706422,0.3211009174311927,0,12,72,720,397,0,200,48,2,0.4403669724770642,RCE,0,-1,RCE
78,57,4,0,8,21,0.1025641025641025,0.2692307692307692,0,12,77,702,397,0,200,50,2,0.6410256410256411,RCE,0,-1,RCE
77,20,3,1,3,16,0.0389610389610389,0.2077922077922078,35,12,65,702,397,0,401,41,2,0.5324675324675324,Log Forging,0,-1,Log Forging
80,59,12,0,0,37,0.0,0.4625,0,12,102,727,397,0,200,66,2,0.825,Directory Traversal,0,-1,Directory Traversal
44,23,4,0,0,11,0.0,0.25,0,12,66,691,397,0,200,3320,2,75.45454545454545,Normal,0,-1,LOG4J
33,12,1,0,0,8,0.0,0.2424242424242424,0,14,65,1018,397,0,302,211,4,6.393939393939394,Cookie Injection,1,-1,Cookie Injection
33,12,1,0,0,8,0.0,0.2424242424242424,0,14,65,1027,397,0,302,211,4,6.393939393939394,Cookie Injection,1,-1,Cookie Injection
33,12,1,0,0,8,0.0,0.2424242424242424,0,14,99,1038,397,0,302,211,4,6.393939393939394,Cookie Injection,1,-1,Cookie Injection
109,88,2,0,4,35,0.036697247706422,0.3211009174311927,0,12,107,734,397,0,200,48,2,0.4403669724770642,RCE,0,-1,RCE
80,59,12,0,0,37,0.0,0.4625,0,12,72,699,397,0,200,66,2,0.825,Directory Traversal,0,-1,Directory Traversal
78,57,4,0,8,21,0.1025641025641025,0.2692307692307692,0,12,101,728,397,0,200,50,2,0.6410256410256411,RCE,0,-1,RCE
33,12,1,0,0,8,0.0,0.2424242424242424,0,14,82,1044,397,0,302,211,4,6.393939393939394,Cookie Injection,1,-1,Cookie Injection
106,11,2,2,2,20,0.0188679245283018,0.1886792452830188,73,12,66,693,397,0,401,26,2,0.2452830188679245,SQL Injection,0,-1,SQL Injection
33,12,1,0,0,8,0.0,0.2424242424242424,0,14,107,1046,397,0,302,211,4,6.393939393939394,Cookie Injection,1,-1,Cookie Injection
113,92,2,0,5,32,0.0442477876106194,0.2831858407079646,0,12,72,697,397,0,200,20,2,0.1769911504424778,RCE,0,-1,RCE
79,20,3,1,3,16,0.0379746835443038,0.2025316455696202,37,12,76,703,397,0,401,41,2,0.5189873417721519,Log Forging,0,-1,Log Forging
78,57,4,0,8,21,0.1025641025641025,0.2692307692307692,0,12,69,708,397,0,200,50,2,0.6410256410256411,RCE,0,-1,RCE
33,12,1,0,0,8,0.0,0.2424242424242424,0,14,107,1054,397,0,302,211,4,6.393939393939394,Cookie Injection,1,-1,Cookie Injection
89,19,3,1,4,21,0.0449438202247191,0.2359550561797752,48,12,65,693,397,0,200,307960,2,3460.224719101124,SQL Injection,0,-1,SQL Injection
81,20,3,1,3,16,0.037037037037037,0.1975308641975308,39,12,100,728,397,0,401,41,2,0.5061728395061729,Log Forging,0,-1,Log Forging
76,20,3,1,3,16,0.0394736842105263,0.2105263157894736,34,12,72,718,397,0,401,41,2,0.5394736842105263,Log Forging,0,-1,Log Forging
69,48,7,0,0,25,0.0,0.3623188405797101,0,12,103,733,397,0,200,55,2,0.7971014492753623,Directory Traversal,0,-1,Directory Traversal
44,23,4,0,0,11,0.0,0.25,0,12,82,772,397,0,200,3320,2,75.45454545454545,LOG4J,0,-1,LOG4J
83,62,13,0,0,40,0.0,0.4819277108433735,0,12,81,729,397,0,200,69,2,0.8313253012048193,Directory Traversal,0,-1,Directory Traversal
33,12,1,0,0,8,0.0,0.2424242424242424,0,14,66,1010,397,0,302,211,4,6.393939393939394,Cookie Injection,1,-1,Cookie Injection
106,11,2,2,2,20,0.0188679245283018,0.1886792452830188,73,12,99,747,397,0,401,26,2,0.2452830188679245,SQL Injection,0,-1,SQL Injection
89,19,3,1,4,21,0.0449438202247191,0.2359550561797752,48,12,107,746,397,0,200,307960,2,3460.224719101124,SQL Injection,0,-1,SQL Injection
69,48,5,0,0,14,0.0,0.2028985507246377,0,12,76,704,397,0,404,207,2,3.0,Normal,0,-1,LOG4J
33,12,1,0,0,8,0.0,0.2424242424242424,0,14,112,1074,397,0,302,211,4,6.393939393939394,Cookie Injection,1,-1,Cookie Injection
39,18,2,0,0,10,0.0,0.2564102564102564,0,12,103,760,397,0,200,3719,2,95.35897435897436,LOG4J,0,-1,LOG4J
33,12,1,0,0,8,0.0,0.2424242424242424,0,14,105,1061,397,0,302,211,4,6.393939393939394,Cookie Injection,1,-1,Cookie Injection
106,11,2,2,2,20,0.0188679245283018,0.1886792452830188,73,12,107,755,397,0,401,26,2,0.2452830188679245,SQL Injection,0,-1,SQL Injection
22,1,0,0,0,8,0.0,0.3636363636363636,0,12,119,744,397,0,200,34,2,1.5454545454545454,Normal,0,-1,LOG4J
44,23,4,0,0,11,0.0,0.25,0,12,112,760,397,0,200,3320,2,75.45454545454545,Normal,0,-1,LOG4J
69,48,5,0,0,14,0.0,0.2028985507246377,0,12,72,801,397,0,404,207,2,3.0,LOG4J,0,-1,LOG4J
78,20,3,1,3,16,0.0384615384615384,0.2051282051282051,36,12,111,757,397,0,401,41,2,0.5256410256410257,Log Forging,0,-1,Log Forging
33,12,1,0,0,8,0.0,0.2424242424242424,0,14,106,1068,397,0,302,211,4,6.393939393939394,Cookie Injection,1,-1,Cookie Injection
78,57,4,0,8,21,0.1025641025641025,0.2692307692307692,0,12,65,704,397,0,200,50,2,0.6410256410256411,RCE,0,-1,RCE
84,20,3,1,4,17,0.0476190476190476,0.2023809523809523,42,12,119,756,397,0,401,41,2,0.4880952380952381,Log Forging,0,-1,Log Forging
105,11,2,2,2,20,0.019047619047619,0.1904761904761904,72,12,111,750,397,0,401,26,2,0.2476190476190476,SQL Injection,0,-1,SQL Injection
101,11,2,2,2,20,0.0198019801980198,0.198019801980198,68,12,65,692,397,0,401,26,2,0.2574257425742574,SQL Injection,0,-1,SQL Injection
96,19,3,1,4,22,0.0416666666666666,0.2291666666666666,55,12,102,741,397,0,200,49565,2,516.3020833333334,SQL Injection,0,-1,SQL Injection
81,60,11,0,0,37,0.0,0.4567901234567901,0,12,107,734,397,0,200,67,2,0.8271604938271605,Directory Traversal,0,-1,Directory Traversal
30,9,2,0,0,9,0.0,0.3,0,12,65,713,397,0,308,249,3,8.3,Normal,0,-1,LOG4J
111,11,2,2,2,20,0.018018018018018,0.1801801801801801,78,12,68,696,397,0,401,26,2,0.2342342342342342,SQL Injection,0,-1,SQL Injection
33,12,1,0,0,8,0.0,0.2424242424242424,0,14,103,1044,397,0,302,211,4,6.393939393939394,Cookie Injection,1,-1,Cookie Injection
110,11,2,2,2,20,0.0181818181818181,0.1818181818181818,77,12,65,704,397,0,401,26,2,0.2363636363636363,SQL Injection,0,-1,SQL Injection
22,1,0,0,0,8,0.0,0.3636363636363636,0,12,66,703,397,0,200,34,2,1.5454545454545454,Normal,0,-1,LOG4J
82,20,3,1,3,16,0.0365853658536585,0.1951219512195122,40,12,105,744,397,0,401,41,2,0.5,Log Forging,0,-1,Log Forging
82,20,3,1,4,17,0.048780487804878,0.2073170731707317,40,12,81,720,397,0,401,41,2,0.5,Log Forging,0,-1,Log Forging
89,19,3,1,4,21,0.0449438202247191,0.2359550561797752,48,12,107,735,397,0,200,307960,2,3460.224719101124,SQL Injection,0,-1,SQL Injection
78,57,10,0,0,34,0.0,0.4358974358974359,0,12,105,733,397,0,200,64,2,0.8205128205128205,Directory Traversal,0,-1,Directory Traversal
83,20,3,1,4,17,0.0481927710843373,0.2048192771084337,41,12,77,723,397,0,401,41,2,0.4939759036144578,Log Forging,0,-1,Log Forging
109,88,2,0,4,35,0.036697247706422,0.3211009174311927,0,12,107,753,397,0,200,48,2,0.4403669724770642,RCE,0,-1,RCE
69,48,5,0,0,14,0.0,0.2028985507246377,0,12,65,713,397,0,404,207,2,3.0,Normal,0,-1,LOG4J
30,9,2,0,0,9,0.0,0.3,0,12,102,732,397,0,308,249,3,8.3,Normal,0,-1,LOG4J
33,12,1,0,0,8,0.0,0.2424242424242424,0,14,107,1067,397,0,302,211,4,6.393939393939394,Cookie Injection,1,-1,Cookie Injection
76,20,3,1,3,16,0.0394736842105263,0.2105263157894736,34,12,65,702,397,0,401,41,2,0.5394736842105263,Log Forging,0,-1,Log Forging
22,1,0,0,0,8,0.0,0.3636363636363636,0,12,106,815,478,0,200,34,2,1.5454545454545454,LOG4J,0,-1,LOG4J
78,57,4,0,8,21,0.1025641025641025,0.2692307692307692,0,12,72,718,397,0,200,50,2,0.6410256410256411,RCE,0,-1,RCE
109,11,2,2,2,20,0.018348623853211,0.1834862385321101,76,12,106,736,397,0,401,26,2,0.2385321100917431,SQL Injection,0,-1,SQL Injection
96,19,3,1,4,22,0.0416666666666666,0.2291666666666666,55,12,68,705,397,0,200,49565,2,516.3020833333334,SQL Injection,0,-1,SQL Injection
72,51,8,0,0,28,0.0,0.3888888888888889,0,12,107,744,397,0,200,58,2,0.8055555555555556,Directory Traversal,0,-1,Directory Traversal
30,9,2,0,0,9,0.0,0.3,0,12,82,719,397,0,308,249,3,8.3,Normal,0,-1,LOG4J
109,11,2,2,2,20,0.018348623853211,0.1834862385321101,76,12,111,738,397,0,401,26,2,0.2385321100917431,SQL Injection,0,-1,SQL Injection
22,1,0,0,0,8,0.0,0.3636363636363636,0,12,72,774,397,0,200,34,2,1.5454545454545454,LOG4J,0,-1,LOG4J
33,12,1,0,0,8,0.0,0.2424242424242424,0,14,107,1058,397,0,302,211,4,6.393939393939394,Cookie Injection,1,-1,Cookie Injection
78,57,4,0,8,21,0.1025641025641025,0.2692307692307692,0,12,107,732,397,0,200,50,2,0.6410256410256411,RCE,0,-1,RCE
44,23,4,0,0,11,0.0,0.25,0,12,65,693,397,0,200,3320,2,75.45454545454545,Normal,0,-1,LOG4J
33,12,1,0,0,8,0.0,0.2424242424242424,0,14,82,1026,397,0,302,211,4,6.393939393939394,Cookie Injection,1,-1,Cookie Injection
22,1,0,0,0,8,0.0,0.3636363636363636,0,12,65,693,397,0,200,34,2,1.5454545454545454,Normal,0,-1,LOG4J
109,88,2,0,4,35,0.036697247706422,0.3211009174311927,0,12,119,744,397,0,200,48,2,0.4403669724770642,RCE,0,-1,RCE
101,11,2,2,2,20,0.0198019801980198,0.198019801980198,68,12,99,729,397,0,401,26,2,0.2574257425742574,SQL Injection,0,-1,SQL Injection
79,20,3,1,3,16,0.0379746835443038,0.2025316455696202,37,12,107,746,397,0,401,41,2,0.5189873417721519,Log Forging,0,-1,Log Forging
113,92,2,0,5,32,0.0442477876106194,0.2831858407079646,0,12,111,757,397,0,200,20,2,0.1769911504424778,RCE,0,-1,RCE
78,57,4,0,8,21,0.1025641025641025,0.2692307692307692,0,12,81,709,397,0,200,50,2,0.6410256410256411,RCE,0,-1,RCE
33,12,1,0,0,8,0.0,0.2424242424242424,0,14,105,1066,397,0,302,211,4,6.393939393939394,Cookie Injection,1,-1,Cookie Injection
83,62,13,0,0,40,0.0,0.4819277108433735,0,12,77,705,397,0,200,69,2,0.8313253012048193,Directory Traversal,0,-1,Directory Traversal
83,62,13,0,0,40,0.0,0.4819277108433735,0,12,66,694,397,0,200,69,2,0.8313253012048193,Directory Traversal,0,-1,Directory Traversal
33,12,1,0,0,8,0.0,0.2424242424242424,0,14,107,1051,397,0,302,211,4,6.393939393939394,Cookie Injection,1,-1,Cookie Injection
30,9,2,0,0,9,0.0,0.3,0,12,77,723,397,0,308,249,3,8.3,Normal,0,-1,LOG4J
69,48,7,0,0,25,0.0,0.3623188405797101,0,12,99,727,397,0,200,55,2,0.7971014492753623,Directory Traversal,0,-1,Directory Traversal
33,12,1,0,0,8,0.0,0.2424242424242424,0,14,100,1044,397,0,302,211,4,6.393939393939394,Cookie Injection,1,-1,Cookie Injection
68,47,8,0,0,25,0.0,0.3676470588235294,0,12,76,703,397,0,200,54,2,0.7941176470588235,Directory Traversal,0,-1,Directory Traversal
33,12,1,0,0,8,0.0,0.2424242424242424,0,14,121,1062,397,0,302,211,4,6.393939393939394,Cookie Injection,1,-1,Cookie Injection
74,53,10,0,0,31,0.0,0.4189189189189189,0,12,77,702,397,0,200,60,2,0.8108108108108109,Directory Traversal,0,-1,Directory Traversal
22,1,0,0,0,8,0.0,0.3636363636363636,0,12,68,746,397,0,200,34,2,1.5454545454545454,LOG4J,0,-1,LOG4J
68,47,8,0,0,25,0.0,0.3676470588235294,0,12,69,694,397,0,200,54,2,0.7941176470588235,Directory Traversal,0,-1,Directory Traversal
33,12,1,0,0,8,0.0,0.2424242424242424,0,14,107,1042,397,0,302,211,4,6.393939393939394,Cookie Injection,1,-1,Cookie Injection
113,92,2,0,5,32,0.0442477876106194,0.2831858407079646,0,12,106,733,397,0,200,20,2,0.1769911504424778,RCE,0,-1,RCE
83,62,13,0,0,40,0.0,0.4819277108433735,0,12,69,699,397,0,200,69,2,0.8313253012048193,Directory Traversal,0,-1,Directory Traversal
33,12,1,0,0,8,0.0,0.2424242424242424,0,14,106,1048,397,0,302,211,4,6.393939393939394,Cookie Injection,1,-1,Cookie Injection
70,49,5,0,0,14,0.0,0.2,0,12,107,734,397,0,404,207,2,2.9571428571428573,Normal,0,-1,LOG4J
33,12,1,0,0,8,0.0,0.2424242424242424,0,14,77,1030,397,0,302,211,4,6.393939393939394,Cookie Injection,1,-1,Cookie Injection
78,57,10,0,0,34,0.0,0.4358974358974359,0,12,100,725,397,0,200,64,2,0.8205128205128205,Directory Traversal,0,-1,Directory Traversal
33,12,1,0,0,8,0.0,0.2424242424242424,0,14,107,1066,397,0,302,211,4,6.393939393939394,Cookie Injection,1,-1,Cookie Injection
78,57,4,0,8,21,0.1025641025641025,0.2692307692307692,0,12,101,731,397,0,200,50,2,0.6410256410256411,RCE,0,-1,RCE
81,20,3,1,3,16,0.037037037037037,0.1975308641975308,39,12,107,753,397,0,401,41,2,0.5061728395061729,Log Forging,0,-1,Log Forging
78,57,4,0,8,21,0.1025641025641025,0.2692307692307692,0,12,103,730,397,0,200,50,2,0.6410256410256411,RCE,0,-1,RCE
102,11,2,2,2,20,0.0196078431372549,0.196078431372549,69,12,65,702,397,0,401,26,2,0.2549019607843137,SQL Injection,0,-1,SQL Injection
81,60,11,0,0,37,0.0,0.4567901234567901,0,12,72,697,397,0,200,67,2,0.8271604938271605,Directory Traversal,0,-1,Directory Traversal
39,18,2,0,0,10,0.0,0.2564102564102564,0,12,77,716,397,0,200,2071,2,53.1025641025641,Normal,0,-1,LOG4J
22,1,0,0,0,8,0.0,0.3636363636363636,0,12,100,730,397,0,200,34,2,1.5454545454545454,Normal,0,-1,LOG4J
112,11,2,2,2,20,0.0178571428571428,0.1785714285714285,79,12,111,757,397,0,401,26,2,0.2321428571428571,SQL Injection,0,-1,SQL Injection
83,20,3,1,4,17,0.0481927710843373,0.2048192771084337,41,12,121,769,397,0,401,41,2,0.4939759036144578,Log Forging,0,-1,Log Forging
76,20,3,1,3,16,0.0394736842105263,0.2105263157894736,34,12,119,746,397,0,401,41,2,0.5394736842105263,Log Forging,0,-1,Log Forging
78,20,3,1,3,16,0.0384615384615384,0.2051282051282051,36,12,121,751,397,0,401,41,2,0.5256410256410257,Log Forging,0,-1,Log Forging
79,20,3,1,3,16,0.0379746835443038,0.2025316455696202,37,12,77,723,397,0,401,41,2,0.5189873417721519,Log Forging,0,-1,Log Forging
78,20,3,1,3,16,0.0384615384615384,0.2051282051282051,36,12,77,714,397,0,401,41,2,0.5256410256410257,Log Forging,0,-1,Log Forging
85,20,3,1,4,17,0.0470588235294117,0.2,43,12,101,738,397,0,401,41,2,0.4823529411764706,Log Forging,0,-1,Log Forging
70,49,5,0,0,14,0.0,0.2,0,12,102,750,397,0,404,207,2,2.9571428571428573,Normal,0,-1,LOG4J
69,48,7,0,0,25,0.0,0.3623188405797101,0,12,81,727,397,0,200,55,2,0.7971014492753623,Directory Traversal,0,-1,Directory Traversal
74,53,10,0,0,31,0.0,0.4189189189189189,0,12,112,749,397,0,200,60,2,0.8108108108108109,Directory Traversal,0,-1,Directory Traversal
69,48,7,0,0,25,0.0,0.3623188405797101,0,12,72,697,397,0,200,55,2,0.7971014492753623,Directory Traversal,0,-1,Directory Traversal
78,20,3,1,3,16,0.0384615384615384,0.2051282051282051,36,12,66,712,397,0,401,41,2,0.5256410256410257,Log Forging,0,-1,Log Forging
33,12,1,0,0,8,0.0,0.2424242424242424,0,14,65,1018,397,0,302,211,4,6.393939393939394,Cookie Injection,1,-1,Cookie Injection
33,12,1,0,0,8,0.0,0.2424242424242424,0,14,100,1039,397,0,302,211,4,6.393939393939394,Cookie Injection,1,-1,Cookie Injection
75,54,9,0,0,31,0.0,0.4133333333333333,0,12,82,730,397,0,200,61,2,0.8133333333333334,Directory Traversal,0,-1,Directory Traversal
104,11,2,2,2,20,0.0192307692307692,0.1923076923076923,71,12,66,696,397,0,401,26,2,0.25,SQL Injection,0,-1,SQL Injection
109,88,2,0,4,35,0.036697247706422,0.3211009174311927,0,12,68,698,397,0,200,48,2,0.4403669724770642,RCE,0,-1,RCE
109,88,2,0,4,35,0.036697247706422,0.3211009174311927,0,12,99,736,397,0,200,48,2,0.4403669724770642,RCE,0,-1,RCE
77,20,3,1,3,16,0.0389610389610389,0.2077922077922078,35,12,99,747,397,0,401,41,2,0.5324675324675324,Log Forging,0,-1,Log Forging
96,19,3,1,4,22,0.0416666666666666,0.2291666666666666,55,12,76,703,397,0,200,49565,2,516.3020833333334,SQL Injection,0,-1,SQL Injection
78,57,4,0,8,21,0.1025641025641025,0.2692307692307692,0,12,121,769,397,0,200,50,2,0.6410256410256411,RCE,0,-1,RCE
80,20,3,1,3,16,0.0375,0.2,38,12,77,705,397,0,401,41,2,0.5125,Log Forging,0,-1,Log Forging
109,88,2,0,4,35,0.036697247706422,0.3211009174311927,0,12,72,697,397,0,200,48,2,0.4403669724770642,RCE,0,-1,RCE
33,12,1,0,0,8,0.0,0.2424242424242424,0,14,72,1011,397,0,302,211,4,6.393939393939394,Cookie Injection,1,-1,Cookie Injection
101,11,2,2,2,20,0.0198019801980198,0.198019801980198,68,12,82,710,397,0,401,26,2,0.2574257425742574,SQL Injection,0,-1,SQL Injection
33,12,1,0,0,8,0.0,0.2424242424242424,0,14,66,1017,397,0,302,211,4,6.393939393939394,Cookie Injection,1,-1,Cookie Injection
69,48,5,0,0,14,0.0,0.2028985507246377,0,12,76,706,397,0,404,207,2,3.0,Normal,0,-1,LOG4J
109,88,2,0,4,35,0.036697247706422,0.3211009174311927,0,12,69,697,397,0,200,48,2,0.4403669724770642,RCE,0,-1,RCE
33,12,1,0,0,8,0.0,0.2424242424242424,0,14,105,1073,397,0,302,211,4,6.393939393939394,Cookie Injection,1,-1,Cookie Injection
22,1,0,0,0,8,0.0,0.3636363636363636,0,12,111,759,397,0,200,34,2,1.5454545454545454,Normal,0,-1,LOG4J
80,59,12,0,0,37,0.0,0.4625,0,12,107,735,397,0,200,66,2,0.825,Directory Traversal,0,-1,Directory Traversal
69,48,5,0,0,14,0.0,0.2028985507246377,0,12,119,765,397,0,404,207,2,3.0,Normal,0,-1,LOG4J
72,51,8,0,0,28,0.0,0.3888888888888889,0,12,100,739,397,0,200,58,2,0.8055555555555556,Directory Traversal,0,-1,Directory Traversal
83,62,13,0,0,40,0.0,0.4819277108433735,0,12,111,738,397,0,200,69,2,0.8313253012048193,Directory Traversal,0,-1,Directory Traversal
81,20,3,1,3,16,0.037037037037037,0.1975308641975308,39,12,106,743,397,0,401,41,2,0.5061728395061729,Log Forging,0,-1,Log Forging
75,54,9,0,0,31,0.0,0.4133333333333333,0,12,112,749,397,0,200,61,2,0.8133333333333334,Directory Traversal,0,-1,Directory Traversal
78,20,3,1,3,16,0.0384615384615384,0.2051282051282051,36,12,76,722,397,0,401,41,2,0.5256410256410257,Log Forging,0,-1,Log Forging
100,11,2,2,2,20,0.02,0.2,67,12,103,740,397,0,401,26,2,0.26,SQL Injection,0,-1,SQL Injection
121,11,2,2,2,20,0.0165289256198347,0.1652892561983471,88,12,81,727,397,0,401,26,2,0.2148760330578512,SQL Injection,0,-1,SQL Injection
106,11,2,2,2,20,0.0188679245283018,0.1886792452830188,73,12,102,750,397,0,401,26,2,0.2452830188679245,SQL Injection,0,-1,SQL Injection
78,57,4,0,8,21,0.1025641025641025,0.2692307692307692,0,12,107,746,397,0,200,50,2,0.6410256410256411,RCE,0,-1,RCE
33,12,1,0,0,8,0.0,0.2424242424242424,0,14,68,1003,397,0,302,211,4,6.393939393939394,Cookie Injection,1,-1,Cookie Injection
83,62,13,0,0,40,0.0,0.4819277108433735,0,12,107,744,397,0,200,69,2,0.8313253012048193,Directory Traversal,0,-1,Directory Traversal
71,50,9,0,0,28,0.0,0.3943661971830985,0,12,77,702,397,0,200,57,2,0.8028169014084507,Directory Traversal,0,-1,Directory Traversal
33,12,1,0,0,8,0.0,0.2424242424242424,0,14,77,1014,397,0,302,211,4,6.393939393939394,Cookie Injection,1,-1,Cookie Injection
81,60,11,0,0,37,0.0,0.4567901234567901,0,12,101,729,397,0,200,67,2,0.8271604938271605,Directory Traversal,0,-1,Directory Traversal
83,62,13,0,0,40,0.0,0.4819277108433735,0,12,77,714,397,0,200,69,2,0.8313253012048193,Directory Traversal,0,-1,Directory Traversal
92,19,3,1,4,21,0.0434782608695652,0.2282608695652173,51,12,65,692,397,0,200,198,2,2.152173913043478,SQL Injection,0,-1,SQL Injection
80,20,3,1,3,16,0.0375,0.2,38,12,72,718,397,0,401,41,2,0.5125,Log Forging,0,-1,Log Forging
33,12,1,0,0,8,0.0,0.2424242424242424,0,14,107,1058,397,0,302,211,4,6.393939393939394,Cookie Injection,1,-1,Cookie Injection
111,11,2,2,2,20,0.018018018018018,0.1801801801801801,78,12,99,736,397,0,401,26,2,0.2342342342342342,SQL Injection,0,-1,SQL Injection
78,57,4,0,8,21,0.1025641025641025,0.2692307692307692,0,12,65,704,397,0,200,50,2,0.6410256410256411,RCE,0,-1,RCE
109,88,2,0,4,35,0.036697247706422,0.3211009174311927,0,12,72,720,397,0,200,48,2,0.4403669724770642,RCE,0,-1,RCE
121,11,2,2,2,20,0.0165289256198347,0.1652892561983471,88,12,77,725,397,0,401,26,2,0.2148760330578512,SQL Injection,0,-1,SQL Injection
109,88,2,0,4,35,0.036697247706422,0.3211009174311927,0,12,76,715,397,0,200,48,2,0.4403669724770642,RCE,0,-1,RCE
33,12,1,0,0,8,0.0,0.2424242424242424,0,14,107,1046,397,0,302,211,4,6.393939393939394,Cookie Injection,1,-1,Cookie Injection
111,11,2,2,2,20,0.018018018018018,0.1801801801801801,78,12,65,690,397,0,401,26,2,0.2342342342342342,SQL Injection,0,-1,SQL Injection
85,20,3,1,4,17,0.0470588235294117,0.2,43,12,81,711,397,0,401,41,2,0.4823529411764706,Log Forging,0,-1,Log Forging
22,1,0,0,0,8,0.0,0.3636363636363636,0,12,102,750,397,0,200,34,2,1.5454545454545454,Normal,0,-1,LOG4J
69,48,5,0,0,14,0.0,0.2028985507246377,0,12,100,748,397,0,404,207,2,3.0,Normal,0,-1,LOG4J
80,20,3,1,3,16,0.0375,0.2,38,12,103,742,397,0,401,41,2,0.5125,Log Forging,0,-1,Log Forging
22,1,0,0,0,8,0.0,0.3636363636363636,0,12,105,849,397,0,200,34,2,1.5454545454545454,LOG4J,0,-1,LOG4J
109,88,2,0,4,35,0.036697247706422,0.3211009174311927,0,12,66,705,397,0,200,48,2,0.4403669724770642,RCE,0,-1,RCE
118,11,2,2,2,20,0.0169491525423728,0.1694915254237288,85,12,77,702,397,0,401,26,2,0.2203389830508474,SQL Injection,0,-1,SQL Injection
77,20,3,1,3,16,0.0389610389610389,0.2077922077922078,35,12,65,704,397,0,401,41,2,0.5324675324675324,Log Forging,0,-1,Log Forging
93,19,3,1,4,21,0.043010752688172,0.2258064516129032,52,12,121,760,397,0,200,32,2,0.3440860215053763,SQL Injection,0,-1,SQL Injection
30,9,2,0,0,9,0.0,0.3,0,12,72,709,397,0,308,249,3,8.3,Normal,0,-1,LOG4J
84,63,12,0,0,40,0.0,0.4761904761904761,0,12,68,698,397,0,200,70,2,0.8333333333333334,Directory Traversal,0,-1,Directory Traversal
113,92,2,0,5,32,0.0442477876106194,0.2831858407079646,0,12,107,732,397,0,200,20,2,0.1769911504424778,RCE,0,-1,RCE
33,12,1,0,0,8,0.0,0.2424242424242424,0,14,105,1045,397,0,302,211,4,6.393939393939394,Cookie Injection,1,-1,Cookie Injection
70,49,5,0,0,14,0.0,0.2,0,12,81,727,397,0,404,207,2,2.9571428571428573,Normal,0,-1,LOG4J
30,9,2,0,0,9,0.0,0.3,0,12,102,730,397,0,308,249,3,8.3,Normal,0,-1,LOG4J
33,12,1,0,0,8,0.0,0.2424242424242424,0,14,76,1014,397,0,302,211,4,6.393939393939394,Cookie Injection,1,-1,Cookie Injection
30,9,2,0,0,9,0.0,0.3,0,12,108,745,397,0,308,249,3,8.3,Normal,0,-1,LOG4J
101,11,2,2,2,20,0.0198019801980198,0.198019801980198,68,12,112,760,397,0,401,26,2,0.2574257425742574,SQL Injection,0,-1,SQL Injection
113,92,2,0,5,32,0.0442477876106194,0.2831858407079646,0,12,111,739,397,0,200,20,2,0.1769911504424778,RCE,0,-1,RCE
80,59,12,0,0,37,0.0,0.4625,0,12,106,745,397,0,200,66,2,0.825,Directory Traversal,0,-1,Directory Traversal
33,12,1,0,0,8,0.0,0.2424242424242424,0,14,69,1013,397,0,302,211,4,6.393939393939394,Cookie Injection,1,-1,Cookie Injection
103,11,2,2,2,20,0.0194174757281553,0.1941747572815534,70,12,107,732,397,0,401,26,2,0.2524271844660194,SQL Injection,0,-1,SQL Injection
104,11,2,2,2,20,0.0192307692307692,0.1923076923076923,71,12,107,744,397,0,401,26,2,0.25,SQL Injection,0,-1,SQL Injection
96,19,3,1,4,22,0.0416666666666666,0.2291666666666666,55,12,103,731,397,0,200,49565,2,516.3020833333334,SQL Injection,0,-1,SQL Injection
22,1,0,0,0,8,0.0,0.3636363636363636,0,12,100,728,397,0,200,34,2,1.5454545454545454,Normal,0,-1,LOG4J
106,11,2,2,2,20,0.0188679245283018,0.1886792452830188,73,12,82,709,397,0,401,26,2,0.2452830188679245,SQL Injection,0,-1,SQL Injection
107,11,2,2,2,20,0.0186915887850467,0.1869158878504672,74,12,112,740,397,0,401,26,2,0.2429906542056074,SQL Injection,0,-1,SQL Injection
33,12,1,0,0,8,0.0,0.2424242424242424,0,14,111,1052,397,0,302,211,4,6.393939393939394,Cookie Injection,1,-1,Cookie Injection
81,20,3,1,3,16,0.037037037037037,0.1975308641975308,39,12,77,716,397,0,401,41,2,0.5061728395061729,Log Forging,0,-1,Log Forging
33,12,1,0,0,8,0.0,0.2424242424242424,0,14,107,1048,397,0,302,211,4,6.393939393939394,Cookie Injection,1,-1,Cookie Injection
89,19,3,1,4,21,0.0449438202247191,0.2359550561797752,48,12,111,759,397,0,200,307960,2,3460.224719101124,SQL Injection,0,-1,SQL Injection
80,20,3,1,3,16,0.0375,0.2,38,12,66,703,397,0,401,41,2,0.5125,Log Forging,0,-1,Log Forging
108,11,2,2,2,20,0.0185185185185185,0.1851851851851851,75,12,82,721,397,0,401,26,2,0.2407407407407407,SQL Injection,0,-1,SQL Injection
69,48,5,0,0,14,0.0,0.2028985507246377,0,12,107,755,397,0,404,207,2,3.0,Normal,0,-1,LOG4J
33,12,1,0,0,8,0.0,0.2424242424242424,0,14,81,1022,397,0,302,211,4,6.393939393939394,Cookie Injection,1,-1,Cookie Injection
69,48,5,0,0,14,0.0,0.2028985507246377,0,12,72,699,397,0,404,207,2,3.0,Normal,0,-1,LOG4J
106,11,2,2,2,20,0.0188679245283018,0.1886792452830188,73,12,72,709,397,0,401,26,2,0.2452830188679245,SQL Injection,0,-1,SQL Injection
116,11,2,2,2,20,0.0172413793103448,0.1724137931034483,83,12,65,704,397,0,401,26,2,0.2241379310344827,SQL Injection,0,-1,SQL Injection
69,48,5,0,0,14,0.0,0.2028985507246377,0,12,77,716,397,0,404,207,2,3.0,Normal,0,-1,LOG4J
30,9,2,0,0,9,0.0,0.3,0,12,72,757,397,0,308,249,3,8.3,LOG4J,0,-1,LOG4J
69,48,5,0,0,14,0.0,0.2028985507246377,0,12,72,702,397,0,404,207,2,3.0,Normal,0,-1,LOG4J
33,12,1,0,0,8,0.0,0.2424242424242424,0,14,66,1036,397,0,302,211,4,6.393939393939394,Cookie Injection,1,-1,Cookie Injection
33,12,1,0,0,8,0.0,0.2424242424242424,0,14,102,1062,397,0,302,211,4,6.393939393939394,Cookie Injection,1,-1,Cookie Injection
84,20,3,1,4,17,0.0476190476190476,0.2023809523809523,42,12,77,725,397,0,401,41,2,0.4880952380952381,Log Forging,0,-1,Log Forging
103,11,2,2,2,20,0.0194174757281553,0.1941747572815534,70,12,68,696,397,0,401,26,2,0.2524271844660194,SQL Injection,0,-1,SQL Injection
33,12,1,0,0,8,0.0,0.2424242424242424,0,14,81,1032,397,0,302,211,4,6.393939393939394,Cookie Injection,1,-1,Cookie Injection
22,1,0,0,0,8,0.0,0.3636363636363636,0,12,65,850,397,0,200,34,2,1.5454545454545454,LOG4J,0,-1,LOG4J
81,60,11,0,0,37,0.0,0.4567901234567901,0,12,77,705,397,0,200,67,2,0.8271604938271605,Directory Traversal,0,-1,Directory Traversal
106,11,2,2,2,20,0.0188679245283018,0.1886792452830188,73,12,72,718,397,0,401,26,2,0.2452830188679245,SQL Injection,0,-1,SQL Injection
30,9,2,0,0,9,0.0,0.3,0,12,76,701,397,0,308,249,3,8.3,Normal,0,-1,LOG4J
74,53,10,0,0,31,0.0,0.4189189189189189,0,12,68,716,397,0,200,60,2,0.8108108108108109,Directory Traversal,0,-1,Directory Traversal
33,12,1,0,0,8,0.0,0.2424242424242424,0,14,81,1049,397,0,302,211,4,6.393939393939394,Cookie Injection,1,-1,Cookie Injection
33,12,1,0,0,8,0.0,0.2424242424242424,0,14,65,1007,397,0,302,211,4,6.393939393939394,Cookie Injection,1,-1,Cookie Injection
33,12,1,0,0,8,0.0,0.2424242424242424,0,14,72,1014,397,0,302,211,4,6.393939393939394,Cookie Injection,1,-1,Cookie Injection
77,20,3,1,3,16,0.0389610389610389,0.2077922077922078,35,12,65,695,397,0,401,41,2,0.5324675324675324,Log Forging,0,-1,Log Forging
82,20,3,1,3,16,0.0365853658536585,0.1951219512195122,40,12,107,755,397,0,401,41,2,0.5,Log Forging,0,-1,Log Forging
113,92,2,0,5,32,0.0442477876106194,0.2831858407079646,0,12,107,732,397,0,200,20,2,0.1769911504424778,RCE,0,-1,RCE
113,92,2,0,5,32,0.0442477876106194,0.2831858407079646,0,12,103,740,397,0,200,20,2,0.1769911504424778,RCE,0,-1,RCE
78,57,4,0,8,21,0.1025641025641025,0.2692307692307692,0,12,111,750,397,0,200,50,2,0.6410256410256411,RCE,0,-1,RCE
109,88,2,0,4,35,0.036697247706422,0.3211009174311927,0,12,107,744,397,0,200,48,2,0.4403669724770642,RCE,0,-1,RCE
33,12,1,0,0,8,0.0,0.2424242424242424,0,14,72,1014,397,0,302,211,4,6.393939393939394,Cookie Injection,1,-1,Cookie Injection
69,48,5,0,0,14,0.0,0.2028985507246377,0,12,72,720,397,0,404,207,2,3.0,Normal,0,-1,LOG4J
69,48,7,0,0,25,0.0,0.3623188405797101,0,12,82,707,397,0,200,55,2,0.7971014492753623,Directory Traversal,0,-1,Directory Traversal
113,92,2,0,5,32,0.0442477876106194,0.2831858407079646,0,12,65,693,397,0,200,20,2,0.1769911504424778,RCE,0,-1,RCE
78,57,4,0,8,21,0.1025641025641025,0.2692307692307692,0,12,76,703,397,0,200,50,2,0.6410256410256411,RCE,0,-1,RCE
108,11,2,2,2,20,0.0185185185185185,0.1851851851851851,75,12,68,705,397,0,401,26,2,0.2407407407407407,SQL Injection,0,-1,SQL Injection
109,11,2,2,2,20,0.018348623853211,0.1834862385321101,76,12,72,700,397,0,401,26,2,0.2385321100917431,SQL Injection,0,-1,SQL Injection
69,48,5,0,0,14,0.0,0.2028985507246377,0,12,68,714,397,0,404,207,2,3.0,Normal,0,-1,LOG4J
100,11,2,2,2,20,0.02,0.2,67,12,107,755,397,0,401,26,2,0.26,SQL Injection,0,-1,SQL Injection
108,11,2,2,2,20,0.0185185185185185,0.1851851851851851,75,12,102,727,397,0,401,26,2,0.2407407407407407,SQL Injection,0,-1,SQL Injection
30,9,2,0,0,9,0.0,0.3,0,12,72,711,397,0,308,249,3,8.3,Normal,0,-1,LOG4J
30,9,2,0,0,9,0.0,0.3,0,12,65,744,397,0,308,249,3,8.3,LOG4J,0,-1,LOG4J
33,12,1,0,0,8,0.0,0.2424242424242424,0,14,100,1061,397,0,302,211,4,6.393939393939394,Cookie Injection,1,-1,Cookie Injection
77,56,11,0,0,34,0.0,0.4415584415584415,0,12,111,748,397,0,200,63,2,0.8181818181818182,Directory Traversal,0,-1,Directory Traversal
109,88,2,0,4,35,0.036697247706422,0.3211009174311927,0,12,65,690,397,0,200,48,2,0.4403669724770642,RCE,0,-1,RCE
22,1,0,0,0,8,0.0,0.3636363636363636,0,12,107,755,397,0,200,34,2,1.5454545454545454,Normal,0,-1,LOG4J
30,9,2,0,0,9,0.0,0.3,0,12,72,702,397,0,308,249,3,8.3,Normal,0,-1,LOG4J
22,1,0,0,0,8,0.0,0.3636363636363636,0,12,107,895,555,0,200,34,2,1.5454545454545454,LOG4J,0,-1,LOG4J
78,57,4,0,8,21,0.1025641025641025,0.2692307692307692,0,12,66,714,397,0,200,50,2,0.6410256410256411,RCE,0,-1,RCE
106,11,2,2,2,20,0.0188679245283018,0.1886792452830188,73,12,107,735,397,0,401,26,2,0.2452830188679245,SQL Injection,0,-1,SQL Injection
113,92,2,0,5,32,0.0442477876106194,0.2831858407079646,0,12,100,730,397,0,200,20,2,0.1769911504424778,RCE,0,-1,RCE
96,19,3,1,4,22,0.0416666666666666,0.2291666666666666,55,12,66,691,397,0,200,49565,2,516.3020833333334,SQL Injection,0,-1,SQL Injection
109,88,2,0,4,35,0.036697247706422,0.3211009174311927,0,12,112,740,397,0,200,48,2,0.4403669724770642,RCE,0,-1,RCE
82,20,3,1,3,16,0.0365853658536585,0.1951219512195122,40,12,121,749,397,0,401,41,2,0.5,Log Forging,0,-1,Log Forging
33,12,1,0,0,8,0.0,0.2424242424242424,0,14,99,1038,397,0,302,211,4,6.393939393939394,Cookie Injection,1,-1,Cookie Injection
22,1,0,0,0,8,0.0,0.3636363636363636,0,12,69,694,397,0,200,34,2,1.5454545454545454,Normal,0,-1,LOG4J
93,19,3,1,4,21,0.043010752688172,0.2258064516129032,52,12,121,760,397,0,200,32,2,0.3440860215053763,SQL Injection,0,-1,SQL Injection
33,12,1,0,0,8,0.0,0.2424242424242424,0,14,99,1043,397,0,302,211,4,6.393939393939394,Cookie Injection,1,-1,Cookie Injection
69,48,7,0,0,25,0.0,0.3623188405797101,0,12,106,752,397,0,200,55,2,0.7971014492753623,Directory Traversal,0,-1,Directory Traversal
78,20,3,1,3,16,0.0384615384615384,0.2051282051282051,36,12,112,739,397,0,401,41,2,0.5256410256410257,Log Forging,0,-1,Log Forging
22,1,0,0,0,8,0.0,0.3636363636363636,0,12,66,756,457,0,200,34,2,1.5454545454545454,LOG4J,0,-1,LOG4J
22,1,0,0,0,8,0.0,0.3636363636363636,0,12,108,756,397,0,200,34,2,1.5454545454545454,Normal,0,-1,LOG4J
109,88,2,0,4,35,0.036697247706422,0.3211009174311927,0,12,103,728,397,0,200,48,2,0.4403669724770642,RCE,0,-1,RCE
113,92,2,0,5,32,0.0442477876106194,0.2831858407079646,0,12,119,747,397,0,200,20,2,0.1769911504424778,RCE,0,-1,RCE
101,11,2,2,2,20,0.0198019801980198,0.198019801980198,68,12,121,748,397,0,401,26,2,0.2574257425742574,SQL Injection,0,-1,SQL Injection
33,12,1,0,0,8,0.0,0.2424242424242424,0,14,105,1044,397,0,302,211,4,6.393939393939394,Cookie Injection,1,-1,Cookie Injection
39,18,2,0,0,10,0.0,0.2564102564102564,0,12,119,765,397,0,200,3719,2,95.35897435897436,Normal,0,-1,LOG4J
30,9,2,0,0,9,0.0,0.3,0,12,102,739,397,0,308,249,3,8.3,Normal,0,-1,LOG4J
77,20,3,1,3,16,0.0389610389610389,0.2077922077922078,35,12,69,708,397,0,401,41,2,0.5324675324675324,Log Forging,0,-1,Log Forging
33,12,1,0,0,8,0.0,0.2424242424242424,0,14,77,1016,397,0,302,211,4,6.393939393939394,Cookie Injection,1,-1,Cookie Injection
108,11,2,2,2,20,0.0185185185185185,0.1851851851851851,75,12,76,706,397,0,401,26,2,0.2407407407407407,SQL Injection,0,-1,SQL Injection
75,54,9,0,0,31,0.0,0.4133333333333333,0,12,76,722,397,0,200,61,2,0.8133333333333334,Directory Traversal,0,-1,Directory Traversal
71,50,9,0,0,28,0.0,0.3943661971830985,0,12,99,724,397,0,200,57,2,0.8028169014084507,Directory Traversal,0,-1,Directory Traversal
22,1,0,0,0,8,0.0,0.3636363636363636,0,12,105,751,397,0,200,34,2,1.5454545454545454,Normal,0,-1,LOG4J
91,19,3,1,4,21,0.0439560439560439,0.2307692307692307,50,12,108,756,397,0,200,24,2,0.2637362637362637,SQL Injection,0,-1,SQL Injection
78,20,3,1,3,16,0.0384615384615384,0.2051282051282051,36,12,82,728,397,0,401,41,2,0.5256410256410257,Log Forging,0,-1,Log Forging
33,12,1,0,0,8,0.0,0.2424242424242424,0,14,69,1020,397,0,302,211,4,6.393939393939394,Cookie Injection,1,-1,Cookie Injection
84,20,3,1,3,16,0.0357142857142857,0.1904761904761904,42,12,81,708,397,0,401,41,2,0.4880952380952381,Log Forging,0,-1,Log Forging
78,20,3,1,3,16,0.0384615384615384,0.2051282051282051,36,12,77,705,397,0,401,41,2,0.5256410256410257,Log Forging,0,-1,Log Forging
108,11,2,2,2,20,0.0185185185185185,0.1851851851851851,75,12,99,745,397,0,401,26,2,0.2407407407407407,SQL Injection,0,-1,SQL Injection
77,20,3,1,3,16,0.0389610389610389,0.2077922077922078,35,12,107,753,397,0,401,41,2,0.5324675324675324,Log Forging,0,-1,Log Forging
75,20,3,1,3,16,0.04,0.2133333333333333,33,12,106,754,397,0,401,41,2,0.5466666666666666,Log Forging,0,-1,Log Forging
107,11,2,2,2,20,0.0186915887850467,0.1869158878504672,74,12,77,702,397,0,401,26,2,0.2429906542056074,SQL Injection,0,-1,SQL Injection
80,20,3,1,3,16,0.0375,0.2,38,12,111,739,397,0,401,41,2,0.5125,Log Forging,0,-1,Log Forging
109,11,2,2,2,20,0.018348623853211,0.1834862385321101,76,12,99,745,397,0,401,26,2,0.2385321100917431,SQL Injection,0,-1,SQL Injection
33,12,1,0,0,8,0.0,0.2424242424242424,0,14,105,1042,397,0,302,211,4,6.393939393939394,Cookie Injection,1,-1,Cookie Injection
109,88,2,0,4,35,0.036697247706422,0.3211009174311927,0,12,77,704,397,0,200,48,2,0.4403669724770642,RCE,0,-1,RCE
72,51,8,0,0,28,0.0,0.3888888888888889,0,12,65,713,397,0,200,58,2,0.8055555555555556,Directory Traversal,0,-1,Directory Traversal
79,20,3,1,3,16,0.0379746835443038,0.2025316455696202,37,12,72,720,397,0,401,41,2,0.5189873417721519,Log Forging,0,-1,Log Forging
33,12,1,0,0,8,0.0,0.2424242424242424,0,14,106,1068,397,0,302,211,4,6.393939393939394,Cookie Injection,1,-1,Cookie Injection
109,88,2,0,4,35,0.036697247706422,0.3211009174311927,0,12,107,732,397,0,200,48,2,0.4403669724770642,RCE,0,-1,RCE
33,12,1,0,0,8,0.0,0.2424242424242424,0,14,102,1041,397,0,302,211,4,6.393939393939394,Cookie Injection,1,-1,Cookie Injection
33,12,1,0,0,8,0.0,0.2424242424242424,0,14,101,1043,397,0,302,211,4,6.393939393939394,Cookie Injection,1,-1,Cookie Injection
89,19,3,1,4,21,0.0449438202247191,0.2359550561797752,48,12,107,744,397,0,200,307960,2,3460.224719101124,SQL Injection,0,-1,SQL Injection
22,1,0,0,0,8,0.0,0.3636363636363636,0,12,112,772,418,0,200,34,2,1.5454545454545454,LOG4J,0,-1,LOG4J
109,88,2,0,4,35,0.036697247706422,0.3211009174311927,0,12,99,724,397,0,200,48,2,0.4403669724770642,RCE,0,-1,RCE
45,24,4,0,0,11,0.0,0.2444444444444444,0,12,72,762,397,0,200,3320,2,73.77777777777777,LOG4J,0,-1,LOG4J
109,11,2,2,2,20,0.018348623853211,0.1834862385321101,76,12,81,729,397,0,401,26,2,0.2385321100917431,SQL Injection,0,-1,SQL Injection
33,12,1,0,0,8,0.0,0.2424242424242424,0,14,68,1028,397,0,302,211,4,6.393939393939394,Cookie Injection,1,-1,Cookie Injection
78,20,3,1,3,16,0.0384615384615384,0.2051282051282051,36,12,68,695,397,0,401,41,2,0.5256410256410257,Log Forging,0,-1,Log Forging
112,11,2,2,2,20,0.0178571428571428,0.1785714285714285,79,12,112,760,397,0,401,26,2,0.2321428571428571,SQL Injection,0,-1,SQL Injection
109,88,2,0,4,35,0.036697247706422,0.3211009174311927,0,12,102,727,397,0,200,48,2,0.4403669724770642,RCE,0,-1,RCE
69,48,5,0,0,14,0.0,0.2028985507246377,0,12,81,720,397,0,404,207,2,3.0,Normal,0,-1,LOG4J
74,53,10,0,0,31,0.0,0.4189189189189189,0,12,82,709,397,0,200,60,2,0.8108108108108109,Directory Traversal,0,-1,Directory Traversal
39,18,2,0,0,10,0.0,0.2564102564102564,0,12,69,699,397,0,200,2734,2,70.1025641025641,Normal,0,-1,LOG4J
33,12,1,0,0,8,0.0,0.2424242424242424,0,14,108,1061,397,0,302,211,4,6.393939393939394,Cookie Injection,1,-1,Cookie Injection
78,57,4,0,8,21,0.1025641025641025,0.2692307692307692,0,12,69,715,397,0,200,50,2,0.6410256410256411,RCE,0,-1,RCE
78,20,3,1,3,16,0.0384615384615384,0.2051282051282051,36,12,72,711,397,0,401,41,2,0.5256410256410257,Log Forging,0,-1,Log Forging
33,12,1,0,0,8,0.0,0.2424242424242424,0,14,99,1043,397,0,302,211,4,6.393939393939394,Cookie Injection,1,-1,Cookie Injection
33,12,1,0,0,8,0.0,0.2424242424242424,0,14,65,1012,397,0,302,211,4,6.393939393939394,Cookie Injection,1,-1,Cookie Injection
33,12,1,0,0,8,0.0,0.2424242424242424,0,14,107,1048,397,0,302,211,4,6.393939393939394,Cookie Injection,1,-1,Cookie Injection
82,20,3,1,4,17,0.048780487804878,0.2073170731707317,40,12,72,697,397,0,401,41,2,0.5,Log Forging,0,-1,Log Forging
69,48,5,0,0,14,0.0,0.2028985507246377,0,12,81,729,397,0,404,207,2,3.0,Normal,0,-1,LOG4J
33,12,2,0,0,9,0.0,0.2727272727272727,0,12,72,700,397,0,200,1604,2,48.60606060606061,Normal,0,-1,LOG4J
109,88,2,0,4,35,0.036697247706422,0.3211009174311927,0,12,107,737,397,0,200,48,2,0.4403669724770642,RCE,0,-1,RCE
89,19,3,1,4,21,0.0449438202247191,0.2359550561797752,48,12,101,749,397,0,200,307960,2,3460.224719101124,SQL Injection,0,-1,SQL Injection
80,20,3,1,3,16,0.0375,0.2,38,12,72,720,397,0,401,41,2,0.5125,Log Forging,0,-1,Log Forging
75,54,9,0,0,31,0.0,0.4133333333333333,0,12,65,713,397,0,200,61,2,0.8133333333333334,Directory Traversal,0,-1,Directory Traversal
81,60,11,0,0,37,0.0,0.4567901234567901,0,12,65,693,397,0,200,67,2,0.8271604938271605,Directory Traversal,0,-1,Directory Traversal
80,20,3,1,3,16,0.0375,0.2,38,12,72,720,397,0,401,41,2,0.5125,Log Forging,0,-1,Log Forging
22,1,0,0,0,8,0.0,0.3636363636363636,0,12,121,769,397,0,200,34,2,1.5454545454545454,Normal,0,-1,LOG4J
69,48,7,0,0,25,0.0,0.3623188405797101,0,12,101,738,397,0,200,55,2,0.7971014492753623,Directory Traversal,0,-1,Directory Traversal
72,51,8,0,0,28,0.0,0.3888888888888889,0,12,107,732,397,0,200,58,2,0.8055555555555556,Directory Traversal,0,-1,Directory Traversal
113,11,2,2,2,20,0.0176991150442477,0.1769911504424778,80,12,77,725,397,0,401,26,2,0.2300884955752212,SQL Injection,0,-1,SQL Injection
80,59,12,0,0,37,0.0,0.4625,0,12,82,709,397,0,200,66,2,0.825,Directory Traversal,0,-1,Directory Traversal
22,1,0,0,0,8,0.0,0.3636363636363636,0,12,65,970,663,0,200,34,2,1.5454545454545454,LOG4J,0,-1,LOG4J
30,9,2,0,0,9,0.0,0.3,0,12,105,753,397,0,308,249,3,8.3,Normal,0,-1,LOG4J
44,23,4,0,0,11,0.0,0.25,0,12,66,696,397,0,200,3320,2,75.45454545454545,Normal,0,-1,LOG4J
22,1,0,0,0,8,0.0,0.3636363636363636,0,12,103,749,397,0,200,34,2,1.5454545454545454,Normal,0,-1,LOG4J
33,12,1,0,0,8,0.0,0.2424242424242424,0,14,72,1023,397,0,302,211,4,6.393939393939394,Cookie Injection,1,-1,Cookie Injection
109,11,2,2,2,20,0.018348623853211,0.1834862385321101,76,12,112,737,397,0,401,26,2,0.2385321100917431,SQL Injection,0,-1,SQL Injection
78,57,10,0,0,34,0.0,0.4358974358974359,0,12,106,752,397,0,200,64,2,0.8205128205128205,Directory Traversal,0,-1,Directory Traversal
69,48,5,0,0,14,0.0,0.2028985507246377,0,12,72,795,397,0,404,207,2,3.0,LOG4J,0,-1,LOG4J
44,23,4,0,0,11,0.0,0.25,0,12,121,871,397,0,200,3320,2,75.45454545454545,LOG4J,0,-1,LOG4J
103,11,2,2,2,20,0.0194174757281553,0.1941747572815534,70,12,102,729,397,0,401,26,2,0.2524271844660194,SQL Injection,0,-1,SQL Injection
72,51,8,0,0,28,0.0,0.3888888888888889,0,12,77,716,397,0,200,58,2,0.8055555555555556,Directory Traversal,0,-1,Directory Traversal
71,50,9,0,0,28,0.0,0.3943661971830985,0,12,107,737,397,0,200,57,2,0.8028169014084507,Directory Traversal,0,-1,Directory Traversal
107,11,2,2,2,20,0.0186915887850467,0.1869158878504672,74,12,107,755,397,0,401,26,2,0.2429906542056074,SQL Injection,0,-1,SQL Injection
92,19,3,1,4,22,0.0434782608695652,0.2391304347826087,51,12,65,692,397,0,200,204,2,2.217391304347826,SQL Injection,0,-1,SQL Injection
78,57,10,0,0,34,0.0,0.4358974358974359,0,12,77,716,397,0,200,64,2,0.8205128205128205,Directory Traversal,0,-1,Directory Traversal
84,63,12,0,0,40,0.0,0.4761904761904761,0,12,107,734,397,0,200,70,2,0.8333333333333334,Directory Traversal,0,-1,Directory Traversal
76,20,3,1,3,16,0.0394736842105263,0.2105263157894736,34,12,107,755,397,0,401,41,2,0.5394736842105263,Log Forging,0,-1,Log Forging
89,19,3,1,4,21,0.0449438202247191,0.2359550561797752,48,12,65,711,397,0,200,307960,2,3460.224719101124,SQL Injection,0,-1,SQL Injection
33,12,2,0,0,9,0.0,0.2727272727272727,0,12,77,725,397,0,200,2689,2,81.48484848484848,Normal,0,-1,LOG4J
113,92,2,0,5,32,0.0442477876106194,0.2831858407079646,0,12,82,709,397,0,200,20,2,0.1769911504424778,RCE,0,-1,RCE
84,20,3,1,4,17,0.0476190476190476,0.2023809523809523,42,12,72,720,397,0,401,41,2,0.4880952380952381,Log Forging,0,-1,Log Forging
84,20,3,1,4,17,0.0476190476190476,0.2023809523809523,42,12,65,702,397,0,401,41,2,0.4880952380952381,Log Forging,0,-1,Log Forging
109,88,2,0,4,35,0.036697247706422,0.3211009174311927,0,12,76,701,397,0,200,48,2,0.4403669724770642,RCE,0,-1,RCE
44,23,4,0,0,11,0.0,0.25,0,12,119,765,397,0,200,3320,2,75.45454545454545,Normal,0,-1,LOG4J
111,11,2,2,2,20,0.018018018018018,0.1801801801801801,78,12,107,744,397,0,401,26,2,0.2342342342342342,SQL Injection,0,-1,SQL Injection
77,20,3,1,3,16,0.0389610389610389,0.2077922077922078,35,12,65,702,397,0,401,41,2,0.5324675324675324,Log Forging,0,-1,Log Forging
99,11,2,2,2,20,0.0202020202020202,0.202020202020202,66,12,77,725,397,0,401,26,2,0.2626262626262626,SQL Injection,0,-1,SQL Injection
89,19,3,1,4,21,0.0449438202247191,0.2359550561797752,48,12,103,740,397,0,200,307960,2,3460.224719101124,SQL Injection,0,-1,SQL Injection
80,20,3,1,3,16,0.0375,0.2,38,12,108,735,397,0,401,41,2,0.5125,Log Forging,0,-1,Log Forging
69,48,5,0,0,14,0.0,0.2028985507246377,0,12,101,747,397,0,404,207,2,3.0,Normal,0,-1,LOG4J
111,11,2,2,2,20,0.018018018018018,0.1801801801801801,78,12,106,743,397,0,401,26,2,0.2342342342342342,SQL Injection,0,-1,SQL Injection
113,92,2,0,5,32,0.0442477876106194,0.2831858407079646,0,12,108,738,397,0,200,20,2,0.1769911504424778,RCE,0,-1,RCE
33,12,1,0,0,8,0.0,0.2424242424242424,0,14,107,1057,397,0,302,211,4,6.393939393939394,Cookie Injection,1,-1,Cookie Injection
30,9,2,0,0,9,0.0,0.3,0,12,100,737,397,0,308,249,3,8.3,Normal,0,-1,LOG4J
97,19,3,1,4,22,0.0412371134020618,0.2268041237113402,56,12,82,719,397,0,200,49565,2,510.97938144329896,SQL Injection,0,-1,SQL Injection
69,48,5,0,0,14,0.0,0.2028985507246377,0,12,65,692,397,0,404,207,2,3.0,Normal,0,-1,LOG4J
22,1,0,0,0,8,0.0,0.3636363636363636,0,12,107,755,397,0,200,34,2,1.5454545454545454,Normal,0,-1,LOG4J
68,47,8,0,0,25,0.0,0.3676470588235294,0,12,81,706,397,0,200,54,2,0.7941176470588235,Directory Traversal,0,-1,Directory Traversal
113,92,2,0,5,32,0.0442477876106194,0.2831858407079646,0,12,107,737,397,0,200,20,2,0.1769911504424778,RCE,0,-1,RCE
113,92,2,0,5,32,0.0442477876106194,0.2831858407079646,0,12,82,707,397,0,200,20,2,0.1769911504424778,RCE,0,-1,RCE
33,12,1,0,0,8,0.0,0.2424242424242424,0,14,101,1052,397,0,302,211,4,6.393939393939394,Cookie Injection,1,-1,Cookie Injection
22,1,0,0,0,8,0.0,0.3636363636363636,0,12,66,696,397,0,200,34,2,1.5454545454545454,Normal,0,-1,LOG4J
70,49,5,0,0,14,0.0,0.2,0,12,77,707,397,0,404,207,2,2.9571428571428573,Normal,0,-1,LOG4J
69,48,5,0,0,14,0.0,0.2028985507246377,0,12,68,693,397,0,404,207,2,3.0,Normal,0,-1,LOG4J
81,60,11,0,0,37,0.0,0.4567901234567901,0,12,121,758,397,0,200,67,2,0.8271604938271605,Directory Traversal,0,-1,Directory Traversal
113,92,2,0,5,32,0.0442477876106194,0.2831858407079646,0,12,66,705,397,0,200,20,2,0.1769911504424778,RCE,0,-1,RCE
78,57,4,0,8,21,0.1025641025641025,0.2692307692307692,0,12,65,695,397,0,200,50,2,0.6410256410256411,RCE,0,-1,RCE
71,50,9,0,0,28,0.0,0.3943661971830985,0,12,107,732,397,0,200,57,2,0.8028169014084507,Directory Traversal,0,-1,Directory Traversal
99,11,2,2,2,20,0.0202020202020202,0.202020202020202,66,12,105,753,397,0,401,26,2,0.2626262626262626,SQL Injection,0,-1,SQL Injection
33,12,1,0,0,8,0.0,0.2424242424242424,0,14,107,1060,397,0,302,211,4,6.393939393939394,Cookie Injection,1,-1,Cookie Injection
106,11,2,2,2,20,0.0188679245283018,0.1886792452830188,73,12,101,749,397,0,401,26,2,0.2452830188679245,SQL Injection,0,-1,SQL Injection
117,11,2,2,2,20,0.017094017094017,0.1709401709401709,84,12,66,703,397,0,401,26,2,0.2222222222222222,SQL Injection,0,-1,SQL Injection
83,62,13,0,0,40,0.0,0.4819277108433735,0,12,111,748,397,0,200,69,2,0.8313253012048193,Directory Traversal,0,-1,Directory Traversal
30,9,2,0,0,9,0.0,0.3,0,12,68,695,397,0,308,249,3,8.3,Normal,0,-1,LOG4J
96,19,3,1,4,22,0.0416666666666666,0.2291666666666666,55,12,107,755,397,0,200,49565,2,516.3020833333334,SQL Injection,0,-1,SQL Injection
22,1,0,0,0,8,0.0,0.3636363636363636,0,12,105,903,397,0,200,34,2,1.5454545454545454,LOG4J,0,-1,LOG4J
117,11,2,2,2,20,0.017094017094017,0.1709401709401709,84,12,77,704,397,0,401,26,2,0.2222222222222222,SQL Injection,0,-1,SQL Injection
33,12,1,0,0,8,0.0,0.2424242424242424,0,14,107,1060,397,0,302,211,4,6.393939393939394,Cookie Injection,1,-1,Cookie Injection
71,50,9,0,0,28,0.0,0.3943661971830985,0,12,81,711,397,0,200,57,2,0.8028169014084507,Directory Traversal,0,-1,Directory Traversal
89,19,3,1,4,21,0.0449438202247191,0.2359550561797752,48,12,65,692,397,0,200,307960,2,3460.224719101124,SQL Injection,0,-1,SQL Injection
22,1,0,0,0,8,0.0,0.3636363636363636,0,12,111,748,397,0,200,34,2,1.5454545454545454,Normal,0,-1,LOG4J
74,53,10,0,0,31,0.0,0.4189189189189189,0,12,102,750,397,0,200,60,2,0.8108108108108109,Directory Traversal,0,-1,Directory Traversal
69,48,5,0,0,14,0.0,0.2028985507246377,0,12,65,690,397,0,404,207,2,3.0,Normal,0,-1,LOG4J
22,1,0,0,0,8,0.0,0.3636363636363636,0,12,101,749,397,0,200,34,2,1.5454545454545454,Normal,0,-1,LOG4J
81,20,3,1,3,16,0.037037037037037,0.1975308641975308,39,12,107,753,397,0,401,41,2,0.5061728395061729,Log Forging,0,-1,Log Forging
33,12,1,0,0,8,0.0,0.2424242424242424,0,14,119,1056,397,0,302,211,4,6.393939393939394,Cookie Injection,1,-1,Cookie Injection
78,57,4,0,8,21,0.1025641025641025,0.2692307692307692,0,12,65,713,397,0,200,50,2,0.6410256410256411,RCE,0,-1,RCE
78,57,4,0,8,21,0.1025641025641025,0.2692307692307692,0,12,77,704,397,0,200,50,2,0.6410256410256411,RCE,0,-1,RCE
33,12,1,0,0,8,0.0,0.2424242424242424,0,14,100,1047,397,0,302,211,4,6.393939393939394,Cookie Injection,1,-1,Cookie Injection
107,11,2,2,2,20,0.0186915887850467,0.1869158878504672,74,12,100,727,397,0,401,26,2,0.2429906542056074,SQL Injection,0,-1,SQL Injection
105,11,2,2,2,20,0.019047619047619,0.1904761904761904,72,12,68,705,397,0,401,26,2,0.2476190476190476,SQL Injection,0,-1,SQL Injection
77,56,11,0,0,34,0.0,0.4415584415584415,0,12,65,711,397,0,200,63,2,0.8181818181818182,Directory Traversal,0,-1,Directory Traversal
75,20,3,1,3,16,0.04,0.2133333333333333,33,12,119,747,397,0,401,41,2,0.5466666666666666,Log Forging,0,-1,Log Forging
30,9,2,0,0,9,0.0,0.3,0,12,107,753,397,0,308,249,3,8.3,Normal,0,-1,LOG4J
104,11,2,2,2,20,0.0192307692307692,0.1923076923076923,71,12,99,727,397,0,401,26,2,0.25,SQL Injection,0,-1,SQL Injection
78,57,4,0,8,21,0.1025641025641025,0.2692307692307692,0,12,107,746,397,0,200,50,2,0.6410256410256411,RCE,0,-1,RCE
78,57,10,0,0,34,0.0,0.4358974358974359,0,12,68,693,397,0,200,64,2,0.8205128205128205,Directory Traversal,0,-1,Directory Traversal
74,53,10,0,0,31,0.0,0.4189189189189189,0,12,81,729,397,0,200,60,2,0.8108108108108109,Directory Traversal,0,-1,Directory Traversal
68,47,8,0,0,25,0.0,0.3676470588235294,0,12,77,725,397,0,200,54,2,0.7941176470588235,Directory Traversal,0,-1,Directory Traversal
108,11,2,2,2,20,0.0185185185185185,0.1851851851851851,75,12,112,740,397,0,401,26,2,0.2407407407407407,SQL Injection,0,-1,SQL Injection
109,88,2,0,4,35,0.036697247706422,0.3211009174311927,0,12,65,693,397,0,200,48,2,0.4403669724770642,RCE,0,-1,RCE
33,12,1,0,0,8,0.0,0.2424242424242424,0,14,65,1025,397,0,302,211,4,6.393939393939394,Cookie Injection,1,-1,Cookie Injection
78,57,4,0,8,21,0.1025641025641025,0.2692307692307692,0,12,106,752,397,0,200,50,2,0.6410256410256411,RCE,0,-1,RCE
30,9,2,0,0,9,0.0,0.3,0,12,107,753,397,0,308,249,3,8.3,Normal,0,-1,LOG4J
105,11,2,2,2,20,0.019047619047619,0.1904761904761904,72,12,100,748,397,0,401,26,2,0.2476190476190476,SQL Injection,0,-1,SQL Injection
30,9,2,0,0,9,0.0,0.3,0,12,77,702,397,0,308,249,3,8.3,Normal,0,-1,LOG4J
108,11,2,2,2,20,0.0185185185185185,0.1851851851851851,75,12,72,702,397,0,401,26,2,0.2407407407407407,SQL Injection,0,-1,SQL Injection
33,12,1,0,0,8,0.0,0.2424242424242424,0,14,66,1017,397,0,302,211,4,6.393939393939394,Cookie Injection,1,-1,Cookie Injection
106,11,2,2,2,20,0.0188679245283018,0.1886792452830188,73,12,65,704,397,0,401,26,2,0.2452830188679245,SQL Injection,0,-1,SQL Injection
123,11,2,2,2,20,0.016260162601626,0.1626016260162601,90,12,107,753,397,0,401,26,2,0.2113821138211382,SQL Injection,0,-1,SQL Injection
33,12,1,0,0,8,0.0,0.2424242424242424,0,14,107,1054,397,0,302,211,4,6.393939393939394,Cookie Injection,1,-1,Cookie Injection
39,18,2,0,0,10,0.0,0.2564102564102564,0,12,106,734,397,0,200,2666,2,68.35897435897436,Normal,0,-1,LOG4J
99,11,2,2,2,20,0.0202020202020202,0.202020202020202,66,12,69,715,397,0,401,26,2,0.2626262626262626,SQL Injection,0,-1,SQL Injection
30,9,2,0,0,9,0.0,0.3,0,12,107,800,451,0,308,249,3,8.3,LOG4J,0,-1,LOG4J
22,1,0,0,0,8,0.0,0.3636363636363636,0,12,119,747,397,0,200,34,2,1.5454545454545454,Normal,0,-1,LOG4J
33,12,1,0,0,8,0.0,0.2424242424242424,0,14,72,1013,397,0,302,211,4,6.393939393939394,Cookie Injection,1,-1,Cookie Injection
104,11,2,2,2,20,0.0192307692307692,0.1923076923076923,71,12,107,734,397,0,401,26,2,0.25,SQL Injection,0,-1,SQL Injection
69,48,5,0,0,14,0.0,0.2028985507246377,0,12,66,705,397,0,404,207,2,3.0,Normal,0,-1,LOG4J
96,19,3,1,4,22,0.0416666666666666,0.2291666666666666,55,12,108,738,397,0,200,49565,2,516.3020833333334,SQL Injection,0,-1,SQL Injection
33,12,1,0,0,8,0.0,0.2424242424242424,0,14,72,1007,397,0,302,211,4,6.393939393939394,Cookie Injection,1,-1,Cookie Injection
77,20,3,1,3,16,0.0389610389610389,0.2077922077922078,35,12,111,750,397,0,401,41,2,0.5324675324675324,Log Forging,0,-1,Log Forging
33,12,1,0,0,8,0.0,0.2424242424242424,0,14,77,1019,397,0,302,211,4,6.393939393939394,Cookie Injection,1,-1,Cookie Injection
22,1,0,0,0,8,0.0,0.3636363636363636,0,12,69,696,397,0,200,34,2,1.5454545454545454,Normal,0,-1,LOG4J
78,57,4,0,8,21,0.1025641025641025,0.2692307692307692,0,12,105,733,397,0,200,50,2,0.6410256410256411,RCE,0,-1,RCE
109,88,2,0,4,35,0.036697247706422,0.3211009174311927,0,12,107,744,397,0,200,48,2,0.4403669724770642,RCE,0,-1,RCE
96,19,3,1,4,22,0.0416666666666666,0.2291666666666666,55,12,76,724,397,0,200,49565,2,516.3020833333334,SQL Injection,0,-1,SQL Injection
68,47,8,0,0,25,0.0,0.3676470588235294,0,12,77,716,397,0,200,54,2,0.7941176470588235,Directory Traversal,0,-1,Directory Traversal
116,11,2,2,2,20,0.0172413793103448,0.1724137931034483,83,12,76,706,397,0,401,26,2,0.2241379310344827,SQL Injection,0,-1,SQL Injection
77,20,3,1,3,16,0.0389610389610389,0.2077922077922078,35,12,65,704,397,0,401,41,2,0.5324675324675324,Log Forging,0,-1,Log Forging
93,19,3,1,4,21,0.043010752688172,0.2258064516129032,52,12,121,746,397,0,200,32,2,0.3440860215053763,SQL Injection,0,-1,SQL Injection
76,20,3,1,3,16,0.0394736842105263,0.2105263157894736,34,12,69,708,397,0,401,41,2,0.5394736842105263,Log Forging,0,-1,Log Forging
78,57,4,0,8,21,0.1025641025641025,0.2692307692307692,0,12,72,702,397,0,200,50,2,0.6410256410256411,RCE,0,-1,RCE
30,9,2,0,0,9,0.0,0.3,0,12,119,808,458,0,308,249,3,8.3,LOG4J,0,-1,LOG4J
93,19,3,1,4,21,0.043010752688172,0.2258064516129032,52,12,119,746,397,0,200,32,2,0.3440860215053763,SQL Injection,0,-1,SQL Injection
109,88,2,0,4,35,0.036697247706422,0.3211009174311927,0,12,112,737,397,0,200,48,2,0.4403669724770642,RCE,0,-1,RCE
22,1,0,0,0,8,0.0,0.3636363636363636,0,12,119,767,397,0,200,34,2,1.5454545454545454,Normal,0,-1,LOG4J
30,9,2,0,0,9,0.0,0.3,0,12,72,720,397,0,308,249,3,8.3,Normal,0,-1,LOG4J
104,11,2,2,2,20,0.0192307692307692,0.1923076923076923,71,12,121,760,397,0,401,26,2,0.25,SQL Injection,0,-1,SQL Injection
113,92,2,0,5,32,0.0442477876106194,0.2831858407079646,0,12,107,737,397,0,200,20,2,0.1769911504424778,RCE,0,-1,RCE
109,88,2,0,4,35,0.036697247706422,0.3211009174311927,0,12,65,713,397,0,200,48,2,0.4403669724770642,RCE,0,-1,RCE
30,9,2,0,0,9,0.0,0.3,0,12,106,743,397,0,308,249,3,8.3,Normal,0,-1,LOG4J
33,12,1,0,0,8,0.0,0.2424242424242424,0,14,119,1070,397,0,302,211,4,6.393939393939394,Cookie Injection,1,-1,Cookie Injection
33,12,1,0,0,8,0.0,0.2424242424242424,0,14,119,1066,397,0,302,211,4,6.393939393939394,Cookie Injection,1,-1,Cookie Injection
82,20,3,1,3,16,0.0365853658536585,0.1951219512195122,40,12,106,745,397,0,401,41,2,0.5,Log Forging,0,-1,Log Forging
78,57,4,0,8,21,0.1025641025641025,0.2692307692307692,0,12,100,727,397,0,200,50,2,0.6410256410256411,RCE,0,-1,RCE
110,11,2,2,2,20,0.0181818181818181,0.1818181818181818,77,12,69,696,397,0,401,26,2,0.2363636363636363,SQL Injection,0,-1,SQL Injection
82,20,3,1,3,16,0.0365853658536585,0.1951219512195122,40,12,103,740,397,0,401,41,2,0.5,Log Forging,0,-1,Log Forging
112,11,2,2,2,20,0.0178571428571428,0.1785714285714285,79,12,112,742,397,0,401,26,2,0.2321428571428571,SQL Injection,0,-1,SQL Injection
104,11,2,2,2,20,0.0192307692307692,0.1923076923076923,71,12,77,704,397,0,401,26,2,0.25,SQL Injection,0,-1,SQL Injection
33,12,1,0,0,8,0.0,0.2424242424242424,0,14,107,1065,397,0,302,211,4,6.393939393939394,Cookie Injection,1,-1,Cookie Injection
33,12,1,0,0,8,0.0,0.2424242424242424,0,14,112,1063,397,0,302,211,4,6.393939393939394,Cookie Injection,1,-1,Cookie Injection
89,19,3,1,4,21,0.0449438202247191,0.2359550561797752,48,12,65,690,397,0,200,307960,2,3460.224719101124,SQL Injection,0,-1,SQL Injection
22,1,0,0,0,8,0.0,0.3636363636363636,0,12,66,712,397,0,200,34,2,1.5454545454545454,Normal,0,-1,LOG4J
68,47,8,0,0,25,0.0,0.3676470588235294,0,12,82,710,397,0,200,54,2,0.7941176470588235,Directory Traversal,0,-1,Directory Traversal
109,88,2,0,4,35,0.036697247706422,0.3211009174311927,0,12,106,752,397,0,200,48,2,0.4403669724770642,RCE,0,-1,RCE
109,88,2,0,4,35,0.036697247706422,0.3211009174311927,0,12,76,704,397,0,200,48,2,0.4403669724770642,RCE,0,-1,RCE
44,23,4,0,0,11,0.0,0.25,0,12,82,794,481,0,200,3320,2,75.45454545454545,LOG4J,0,-1,LOG4J
83,20,3,1,3,16,0.036144578313253,0.1927710843373494,41,12,119,767,397,0,401,41,2,0.4939759036144578,Log Forging,0,-1,Log Forging
73,20,3,1,3,16,0.0410958904109589,0.2191780821917808,31,12,66,691,397,0,401,41,2,0.5616438356164384,Log Forging,0,-1,Log Forging
81,20,3,1,3,16,0.037037037037037,0.1975308641975308,39,12,77,714,397,0,401,41,2,0.5061728395061729,Log Forging,0,-1,Log Forging
22,1,0,0,0,8,0.0,0.3636363636363636,0,12,100,727,397,0,200,34,2,1.5454545454545454,Normal,0,-1,LOG4J
78,57,4,0,8,21,0.1025641025641025,0.2692307692307692,0,12,108,754,397,0,200,50,2,0.6410256410256411,RCE,0,-1,RCE
33,12,1,0,0,8,0.0,0.2424242424242424,0,14,108,1061,397,0,302,211,4,6.393939393939394,Cookie Injection,1,-1,Cookie Injection
33,12,1,0,0,8,0.0,0.2424242424242424,0,14,77,1018,397,0,302,211,4,6.393939393939394,Cookie Injection,1,-1,Cookie Injection
104,11,2,2,2,20,0.0192307692307692,0.1923076923076923,71,12,112,758,397,0,401,26,2,0.25,SQL Injection,0,-1,SQL Injection
96,19,3,1,4,22,0.0416666666666666,0.2291666666666666,55,12,106,754,397,0,200,49565,2,516.3020833333334,SQL Injection,0,-1,SQL Injection
110,11,2,2,2,20,0.0181818181818181,0.1818181818181818,77,12,100,727,397,0,401,26,2,0.2363636363636363,SQL Injection,0,-1,SQL Injection
78,57,4,0,8,21,0.1025641025641025,0.2692307692307692,0,12,68,696,397,0,200,50,2,0.6410256410256411,RCE,0,-1,RCE
110,11,2,2,2,20,0.0181818181818181,0.1818181818181818,77,12,65,692,397,0,401,26,2,0.2363636363636363,SQL Injection,0,-1,SQL Injection
33,12,1,0,0,8,0.0,0.2424242424242424,0,14,107,1051,397,0,302,211,4,6.393939393939394,Cookie Injection,1,-1,Cookie Injection
77,20,3,1,3,16,0.0389610389610389,0.2077922077922078,35,12,121,758,397,0,401,41,2,0.5324675324675324,Log Forging,0,-1,Log Forging
100,11,2,2,2,20,0.02,0.2,67,12,106,731,397,0,401,26,2,0.26,SQL Injection,0,-1,SQL Injection
69,48,7,0,0,25,0.0,0.3623188405797101,0,12,81,708,397,0,200,55,2,0.7971014492753623,Directory Traversal,0,-1,Directory Traversal
33,12,1,0,0,8,0.0,0.2424242424242424,0,14,65,1018,397,0,302,211,4,6.393939393939394,Cookie Injection,1,-1,Cookie Injection
33,12,1,0,0,8,0.0,0.2424242424242424,0,14,65,1004,397,0,302,211,4,6.393939393939394,Cookie Injection,1,-1,Cookie Injection
106,11,2,2,2,20,0.0188679245283018,0.1886792452830188,73,12,65,713,397,0,401,26,2,0.2452830188679245,SQL Injection,0,-1,SQL Injection
30,9,2,0,0,9,0.0,0.3,0,12,82,710,397,0,308,249,3,8.3,Normal,0,-1,LOG4J
109,88,2,0,4,35,0.036697247706422,0.3211009174311927,0,12,107,732,397,0,200,48,2,0.4403669724770642,RCE,0,-1,RCE
33,12,1,0,0,8,0.0,0.2424242424242424,0,14,102,1049,397,0,302,211,4,6.393939393939394,Cookie Injection,1,-1,Cookie Injection
30,9,2,0,0,9,0.0,0.3,0,12,121,758,397,0,308,249,3,8.3,Normal,0,-1,LOG4J
33,12,1,0,0,8,0.0,0.2424242424242424,0,14,72,1014,397,0,302,211,4,6.393939393939394,Cookie Injection,1,-1,Cookie Injection
102,11,2,2,2,20,0.0196078431372549,0.196078431372549,69,12,107,746,397,0,401,26,2,0.2549019607843137,SQL Injection,0,-1,SQL Injection
96,19,3,1,4,22,0.0416666666666666,0.2291666666666666,55,12,72,700,397,0,200,49565,2,516.3020833333334,SQL Injection,0,-1,SQL Injection
105,11,2,2,2,20,0.019047619047619,0.1904761904761904,72,12,107,737,397,0,401,26,2,0.2476190476190476,SQL Injection,0,-1,SQL Injection
33,12,1,0,0,8,0.0,0.2424242424242424,0,14,65,1018,397,0,302,211,4,6.393939393939394,Cookie Injection,1,-1,Cookie Injection
72,51,8,0,0,28,0.0,0.3888888888888889,0,12,66,712,397,0,200,58,2,0.8055555555555556,Directory Traversal,0,-1,Directory Traversal
33,12,2,0,0,9,0.0,0.2727272727272727,0,12,76,706,397,0,200,2071,2,62.75757575757576,Normal,0,-1,LOG4J
78,57,4,0,8,21,0.1025641025641025,0.2692307692307692,0,12,107,753,397,0,200,50,2,0.6410256410256411,RCE,0,-1,RCE
33,12,2,0,0,9,0.0,0.2727272727272727,0,12,107,753,397,0,200,2071,2,62.75757575757576,Normal,0,-1,LOG4J
69,48,5,0,0,14,0.0,0.2028985507246377,0,12,107,808,397,0,404,207,2,3.0,LOG4J,0,-1,LOG4J
96,19,3,1,4,22,0.0416666666666666,0.2291666666666666,55,12,65,711,397,0,200,49565,2,516.3020833333334,SQL Injection,0,-1,SQL Injection
33,12,1,0,0,8,0.0,0.2424242424242424,0,14,112,1051,397,0,302,211,4,6.393939393939394,Cookie Injection,1,-1,Cookie Injection
78,57,4,0,8,21,0.1025641025641025,0.2692307692307692,0,12,111,741,397,0,200,50,2,0.6410256410256411,RCE,0,-1,RCE
109,88,2,0,4,35,0.036697247706422,0.3211009174311927,0,12,106,754,397,0,200,48,2,0.4403669724770642,RCE,0,-1,RCE
68,47,8,0,0,25,0.0,0.3676470588235294,0,12,107,732,397,0,200,54,2,0.7941176470588235,Directory Traversal,0,-1,Directory Traversal
33,12,1,0,0,8,0.0,0.2424242424242424,0,14,121,1065,397,0,302,211,4,6.393939393939394,Cookie Injection,1,-1,Cookie Injection
33,12,1,0,0,8,0.0,0.2424242424242424,0,14,76,1018,397,0,302,211,4,6.393939393939394,Cookie Injection,1,-1,Cookie Injection
96,19,3,1,4,22,0.0416666666666666,0.2291666666666666,55,12,100,730,397,0,200,49565,2,516.3020833333334,SQL Injection,0,-1,SQL Injection
109,88,2,0,4,35,0.036697247706422,0.3211009174311927,0,12,106,731,397,0,200,48,2,0.4403669724770642,RCE,0,-1,RCE
78,20,3,1,3,16,0.0384615384615384,0.2051282051282051,36,12,72,711,397,0,401,41,2,0.5256410256410257,Log Forging,0,-1,Log Forging
70,49,5,0,0,14,0.0,0.2,0,12,100,727,397,0,404,207,2,2.9571428571428573,Normal,0,-1,LOG4J
102,11,2,2,2,20,0.0196078431372549,0.196078431372549,69,12,121,751,397,0,401,26,2,0.2549019607843137,SQL Injection,0,-1,SQL Injection
33,12,1,0,0,8,0.0,0.2424242424242424,0,14,106,1059,397,0,302,211,4,6.393939393939394,Cookie Injection,1,-1,Cookie Injection
107,11,2,2,2,20,0.0186915887850467,0.1869158878504672,74,12,77,716,397,0,401,26,2,0.2429906542056074,SQL Injection,0,-1,SQL Injection
33,12,1,0,0,8,0.0,0.2424242424242424,0,14,105,1052,397,0,302,211,4,6.393939393939394,Cookie Injection,1,-1,Cookie Injection
113,92,2,0,5,32,0.0442477876106194,0.2831858407079646,0,12,68,716,397,0,200,20,2,0.1769911504424778,RCE,0,-1,RCE
113,92,2,0,5,32,0.0442477876106194,0.2831858407079646,0,12,107,746,397,0,200,20,2,0.1769911504424778,RCE,0,-1,RCE
101,11,2,2,2,20,0.0198019801980198,0.198019801980198,68,12,107,744,397,0,401,26,2,0.2574257425742574,SQL Injection,0,-1,SQL Injection
106,11,2,2,2,20,0.0188679245283018,0.1886792452830188,73,12,72,718,397,0,401,26,2,0.2452830188679245,SQL Injection,0,-1,SQL Injection
33,12,1,0,0,8,0.0,0.2424242424242424,0,14,65,1007,397,0,302,211,4,6.393939393939394,Cookie Injection,1,-1,Cookie Injection
83,62,13,0,0,40,0.0,0.4819277108433735,0,12,72,702,397,0,200,69,2,0.8313253012048193,Directory Traversal,0,-1,Directory Traversal
96,19,3,1,4,22,0.0416666666666666,0.2291666666666666,55,12,81,727,397,0,200,49565,2,516.3020833333334,SQL Injection,0,-1,SQL Injection
79,20,3,1,3,16,0.0379746835443038,0.2025316455696202,37,12,76,724,397,0,401,41,2,0.5189873417721519,Log Forging,0,-1,Log Forging
77,56,11,0,0,34,0.0,0.4415584415584415,0,12,77,714,397,0,200,63,2,0.8181818181818182,Directory Traversal,0,-1,Directory Traversal
80,20,3,1,3,16,0.0375,0.2,38,12,119,746,397,0,401,41,2,0.5125,Log Forging,0,-1,Log Forging
33,12,1,0,0,8,0.0,0.2424242424242424,0,14,119,1060,397,0,302,211,4,6.393939393939394,Cookie Injection,1,-1,Cookie Injection
113,92,2,0,5,32,0.0442477876106194,0.2831858407079646,0,12,81,706,397,0,200,20,2,0.1769911504424778,RCE,0,-1,RCE
113,92,2,0,5,32,0.0442477876106194,0.2831858407079646,0,12,100,730,397,0,200,20,2,0.1769911504424778,RCE,0,-1,RCE
76,20,3,1,3,16,0.0394736842105263,0.2105263157894736,34,12,65,692,397,0,401,41,2,0.5394736842105263,Log Forging,0,-1,Log Forging
39,18,2,0,0,10,0.0,0.2564102564102564,0,12,99,738,397,0,200,3719,2,95.35897435897436,Normal,0,-1,LOG4J
109,88,2,0,4,35,0.036697247706422,0.3211009174311927,0,12,105,735,397,0,200,48,2,0.4403669724770642,RCE,0,-1,RCE
75,20,3,1,3,16,0.04,0.2133333333333333,33,12,65,692,397,0,401,41,2,0.5466666666666666,Log Forging,0,-1,Log Forging
108,11,2,2,2,20,0.0185185185185185,0.1851851851851851,75,12,77,704,397,0,401,26,2,0.2407407407407407,SQL Injection,0,-1,SQL Injection
30,9,2,0,0,9,0.0,0.3,0,12,81,793,397,0,308,249,3,8.3,LOG4J,0,-1,LOG4J
33,12,1,0,0,8,0.0,0.2424242424242424,0,14,106,1050,397,0,302,211,4,6.393939393939394,Cookie Injection,1,-1,Cookie Injection
79,20,3,1,3,16,0.0379746835443038,0.2025316455696202,37,12,99,745,397,0,401,41,2,0.5189873417721519,Log Forging,0,-1,Log Forging
109,88,2,0,4,35,0.036697247706422,0.3211009174311927,0,12,65,690,397,0,200,48,2,0.4403669724770642,RCE,0,-1,RCE
33,12,2,0,0,9,0.0,0.2727272727272727,0,12,111,741,397,0,200,2071,2,62.75757575757576,Normal,0,-1,LOG4J
70,49,5,0,0,14,0.0,0.2,0,12,72,770,456,0,404,207,2,2.9571428571428573,LOG4J,0,-1,LOG4J
79,20,3,1,3,16,0.0379746835443038,0.2025316455696202,37,12,100,725,397,0,401,41,2,0.5189873417721519,Log Forging,0,-1,Log Forging
89,19,3,1,4,21,0.0449438202247191,0.2359550561797752,48,12,101,728,397,0,200,307960,2,3460.224719101124,SQL Injection,0,-1,SQL Injection
113,92,2,0,5,32,0.0442477876106194,0.2831858407079646,0,12,101,726,397,0,200,20,2,0.1769911504424778,RCE,0,-1,RCE
33,12,1,0,0,8,0.0,0.2424242424242424,0,14,72,1011,397,0,302,211,4,6.393939393939394,Cookie Injection,1,-1,Cookie Injection
75,20,3,1,3,16,0.04,0.2133333333333333,33,12,72,718,397,0,401,41,2,0.5466666666666666,Log Forging,0,-1,Log Forging
22,1,0,0,0,8,0.0,0.3636363636363636,0,12,82,749,397,0,200,34,2,1.5454545454545454,LOG4J,0,-1,LOG4J
80,59,12,0,0,37,0.0,0.4625,0,12,76,715,397,0,200,66,2,0.825,Directory Traversal,0,-1,Directory Traversal
113,92,2,0,5,32,0.0442477876106194,0.2831858407079646,0,12,65,702,397,0,200,20,2,0.1769911504424778,RCE,0,-1,RCE
69,48,5,0,0,14,0.0,0.2028985507246377,0,12,111,738,397,0,404,207,2,3.0,Normal,0,-1,LOG4J
96,19,3,1,4,22,0.0416666666666666,0.2291666666666666,55,12,65,711,397,0,200,49565,2,516.3020833333334,SQL Injection,0,-1,SQL Injection
71,50,9,0,0,28,0.0,0.3943661971830985,0,12,121,751,397,0,200,57,2,0.8028169014084507,Directory Traversal,0,-1,Directory Traversal
69,48,5,0,0,14,0.0,0.2028985507246377,0,12,77,705,397,0,404,207,2,3.0,Normal,0,-1,LOG4J
120,11,2,2,2,20,0.0166666666666666,0.1666666666666666,87,12,103,731,397,0,401,26,2,0.2166666666666666,SQL Injection,0,-1,SQL Injection
30,9,2,0,0,9,0.0,0.3,0,12,77,704,397,0,308,249,3,8.3,Normal,0,-1,LOG4J
77,56,11,0,0,34,0.0,0.4415584415584415,0,12,77,705,397,0,200,63,2,0.8181818181818182,Directory Traversal,0,-1,Directory Traversal
22,1,0,0,0,8,0.0,0.3636363636363636,0,12,77,705,397,0,200,34,2,1.5454545454545454,Normal,0,-1,LOG4J
30,9,2,0,0,9,0.0,0.3,0,12,119,799,397,0,308,249,3,8.3,LOG4J,0,-1,LOG4J
30,9,2,0,0,9,0.0,0.3,0,12,69,694,397,0,308,249,3,8.3,Normal,0,-1,LOG4J
84,63,12,0,0,40,0.0,0.4761904761904761,0,12,68,698,397,0,200,70,2,0.8333333333333334,Directory Traversal,0,-1,Directory Traversal
117,11,2,2,2,20,0.017094017094017,0.1709401709401709,84,12,102,732,397,0,401,26,2,0.2222222222222222,SQL Injection,0,-1,SQL Injection
74,53,10,0,0,31,0.0,0.4189189189189189,0,12,99,727,397,0,200,60,2,0.8108108108108109,Directory Traversal,0,-1,Directory Traversal
104,11,2,2,2,20,0.0192307692307692,0.1923076923076923,71,12,111,741,397,0,401,26,2,0.25,SQL Injection,0,-1,SQL Injection
99,11,2,2,2,20,0.0202020202020202,0.202020202020202,66,12,72,720,397,0,401,26,2,0.2626262626262626,SQL Injection,0,-1,SQL Injection
109,88,2,0,4,35,0.036697247706422,0.3211009174311927,0,12,65,704,397,0,200,48,2,0.4403669724770642,RCE,0,-1,RCE
33,12,1,0,0,8,0.0,0.2424242424242424,0,14,69,1029,397,0,302,211,4,6.393939393939394,Cookie Injection,1,-1,Cookie Injection
44,23,4,0,0,11,0.0,0.25,0,12,107,800,442,0,200,3320,2,75.45454545454545,LOG4J,0,-1,LOG4J
109,88,2,0,4,35,0.036697247706422,0.3211009174311927,0,12,103,730,397,0,200,48,2,0.4403669724770642,RCE,0,-1,RCE
83,62,13,0,0,40,0.0,0.4819277108433735,0,12,77,702,397,0,200,69,2,0.8313253012048193,Directory Traversal,0,-1,Directory Traversal
113,92,2,0,5,32,0.0442477876106194,0.2831858407079646,0,12,65,713,397,0,200,20,2,0.1769911504424778,RCE,0,-1,RCE
33,12,1,0,0,8,0.0,0.2424242424242424,0,14,102,1055,397,0,302,211,4,6.393939393939394,Cookie Injection,1,-1,Cookie Injection
109,88,2,0,4,35,0.036697247706422,0.3211009174311927,0,12,82,707,397,0,200,48,2,0.4403669724770642,RCE,0,-1,RCE
69,48,5,0,0,14,0.0,0.2028985507246377,0,12,65,704,397,0,404,207,2,3.0,Normal,0,-1,LOG4J
83,62,13,0,0,40,0.0,0.4819277108433735,0,12,82,721,397,0,200,69,2,0.8313253012048193,Directory Traversal,0,-1,Directory Traversal
22,1,0,0,0,8,0.0,0.3636363636363636,0,12,76,706,397,0,200,34,2,1.5454545454545454,Normal,0,-1,LOG4J
33,12,1,0,0,8,0.0,0.2424242424242424,0,14,107,1059,397,0,302,211,4,6.393939393939394,Cookie Injection,1,-1,Cookie Injection
89,19,3,1,4,21,0.0449438202247191,0.2359550561797752,48,12,119,747,397,0,200,307960,2,3460.224719101124,SQL Injection,0,-1,SQL Injection
74,53,10,0,0,31,0.0,0.4189189189189189,0,12,121,748,397,0,200,60,2,0.8108108108108109,Directory Traversal,0,-1,Directory Traversal
105,11,2,2,2,20,0.019047619047619,0.1904761904761904,72,12,119,749,397,0,401,26,2,0.2476190476190476,SQL Injection,0,-1,SQL Injection
96,19,3,1,4,22,0.0416666666666666,0.2291666666666666,55,12,65,704,397,0,200,49565,2,516.3020833333334,SQL Injection,0,-1,SQL Injection
22,1,0,0,0,8,0.0,0.3636363636363636,0,12,107,755,397,0,200,34,2,1.5454545454545454,Normal,0,-1,LOG4J
82,20,3,1,4,17,0.048780487804878,0.2073170731707317,40,12,103,751,397,0,401,41,2,0.5,Log Forging,0,-1,Log Forging
111,11,2,2,2,20,0.018018018018018,0.1801801801801801,78,12,119,749,397,0,401,26,2,0.2342342342342342,SQL Injection,0,-1,SQL Injection
71,50,9,0,0,28,0.0,0.3943661971830985,0,12,72,709,397,0,200,57,2,0.8028169014084507,Directory Traversal,0,-1,Directory Traversal
22,1,0,0,0,8,0.0,0.3636363636363636,0,12,103,841,489,0,200,34,2,1.5454545454545454,LOG4J,0,-1,LOG4J
106,11,2,2,2,20,0.0188679245283018,0.1886792452830188,73,12,108,754,397,0,401,26,2,0.2452830188679245,SQL Injection,0,-1,SQL Injection
22,1,0,0,0,8,0.0,0.3636363636363636,0,12,68,695,397,0,200,34,2,1.5454545454545454,Normal,0,-1,LOG4J
33,12,1,0,0,8,0.0,0.2424242424242424,0,14,65,1014,397,0,302,211,4,6.393939393939394,Cookie Injection,1,-1,Cookie Injection
80,59,12,0,0,37,0.0,0.4625,0,12,66,694,397,0,200,66,2,0.825,Directory Traversal,0,-1,Directory Traversal
80,59,12,0,0,37,0.0,0.4625,0,12,76,713,397,0,200,66,2,0.825,Directory Traversal,0,-1,Directory Traversal
30,9,2,0,0,9,0.0,0.3,0,12,112,896,553,0,308,249,3,8.3,LOG4J,0,-1,LOG4J
79,20,3,1,3,16,0.0379746835443038,0.2025316455696202,37,12,77,702,397,0,401,41,2,0.5189873417721519,Log Forging,0,-1,Log Forging
45,24,4,0,0,11,0.0,0.2444444444444444,0,12,65,711,397,0,200,3320,2,73.77777777777777,Normal,0,-1,LOG4J
30,9,2,0,0,9,0.0,0.3,0,12,81,729,397,0,308,249,3,8.3,Normal,0,-1,LOG4J
33,12,1,0,0,8,0.0,0.2424242424242424,0,14,82,1026,397,0,302,211,4,6.393939393939394,Cookie Injection,1,-1,Cookie Injection
80,20,3,1,3,16,0.0375,0.2,38,12,107,737,397,0,401,41,2,0.5125,Log Forging,0,-1,Log Forging
70,49,5,0,0,14,0.0,0.2,0,12,119,744,397,0,404,207,2,2.9571428571428573,Normal,0,-1,LOG4J
33,12,1,0,0,8,0.0,0.2424242424242424,0,14,77,1045,397,0,302,211,4,6.393939393939394,Cookie Injection,1,-1,Cookie Injection
30,9,2,0,0,9,0.0,0.3,0,12,107,753,397,0,308,249,3,8.3,Normal,0,-1,LOG4J
69,48,5,0,0,14,0.0,0.2028985507246377,0,12,81,711,397,0,404,207,2,3.0,Normal,0,-1,LOG4J
33,12,1,0,0,8,0.0,0.2424242424242424,0,14,65,1023,397,0,302,211,4,6.393939393939394,Cookie Injection,1,-1,Cookie Injection
113,92,2,0,5,32,0.0442477876106194,0.2831858407079646,0,12,102,748,397,0,200,20,2,0.1769911504424778,RCE,0,-1,RCE
22,1,0,0,0,8,0.0,0.3636363636363636,0,12,77,876,548,0,200,34,2,1.5454545454545454,LOG4J,0,-1,LOG4J
30,9,2,0,0,9,0.0,0.3,0,12,66,714,397,0,308,249,3,8.3,Normal,0,-1,LOG4J
109,11,2,2,2,20,0.018348623853211,0.1834862385321101,76,12,106,731,397,0,401,26,2,0.2385321100917431,SQL Injection,0,-1,SQL Injection
108,11,2,2,2,20,0.0185185185185185,0.1851851851851851,75,12,105,751,397,0,401,26,2,0.2407407407407407,SQL Injection,0,-1,SQL Injection
33,12,1,0,0,8,0.0,0.2424242424242424,0,14,65,1018,397,0,302,211,4,6.393939393939394,Cookie Injection,1,-1,Cookie Injection
33,12,1,0,0,8,0.0,0.2424242424242424,0,14,69,1031,397,0,302,211,4,6.393939393939394,Cookie Injection,1,-1,Cookie Injection
72,51,8,0,0,28,0.0,0.3888888888888889,0,12,121,758,397,0,200,58,2,0.8055555555555556,Directory Traversal,0,-1,Directory Traversal
109,11,2,2,2,20,0.018348623853211,0.1834862385321101,76,12,112,739,397,0,401,26,2,0.2385321100917431,SQL Injection,0,-1,SQL Injection
78,57,4,0,8,21,0.1025641025641025,0.2692307692307692,0,12,65,711,397,0,200,50,2,0.6410256410256411,RCE,0,-1,RCE
33,12,1,0,0,8,0.0,0.2424242424242424,0,14,105,1047,397,0,302,211,4,6.393939393939394,Cookie Injection,1,-1,Cookie Injection
33,12,1,0,0,8,0.0,0.2424242424242424,0,14,72,1040,397,0,302,211,4,6.393939393939394,Cookie Injection,1,-1,Cookie Injection
68,47,8,0,0,25,0.0,0.3676470588235294,0,12,65,690,397,0,200,54,2,0.7941176470588235,Directory Traversal,0,-1,Directory Traversal
30,9,2,0,0,9,0.0,0.3,0,12,111,903,543,0,308,249,3,8.3,LOG4J,0,-1,LOG4J
96,19,3,1,4,22,0.0416666666666666,0.2291666666666666,55,12,66,714,397,0,200,49565,2,516.3020833333334,SQL Injection,0,-1,SQL Injection
70,49,5,0,0,14,0.0,0.2,0,12,119,749,397,0,404,207,2,2.9571428571428573,Normal,0,-1,LOG4J
93,19,3,1,4,21,0.043010752688172,0.2258064516129032,52,12,119,765,397,0,200,32,2,0.3440860215053763,SQL Injection,0,-1,SQL Injection
76,20,3,1,3,16,0.0394736842105263,0.2105263157894736,34,12,65,711,397,0,401,41,2,0.5394736842105263,Log Forging,0,-1,Log Forging
102,11,2,2,2,20,0.0196078431372549,0.196078431372549,69,12,121,749,397,0,401,26,2,0.2549019607843137,SQL Injection,0,-1,SQL Injection
75,54,9,0,0,31,0.0,0.4133333333333333,0,12,100,748,397,0,200,61,2,0.8133333333333334,Directory Traversal,0,-1,Directory Traversal
75,54,9,0,0,31,0.0,0.4133333333333333,0,12,66,703,397,0,200,61,2,0.8133333333333334,Directory Traversal,0,-1,Directory Traversal
70,49,5,0,0,14,0.0,0.2,0,12,107,732,397,0,404,207,2,2.9571428571428573,Normal,0,-1,LOG4J
69,48,5,0,0,14,0.0,0.2028985507246377,0,12,72,746,425,0,404,207,2,3.0,LOG4J,0,-1,LOG4J
72,51,8,0,0,28,0.0,0.3888888888888889,0,12,102,727,397,0,200,58,2,0.8055555555555556,Directory Traversal,0,-1,Directory Traversal
79,20,3,1,3,16,0.0379746835443038,0.2025316455696202,37,12,112,760,397,0,401,41,2,0.5189873417721519,Log Forging,0,-1,Log Forging
33,12,1,0,0,8,0.0,0.2424242424242424,0,14,82,1033,397,0,302,211,4,6.393939393939394,Cookie Injection,1,-1,Cookie Injection
69,48,5,0,0,14,0.0,0.2028985507246377,0,12,119,758,397,0,404,207,2,3.0,Normal,0,-1,LOG4J
33,12,1,0,0,8,0.0,0.2424242424242424,0,14,72,1024,397,0,302,211,4,6.393939393939394,Cookie Injection,1,-1,Cookie Injection
89,19,3,1,4,21,0.0449438202247191,0.2359550561797752,48,12,65,692,397,0,200,307960,2,3460.224719101124,SQL Injection,0,-1,SQL Injection
108,11,2,2,2,20,0.0185185185185185,0.1851851851851851,75,12,65,711,397,0,401,26,2,0.2407407407407407,SQL Injection,0,-1,SQL Injection
113,92,2,0,5,32,0.0442477876106194,0.2831858407079646,0,12,72,709,397,0,200,20,2,0.1769911504424778,RCE,0,-1,RCE
68,47,8,0,0,25,0.0,0.3676470588235294,0,12,99,727,397,0,200,54,2,0.7941176470588235,Directory Traversal,0,-1,Directory Traversal
33,12,1,0,0,8,0.0,0.2424242424242424,0,14,81,1032,397,0,302,211,4,6.393939393939394,Cookie Injection,1,-1,Cookie Injection
69,48,5,0,0,14,0.0,0.2028985507246377,0,12,72,697,397,0,404,207,2,3.0,Normal,0,-1,LOG4J
101,11,2,2,2,20,0.0198019801980198,0.198019801980198,68,12,103,749,397,0,401,26,2,0.2574257425742574,SQL Injection,0,-1,SQL Injection
113,92,2,0,5,32,0.0442477876106194,0.2831858407079646,0,12,100,730,397,0,200,20,2,0.1769911504424778,RCE,0,-1,RCE
115,11,2,2,2,20,0.017391304347826,0.1739130434782608,82,12,107,734,397,0,401,26,2,0.2260869565217391,SQL Injection,0,-1,SQL Injection
96,19,3,1,4,22,0.0416666666666666,0.2291666666666666,55,12,72,702,397,0,200,49565,2,516.3020833333334,SQL Injection,0,-1,SQL Injection
84,63,12,0,0,40,0.0,0.4761904761904761,0,12,77,716,397,0,200,70,2,0.8333333333333334,Directory Traversal,0,-1,Directory Traversal
106,11,2,2,2,20,0.0188679245283018,0.1886792452830188,73,12,107,737,397,0,401,26,2,0.2452830188679245,SQL Injection,0,-1,SQL Injection
70,49,5,0,0,14,0.0,0.2,0,12,72,791,397,0,404,207,2,2.9571428571428573,LOG4J,0,-1,LOG4J
112,11,2,2,2,20,0.0178571428571428,0.1785714285714285,79,12,102,741,397,0,401,26,2,0.2321428571428571,SQL Injection,0,-1,SQL Injection
69,48,5,0,0,14,0.0,0.2028985507246377,0,12,66,691,397,0,404,207,2,3.0,Normal,0,-1,LOG4J
33,12,1,0,0,8,0.0,0.2424242424242424,0,14,100,1056,397,0,302,211,4,6.393939393939394,Cookie Injection,1,-1,Cookie Injection
84,20,3,1,3,16,0.0357142857142857,0.1904761904761904,42,12,72,699,397,0,401,41,2,0.4880952380952381,Log Forging,0,-1,Log Forging
77,56,11,0,0,34,0.0,0.4415584415584415,0,12,66,714,397,0,200,63,2,0.8181818181818182,Directory Traversal,0,-1,Directory Traversal
45,24,4,0,0,11,0.0,0.2444444444444444,0,12,107,732,397,0,200,3320,2,73.77777777777777,Normal,0,-1,LOG4J
33,12,1,0,0,8,0.0,0.2424242424242424,0,14,102,1053,397,0,302,211,4,6.393939393939394,Cookie Injection,1,-1,Cookie Injection
74,53,10,0,0,31,0.0,0.4189189189189189,0,12,65,702,397,0,200,60,2,0.8108108108108109,Directory Traversal,0,-1,Directory Traversal
75,54,9,0,0,31,0.0,0.4133333333333333,0,12,108,754,397,0,200,61,2,0.8133333333333334,Directory Traversal,0,-1,Directory Traversal
75,54,9,0,0,31,0.0,0.4133333333333333,0,12,99,738,397,0,200,61,2,0.8133333333333334,Directory Traversal,0,-1,Directory Traversal
75,54,9,0,0,31,0.0,0.4133333333333333,0,12,99,724,397,0,200,61,2,0.8133333333333334,Directory Traversal,0,-1,Directory Traversal
44,23,4,0,0,11,0.0,0.25,0,12,65,704,397,0,200,3320,2,75.45454545454545,Normal,0,-1,LOG4J
116,11,2,2,2,20,0.0172413793103448,0.1724137931034483,83,12,108,735,397,0,401,26,2,0.2241379310344827,SQL Injection,0,-1,SQL Injection
33,12,1,0,0,8,0.0,0.2424242424242424,0,14,103,1042,397,0,302,211,4,6.393939393939394,Cookie Injection,1,-1,Cookie Injection
83,20,3,1,4,17,0.0481927710843373,0.2048192771084337,41,12,107,755,397,0,401,41,2,0.4939759036144578,Log Forging,0,-1,Log Forging
30,9,2,0,0,9,0.0,0.3,0,12,65,695,397,0,308,249,3,8.3,Normal,0,-1,LOG4J
39,18,2,0,0,10,0.0,0.2564102564102564,0,12,66,714,397,0,200,2071,2,53.1025641025641,Normal,0,-1,LOG4J
109,88,2,0,4,35,0.036697247706422,0.3211009174311927,0,12,105,733,397,0,200,48,2,0.4403669724770642,RCE,0,-1,RCE
96,19,3,1,4,22,0.0416666666666666,0.2291666666666666,55,12,76,703,397,0,200,49565,2,516.3020833333334,SQL Injection,0,-1,SQL Injection
33,12,1,0,0,8,0.0,0.2424242424242424,0,14,81,1049,397,0,302,211,4,6.393939393939394,Cookie Injection,1,-1,Cookie Injection
109,88,2,0,4,35,0.036697247706422,0.3211009174311927,0,12,82,707,397,0,200,48,2,0.4403669724770642,RCE,0,-1,RCE
106,11,2,2,2,20,0.0188679245283018,0.1886792452830188,73,12,119,758,397,0,401,26,2,0.2452830188679245,SQL Injection,0,-1,SQL Injection
77,56,11,0,0,34,0.0,0.4415584415584415,0,12,99,745,397,0,200,63,2,0.8181818181818182,Directory Traversal,0,-1,Directory Traversal
84,20,3,1,4,17,0.0476190476190476,0.2023809523809523,42,12,65,692,397,0,401,41,2,0.4880952380952381,Log Forging,0,-1,Log Forging
113,92,2,0,5,32,0.0442477876106194,0.2831858407079646,0,12,107,734,397,0,200,20,2,0.1769911504424778,RCE,0,-1,RCE
33,12,1,0,0,8,0.0,0.2424242424242424,0,14,68,1007,397,0,302,211,4,6.393939393939394,Cookie Injection,1,-1,Cookie Injection
92,19,3,1,4,22,0.0434782608695652,0.2391304347826087,51,12,121,748,397,0,200,204,2,2.217391304347826,SQL Injection,0,-1,SQL Injection
33,12,1,0,0,8,0.0,0.2424242424242424,0,14,82,1026,397,0,302,211,4,6.393939393939394,Cookie Injection,1,-1,Cookie Injection
84,63,12,0,0,40,0.0,0.4761904761904761,0,12,72,711,397,0,200,70,2,0.8333333333333334,Directory Traversal,0,-1,Directory Traversal
71,50,9,0,0,28,0.0,0.3943661971830985,0,12,107,735,397,0,200,57,2,0.8028169014084507,Directory Traversal,0,-1,Directory Traversal
109,88,2,0,4,35,0.036697247706422,0.3211009174311927,0,12,81,711,397,0,200,48,2,0.4403669724770642,RCE,0,-1,RCE
78,57,4,0,8,21,0.1025641025641025,0.2692307692307692,0,12,107,753,397,0,200,50,2,0.6410256410256411,RCE,0,-1,RCE
83,62,13,0,0,40,0.0,0.4819277108433735,0,12,107,732,397,0,200,69,2,0.8313253012048193,Directory Traversal,0,-1,Directory Traversal
103,11,2,2,2,20,0.0194174757281553,0.1941747572815534,70,12,100,730,397,0,401,26,2,0.2524271844660194,SQL Injection,0,-1,SQL Injection
111,11,2,2,2,20,0.018018018018018,0.1801801801801801,78,12,99,736,397,0,401,26,2,0.2342342342342342,SQL Injection,0,-1,SQL Injection
102,11,2,2,2,20,0.0196078431372549,0.196078431372549,69,12,108,754,397,0,401,26,2,0.2549019607843137,SQL Injection,0,-1,SQL Injection
74,53,10,0,0,31,0.0,0.4189189189189189,0,12,102,750,397,0,200,60,2,0.8108108108108109,Directory Traversal,0,-1,Directory Traversal
82,20,3,1,3,16,0.0365853658536585,0.1951219512195122,40,12,72,702,397,0,401,41,2,0.5,Log Forging,0,-1,Log Forging
78,20,3,1,3,16,0.0384615384615384,0.2051282051282051,36,12,119,744,397,0,401,41,2,0.5256410256410257,Log Forging,0,-1,Log Forging
83,20,3,1,4,17,0.0481927710843373,0.2048192771084337,41,12,111,750,397,0,401,41,2,0.4939759036144578,Log Forging,0,-1,Log Forging
112,11,2,2,2,20,0.0178571428571428,0.1785714285714285,79,12,101,747,397,0,401,26,2,0.2321428571428571,SQL Injection,0,-1,SQL Injection
33,12,2,0,0,9,0.0,0.2727272727272727,0,12,68,696,397,0,200,2666,2,80.78787878787878,Normal,0,-1,LOG4J
33,12,2,0,0,9,0.0,0.2727272727272727,0,12,121,767,397,0,200,3719,2,112.6969696969697,Normal,0,-1,LOG4J
80,20,3,1,3,16,0.0375,0.2,38,12,103,733,397,0,401,41,2,0.5125,Log Forging,0,-1,Log Forging
78,57,4,0,8,21,0.1025641025641025,0.2692307692307692,0,12,77,702,397,0,200,50,2,0.6410256410256411,RCE,0,-1,RCE
96,19,3,1,4,22,0.0416666666666666,0.2291666666666666,55,12,65,704,397,0,200,49565,2,516.3020833333334,SQL Injection,0,-1,SQL Injection
109,88,2,0,4,35,0.036697247706422,0.3211009174311927,0,12,100,748,397,0,200,48,2,0.4403669724770642,RCE,0,-1,RCE
92,19,3,1,4,21,0.0434782608695652,0.2282608695652173,51,12,121,746,397,0,200,198,2,2.152173913043478,SQL Injection,0,-1,SQL Injection
30,9,2,0,0,9,0.0,0.3,0,12,77,833,397,0,308,249,3,8.3,LOG4J,0,-1,LOG4J
106,11,2,2,2,20,0.0188679245283018,0.1886792452830188,73,12,101,747,397,0,401,26,2,0.2452830188679245,SQL Injection,0,-1,SQL Injection
44,23,4,0,0,11,0.0,0.25,0,12,106,804,456,0,200,3320,2,75.45454545454545,LOG4J,0,-1,LOG4J
89,20,3,1,4,17,0.0449438202247191,0.1910112359550561,47,12,72,699,397,0,401,41,2,0.4606741573033708,Log Forging,0,-1,Log Forging
30,9,2,0,0,9,0.0,0.3,0,12,72,871,569,0,308,249,3,8.3,LOG4J,0,-1,LOG4J
105,11,2,2,2,20,0.019047619047619,0.1904761904761904,72,12,65,702,397,0,401,26,2,0.2476190476190476,SQL Injection,0,-1,SQL Injection
89,19,3,1,4,21,0.0449438202247191,0.2359550561797752,48,12,69,717,397,0,200,307960,2,3460.224719101124,SQL Injection,0,-1,SQL Injection
113,92,2,0,5,32,0.0442477876106194,0.2831858407079646,0,12,65,711,397,0,200,20,2,0.1769911504424778,RCE,0,-1,RCE
69,48,5,0,0,14,0.0,0.2028985507246377,0,12,106,754,397,0,404,207,2,3.0,Normal,0,-1,LOG4J
33,12,1,0,0,8,0.0,0.2424242424242424,0,14,112,1065,397,0,302,211,4,6.393939393939394,Cookie Injection,1,-1,Cookie Injection
107,11,2,2,2,20,0.0186915887850467,0.1869158878504672,74,12,82,709,397,0,401,26,2,0.2429906542056074,SQL Injection,0,-1,SQL Injection
79,20,3,1,3,16,0.0379746835443038,0.2025316455696202,37,12,101,749,397,0,401,41,2,0.5189873417721519,Log Forging,0,-1,Log Forging
111,11,2,2,2,20,0.018018018018018,0.1801801801801801,78,12,77,723,397,0,401,26,2,0.2342342342342342,SQL Injection,0,-1,SQL Injection
33,12,1,0,0,8,0.0,0.2424242424242424,0,14,107,1060,397,0,302,211,4,6.393939393939394,Cookie Injection,1,-1,Cookie Injection
69,48,5,0,0,14,0.0,0.2028985507246377,0,12,65,802,397,0,404,207,2,3.0,LOG4J,0,-1,LOG4J
22,1,0,0,0,8,0.0,0.3636363636363636,0,12,66,755,440,0,200,34,2,1.5454545454545454,LOG4J,0,-1,LOG4J
99,11,2,2,2,20,0.0202020202020202,0.202020202020202,66,12,72,699,397,0,401,26,2,0.2626262626262626,SQL Injection,0,-1,SQL Injection
89,19,3,1,4,21,0.0449438202247191,0.2359550561797752,48,12,76,722,397,0,200,307960,2,3460.224719101124,SQL Injection,0,-1,SQL Injection
33,12,1,0,0,8,0.0,0.2424242424242424,0,14,69,1011,397,0,302,211,4,6.393939393939394,Cookie Injection,1,-1,Cookie Injection
69,48,5,0,0,14,0.0,0.2028985507246377,0,12,76,715,397,0,404,207,2,3.0,Normal,0,-1,LOG4J
22,1,0,0,0,8,0.0,0.3636363636363636,0,12,101,731,397,0,200,34,2,1.5454545454545454,Normal,0,-1,LOG4J
74,53,10,0,0,31,0.0,0.4189189189189189,0,12,107,744,397,0,200,60,2,0.8108108108108109,Directory Traversal,0,-1,Directory Traversal
33,12,1,0,0,8,0.0,0.2424242424242424,0,14,107,1058,397,0,302,211,4,6.393939393939394,Cookie Injection,1,-1,Cookie Injection
33,12,1,0,0,8,0.0,0.2424242424242424,0,14,81,1032,397,0,302,211,4,6.393939393939394,Cookie Injection,1,-1,Cookie Injection
68,47,8,0,0,25,0.0,0.3676470588235294,0,12,77,723,397,0,200,54,2,0.7941176470588235,Directory Traversal,0,-1,Directory Traversal
101,11,2,2,2,20,0.0198019801980198,0.198019801980198,68,12,77,705,397,0,401,26,2,0.2574257425742574,SQL Injection,0,-1,SQL Injection
77,20,3,1,3,16,0.0389610389610389,0.2077922077922078,35,12,119,758,397,0,401,41,2,0.5324675324675324,Log Forging,0,-1,Log Forging
33,12,1,0,0,8,0.0,0.2424242424242424,0,14,107,1058,397,0,302,211,4,6.393939393939394,Cookie Injection,1,-1,Cookie Injection
33,12,1,0,0,8,0.0,0.2424242424242424,0,14,107,1060,397,0,302,211,4,6.393939393939394,Cookie Injection,1,-1,Cookie Injection
113,92,2,0,5,32,0.0442477876106194,0.2831858407079646,0,12,111,738,397,0,200,20,2,0.1769911504424778,RCE,0,-1,RCE
68,47,8,0,0,25,0.0,0.3676470588235294,0,12,107,732,397,0,200,54,2,0.7941176470588235,Directory Traversal,0,-1,Directory Traversal
96,19,3,1,4,22,0.0416666666666666,0.2291666666666666,55,12,112,742,397,0,200,49565,2,516.3020833333334,SQL Injection,0,-1,SQL Injection
102,11,2,2,2,20,0.0196078431372549,0.196078431372549,69,12,103,730,397,0,401,26,2,0.2549019607843137,SQL Injection,0,-1,SQL Injection
22,1,0,0,0,8,0.0,0.3636363636363636,0,12,119,756,397,0,200,34,2,1.5454545454545454,Normal,0,-1,LOG4J
81,20,3,1,3,16,0.037037037037037,0.1975308641975308,39,12,77,725,397,0,401,41,2,0.5061728395061729,Log Forging,0,-1,Log Forging
104,11,2,2,2,20,0.0192307692307692,0.1923076923076923,71,12,112,758,397,0,401,26,2,0.25,SQL Injection,0,-1,SQL Injection
33,12,1,0,0,8,0.0,0.2424242424242424,0,14,65,1026,397,0,302,211,4,6.393939393939394,Cookie Injection,1,-1,Cookie Injection
82,20,3,1,3,16,0.0365853658536585,0.1951219512195122,40,12,112,749,397,0,401,41,2,0.5,Log Forging,0,-1,Log Forging
69,48,5,0,0,14,0.0,0.2028985507246377,0,12,65,692,397,0,404,207,2,3.0,Normal,0,-1,LOG4J
81,60,11,0,0,37,0.0,0.4567901234567901,0,12,68,695,397,0,200,67,2,0.8271604938271605,Directory Traversal,0,-1,Directory Traversal
72,51,8,0,0,28,0.0,0.3888888888888889,0,12,76,724,397,0,200,58,2,0.8055555555555556,Directory Traversal,0,-1,Directory Traversal
30,9,2,0,0,9,0.0,0.3,0,12,77,723,397,0,308,249,3,8.3,Normal,0,-1,LOG4J
71,50,9,0,0,28,0.0,0.3943661971830985,0,12,65,704,397,0,200,57,2,0.8028169014084507,Directory Traversal,0,-1,Directory Traversal
33,12,1,0,0,8,0.0,0.2424242424242424,0,14,77,1039,397,0,302,211,4,6.393939393939394,Cookie Injection,1,-1,Cookie Injection
30,9,2,0,0,9,0.0,0.3,0,12,72,699,397,0,308,249,3,8.3,Normal,0,-1,LOG4J
33,12,1,0,0,8,0.0,0.2424242424242424,0,14,107,1069,397,0,302,211,4,6.393939393939394,Cookie Injection,1,-1,Cookie Injection
33,12,1,0,0,8,0.0,0.2424242424242424,0,14,65,1009,397,0,302,211,4,6.393939393939394,Cookie Injection,1,-1,Cookie Injection
109,88,2,0,4,35,0.036697247706422,0.3211009174311927,0,12,65,704,397,0,200,48,2,0.4403669724770642,RCE,0,-1,RCE
92,19,3,1,4,21,0.0434782608695652,0.2282608695652173,51,12,65,692,397,0,200,198,2,2.152173913043478,SQL Injection,0,-1,SQL Injection
105,11,2,2,2,20,0.019047619047619,0.1904761904761904,72,12,103,730,397,0,401,26,2,0.2476190476190476,SQL Injection,0,-1,SQL Injection
33,12,2,0,0,9,0.0,0.2727272727272727,0,12,119,758,397,0,200,2071,2,62.75757575757576,Normal,0,-1,LOG4J
115,11,2,2,2,20,0.017391304347826,0.1739130434782608,82,12,72,697,397,0,401,26,2,0.2260869565217391,SQL Injection,0,-1,SQL Injection
69,48,5,0,0,14,0.0,0.2028985507246377,0,12,66,694,397,0,404,207,2,3.0,Normal,0,-1,LOG4J
77,56,11,0,0,34,0.0,0.4415584415584415,0,12,82,730,397,0,200,63,2,0.8181818181818182,Directory Traversal,0,-1,Directory Traversal
45,24,4,0,0,11,0.0,0.2444444444444444,0,12,72,732,397,0,200,3320,2,73.77777777777777,LOG4J,0,-1,LOG4J
121,11,2,2,2,20,0.0165289256198347,0.1652892561983471,88,12,77,723,397,0,401,26,2,0.2148760330578512,SQL Injection,0,-1,SQL Injection
103,11,2,2,2,20,0.0194174757281553,0.1941747572815534,70,12,76,704,397,0,401,26,2,0.2524271844660194,SQL Injection,0,-1,SQL Injection
96,19,3,1,4,22,0.0416666666666666,0.2291666666666666,55,12,107,753,397,0,200,49565,2,516.3020833333334,SQL Injection,0,-1,SQL Injection
102,11,2,2,2,20,0.0196078431372549,0.196078431372549,69,12,111,738,397,0,401,26,2,0.2549019607843137,SQL Injection,0,-1,SQL Injection
84,63,12,0,0,40,0.0,0.4761904761904761,0,12,72,700,397,0,200,70,2,0.8333333333333334,Directory Traversal,0,-1,Directory Traversal
89,19,3,1,4,21,0.0449438202247191,0.2359550561797752,48,12,102,739,397,0,200,307960,2,3460.224719101124,SQL Injection,0,-1,SQL Injection
33,12,1,0,0,8,0.0,0.2424242424242424,0,14,103,1056,397,0,302,211,4,6.393939393939394,Cookie Injection,1,-1,Cookie Injection
83,62,13,0,0,40,0.0,0.4819277108433735,0,12,107,732,397,0,200,69,2,0.8313253012048193,Directory Traversal,0,-1,Directory Traversal
113,92,2,0,5,32,0.0442477876106194,0.2831858407079646,0,12,66,712,397,0,200,20,2,0.1769911504424778,RCE,0,-1,RCE
113,92,2,0,5,32,0.0442477876106194,0.2831858407079646,0,12,100,727,397,0,200,20,2,0.1769911504424778,RCE,0,-1,RCE
22,1,0,0,0,8,0.0,0.3636363636363636,0,12,65,693,397,0,200,34,2,1.5454545454545454,Normal,0,-1,LOG4J
33,12,1,0,0,8,0.0,0.2424242424242424,0,14,65,1006,397,0,302,211,4,6.393939393939394,Cookie Injection,1,-1,Cookie Injection
93,19,3,1,4,21,0.043010752688172,0.2258064516129032,52,12,65,692,397,0,200,32,2,0.3440860215053763,SQL Injection,0,-1,SQL Injection
33,12,1,0,0,8,0.0,0.2424242424242424,0,14,77,1030,397,0,302,211,4,6.393939393939394,Cookie Injection,1,-1,Cookie Injection
30,9,2,0,0,9,0.0,0.3,0,12,69,694,397,0,308,249,3,8.3,Normal,0,-1,LOG4J
109,88,2,0,4,35,0.036697247706422,0.3211009174311927,0,12,108,735,397,0,200,48,2,0.4403669724770642,RCE,0,-1,RCE
109,88,2,0,4,35,0.036697247706422,0.3211009174311927,0,12,100,748,397,0,200,48,2,0.4403669724770642,RCE,0,-1,RCE
109,88,2,0,4,35,0.036697247706422,0.3211009174311927,0,12,121,751,397,0,200,48,2,0.4403669724770642,RCE,0,-1,RCE
83,62,13,0,0,40,0.0,0.4819277108433735,0,12,111,757,397,0,200,69,2,0.8313253012048193,Directory Traversal,0,-1,Directory Traversal
113,92,2,0,5,32,0.0442477876106194,0.2831858407079646,0,12,72,711,397,0,200,20,2,0.1769911504424778,RCE,0,-1,RCE
33,12,1,0,0,8,0.0,0.2424242424242424,0,14,111,1052,397,0,302,211,4,6.393939393939394,Cookie Injection,1,-1,Cookie Injection
78,57,4,0,8,21,0.1025641025641025,0.2692307692307692,0,12,66,703,397,0,200,50,2,0.6410256410256411,RCE,0,-1,RCE
33,12,1,0,0,8,0.0,0.2424242424242424,0,14,100,1051,397,0,302,211,4,6.393939393939394,Cookie Injection,1,-1,Cookie Injection
79,20,3,1,3,16,0.0379746835443038,0.2025316455696202,37,12,72,697,397,0,401,41,2,0.5189873417721519,Log Forging,0,-1,Log Forging
33,12,1,0,0,8,0.0,0.2424242424242424,0,14,100,1070,397,0,302,211,4,6.393939393939394,Cookie Injection,1,-1,Cookie Injection
75,54,9,0,0,31,0.0,0.4133333333333333,0,12,102,727,397,0,200,61,2,0.8133333333333334,Directory Traversal,0,-1,Directory Traversal
33,12,1,0,0,8,0.0,0.2424242424242424,0,14,72,1011,397,0,302,211,4,6.393939393939394,Cookie Injection,1,-1,Cookie Injection
113,92,2,0,5,32,0.0442477876106194,0.2831858407079646,0,12,65,693,397,0,200,20,2,0.1769911504424778,RCE,0,-1,RCE
45,24,4,0,0,11,0.0,0.2444444444444444,0,12,99,747,397,0,200,3320,2,73.77777777777777,Normal,0,-1,LOG4J
104,11,2,2,2,20,0.0192307692307692,0.1923076923076923,71,12,108,756,397,0,401,26,2,0.25,SQL Injection,0,-1,SQL Injection
89,19,3,1,4,21,0.0449438202247191,0.2359550561797752,48,12,107,753,397,0,200,307960,2,3460.224719101124,SQL Injection,0,-1,SQL Injection
22,1,0,0,0,8,0.0,0.3636363636363636,0,12,100,748,397,0,200,34,2,1.5454545454545454,Normal,0,-1,LOG4J
69,48,5,0,0,14,0.0,0.2028985507246377,0,12,65,693,397,0,404,207,2,3.0,Normal,0,-1,LOG4J
33,12,1,0,0,8,0.0,0.2424242424242424,0,14,106,1066,397,0,302,211,4,6.393939393939394,Cookie Injection,1,-1,Cookie Injection
111,11,2,2,2,20,0.018018018018018,0.1801801801801801,78,12,119,749,397,0,401,26,2,0.2342342342342342,SQL Injection,0,-1,SQL Injection
33,12,1,0,0,8,0.0,0.2424242424242424,0,14,65,1016,397,0,302,211,4,6.393939393939394,Cookie Injection,1,-1,Cookie Injection
109,11,2,2,2,20,0.018348623853211,0.1834862385321101,76,12,72,718,397,0,401,26,2,0.2385321100917431,SQL Injection,0,-1,SQL Injection
81,60,11,0,0,37,0.0,0.4567901234567901,0,12,107,732,397,0,200,67,2,0.8271604938271605,Directory Traversal,0,-1,Directory Traversal
68,47,8,0,0,25,0.0,0.3676470588235294,0,12,68,695,397,0,200,54,2,0.7941176470588235,Directory Traversal,0,-1,Directory Traversal
44,23,4,0,0,11,0.0,0.25,0,12,102,794,450,0,200,3320,2,75.45454545454545,LOG4J,0,-1,LOG4J
112,11,2,2,2,20,0.0178571428571428,0.1785714285714285,79,12,65,695,397,0,401,26,2,0.2321428571428571,SQL Injection,0,-1,SQL Injection
105,11,2,2,2,20,0.019047619047619,0.1904761904761904,72,12,68,698,397,0,401,26,2,0.2476190476190476,SQL Injection,0,-1,SQL Injection
79,20,3,1,3,16,0.0379746835443038,0.2025316455696202,37,12,65,713,397,0,401,41,2,0.5189873417721519,Log Forging,0,-1,Log Forging
76,20,3,1,3,16,0.0394736842105263,0.2105263157894736,34,12,76,715,397,0,401,41,2,0.5394736842105263,Log Forging,0,-1,Log Forging
100,11,2,2,2,20,0.02,0.2,67,12,111,750,397,0,401,26,2,0.26,SQL Injection,0,-1,SQL Injection
22,1,0,0,0,8,0.0,0.3636363636363636,0,12,76,704,397,0,200,34,2,1.5454545454545454,Normal,0,-1,LOG4J
93,19,3,1,4,21,0.043010752688172,0.2258064516129032,52,12,121,746,397,0,200,32,2,0.3440860215053763,SQL Injection,0,-1,SQL Injection
22,1,0,0,0,8,0.0,0.3636363636363636,0,12,100,942,397,0,200,34,2,1.5454545454545454,LOG4J,0,-1,LOG4J
111,11,2,2,2,20,0.018018018018018,0.1801801801801801,78,12,102,750,397,0,401,26,2,0.2342342342342342,SQL Injection,0,-1,SQL Injection
78,57,4,0,8,21,0.1025641025641025,0.2692307692307692,0,12,107,732,397,0,200,50,2,0.6410256410256411,RCE,0,-1,RCE
69,48,7,0,0,25,0.0,0.3623188405797101,0,12,100,727,397,0,200,55,2,0.7971014492753623,Directory Traversal,0,-1,Directory Traversal
33,12,1,0,0,8,0.0,0.2424242424242424,0,14,72,1031,397,0,302,211,4,6.393939393939394,Cookie Injection,1,-1,Cookie Injection
113,92,2,0,5,32,0.0442477876106194,0.2831858407079646,0,12,65,704,397,0,200,20,2,0.1769911504424778,RCE,0,-1,RCE
33,12,1,0,0,8,0.0,0.2424242424242424,0,14,107,1060,397,0,302,211,4,6.393939393939394,Cookie Injection,1,-1,Cookie Injection
101,11,2,2,2,20,0.0198019801980198,0.198019801980198,68,12,72,699,397,0,401,26,2,0.2574257425742574,SQL Injection,0,-1,SQL Injection
33,12,1,0,0,8,0.0,0.2424242424242424,0,14,107,1069,397,0,302,211,4,6.393939393939394,Cookie Injection,1,-1,Cookie Injection
33,12,1,0,0,8,0.0,0.2424242424242424,0,14,111,1073,397,0,302,211,4,6.393939393939394,Cookie Injection,1,-1,Cookie Injection
84,20,3,1,3,16,0.0357142857142857,0.1904761904761904,42,12,100,727,397,0,401,41,2,0.4880952380952381,Log Forging,0,-1,Log Forging
78,57,4,0,8,21,0.1025641025641025,0.2692307692307692,0,12,65,690,397,0,200,50,2,0.6410256410256411,RCE,0,-1,RCE
118,11,2,2,2,20,0.0169491525423728,0.1694915254237288,85,12,100,730,397,0,401,26,2,0.2203389830508474,SQL Injection,0,-1,SQL Injection
33,12,1,0,0,8,0.0,0.2424242424242424,0,14,81,1025,397,0,302,211,4,6.393939393939394,Cookie Injection,1,-1,Cookie Injection
113,92,2,0,5,32,0.0442477876106194,0.2831858407079646,0,12,103,742,397,0,200,20,2,0.1769911504424778,RCE,0,-1,RCE
33,12,1,0,0,8,0.0,0.2424242424242424,0,14,82,1042,397,0,302,211,4,6.393939393939394,Cookie Injection,1,-1,Cookie Injection
83,62,13,0,0,40,0.0,0.4819277108433735,0,12,103,742,397,0,200,69,2,0.8313253012048193,Directory Traversal,0,-1,Directory Traversal
115,11,2,2,2,20,0.017391304347826,0.1739130434782608,82,12,72,711,397,0,401,26,2,0.2260869565217391,SQL Injection,0,-1,SQL Injection
89,19,3,1,4,21,0.0449438202247191,0.2359550561797752,48,12,65,693,397,0,200,307960,2,3460.224719101124,SQL Injection,0,-1,SQL Injection
33,12,1,0,0,8,0.0,0.2424242424242424,0,14,111,1055,397,0,302,211,4,6.393939393939394,Cookie Injection,1,-1,Cookie Injection
105,11,2,2,2,20,0.019047619047619,0.1904761904761904,72,12,105,744,397,0,401,26,2,0.2476190476190476,SQL Injection,0,-1,SQL Injection
68,47,8,0,0,25,0.0,0.3676470588235294,0,12,119,765,397,0,200,54,2,0.7941176470588235,Directory Traversal,0,-1,Directory Traversal
102,11,2,2,2,20,0.0196078431372549,0.196078431372549,69,12,106,731,397,0,401,26,2,0.2549019607843137,SQL Injection,0,-1,SQL Injection
30,9,2,0,0,9,0.0,0.3,0,12,66,693,397,0,308,249,3,8.3,Normal,0,-1,LOG4J
96,19,3,1,4,22,0.0416666666666666,0.2291666666666666,55,12,119,746,397,0,200,49565,2,516.3020833333334,SQL Injection,0,-1,SQL Injection
33,12,1,0,0,8,0.0,0.2424242424242424,0,14,119,1070,397,0,302,211,4,6.393939393939394,Cookie Injection,1,-1,Cookie Injection
33,12,1,0,0,8,0.0,0.2424242424242424,0,14,111,1052,397,0,302,211,4,6.393939393939394,Cookie Injection,1,-1,Cookie Injection
109,88,2,0,4,35,0.036697247706422,0.3211009174311927,0,12,107,737,397,0,200,48,2,0.4403669724770642,RCE,0,-1,RCE
80,59,12,0,0,37,0.0,0.4625,0,12,99,747,397,0,200,66,2,0.825,Directory Traversal,0,-1,Directory Traversal
22,1,0,0,0,8,0.0,0.3636363636363636,0,12,65,760,453,0,200,34,2,1.5454545454545454,LOG4J,0,-1,LOG4J
106,11,2,2,2,20,0.0188679245283018,0.1886792452830188,73,12,99,726,397,0,401,26,2,0.2452830188679245,SQL Injection,0,-1,SQL Injection
103,11,2,2,2,20,0.0194174757281553,0.1941747572815534,70,12,81,708,397,0,401,26,2,0.2524271844660194,SQL Injection,0,-1,SQL Injection
69,48,5,0,0,14,0.0,0.2028985507246377,0,12,72,711,397,0,404,207,2,3.0,Normal,0,-1,LOG4J
69,48,5,0,0,14,0.0,0.2028985507246377,0,12,72,718,397,0,404,207,2,3.0,Normal,0,-1,LOG4J
79,20,3,1,3,16,0.0379746835443038,0.2025316455696202,37,12,76,715,397,0,401,41,2,0.5189873417721519,Log Forging,0,-1,Log Forging
45,24,4,0,0,11,0.0,0.2444444444444444,0,12,121,811,450,0,200,3320,2,73.77777777777777,LOG4J,0,-1,LOG4J
109,88,2,0,4,35,0.036697247706422,0.3211009174311927,0,12,112,760,397,0,200,48,2,0.4403669724770642,RCE,0,-1,RCE
33,12,1,0,0,8,0.0,0.2424242424242424,0,14,82,1029,397,0,302,211,4,6.393939393939394,Cookie Injection,1,-1,Cookie Injection
80,59,12,0,0,37,0.0,0.4625,0,12,72,718,397,0,200,66,2,0.825,Directory Traversal,0,-1,Directory Traversal
68,47,8,0,0,25,0.0,0.3676470588235294,0,12,72,699,397,0,200,54,2,0.7941176470588235,Directory Traversal,0,-1,Directory Traversal
108,11,2,2,2,20,0.0185185185185185,0.1851851851851851,75,12,107,753,397,0,401,26,2,0.2407407407407407,SQL Injection,0,-1,SQL Injection
109,88,2,0,4,35,0.036697247706422,0.3211009174311927,0,12,111,757,397,0,200,48,2,0.4403669724770642,RCE,0,-1,RCE
109,88,2,0,4,35,0.036697247706422,0.3211009174311927,0,12,107,737,397,0,200,48,2,0.4403669724770642,RCE,0,-1,RCE
84,63,12,0,0,40,0.0,0.4761904761904761,0,12,108,736,397,0,200,70,2,0.8333333333333334,Directory Traversal,0,-1,Directory Traversal
22,1,0,0,0,8,0.0,0.3636363636363636,0,12,108,854,397,0,200,34,2,1.5454545454545454,LOG4J,0,-1,LOG4J
96,19,3,1,4,22,0.0416666666666666,0.2291666666666666,55,12,119,749,397,0,200,49565,2,516.3020833333334,SQL Injection,0,-1,SQL Injection
30,9,2,0,0,9,0.0,0.3,0,12,68,695,397,0,308,249,3,8.3,Normal,0,-1,LOG4J
77,20,3,1,3,16,0.0389610389610389,0.2077922077922078,35,12,81,718,397,0,401,41,2,0.5324675324675324,Log Forging,0,-1,Log Forging
33,12,1,0,0,8,0.0,0.2424242424242424,0,14,112,1062,397,0,302,211,4,6.393939393939394,Cookie Injection,1,-1,Cookie Injection
83,20,3,1,4,17,0.0481927710843373,0.2048192771084337,41,12,112,758,397,0,401,41,2,0.4939759036144578,Log Forging,0,-1,Log Forging
69,48,7,0,0,25,0.0,0.3623188405797101,0,12,107,737,397,0,200,55,2,0.7971014492753623,Directory Traversal,0,-1,Directory Traversal
69,48,7,0,0,25,0.0,0.3623188405797101,0,12,65,711,397,0,200,55,2,0.7971014492753623,Directory Traversal,0,-1,Directory Traversal
108,11,2,2,2,20,0.0185185185185185,0.1851851851851851,75,12,105,732,397,0,401,26,2,0.2407407407407407,SQL Injection,0,-1,SQL Injection
78,57,10,0,0,34,0.0,0.4358974358974359,0,12,106,733,397,0,200,64,2,0.8205128205128205,Directory Traversal,0,-1,Directory Traversal
69,48,5,0,0,14,0.0,0.2028985507246377,0,12,66,714,397,0,404,207,2,3.0,Normal,0,-1,LOG4J
39,18,2,0,0,10,0.0,0.2564102564102564,0,12,77,725,397,0,200,2666,2,68.35897435897436,Normal,0,-1,LOG4J
77,20,3,1,3,16,0.0389610389610389,0.2077922077922078,35,12,82,709,397,0,401,41,2,0.5324675324675324,Log Forging,0,-1,Log Forging
72,51,8,0,0,28,0.0,0.3888888888888889,0,12,107,744,397,0,200,58,2,0.8055555555555556,Directory Traversal,0,-1,Directory Traversal
96,19,3,1,4,22,0.0416666666666666,0.2291666666666666,55,12,111,736,397,0,200,49565,2,516.3020833333334,SQL Injection,0,-1,SQL Injection
74,53,10,0,0,31,0.0,0.4189189189189189,0,12,100,748,397,0,200,60,2,0.8108108108108109,Directory Traversal,0,-1,Directory Traversal
109,88,2,0,4,35,0.036697247706422,0.3211009174311927,0,12,119,744,397,0,200,48,2,0.4403669724770642,RCE,0,-1,RCE
33,12,1,0,0,8,0.0,0.2424242424242424,0,14,112,1059,397,0,302,211,4,6.393939393939394,Cookie Injection,1,-1,Cookie Injection
77,56,11,0,0,34,0.0,0.4415584415584415,0,12,65,704,397,0,200,63,2,0.8181818181818182,Directory Traversal,0,-1,Directory Traversal
71,50,9,0,0,28,0.0,0.3943661971830985,0,12,107,737,397,0,200,57,2,0.8028169014084507,Directory Traversal,0,-1,Directory Traversal
108,11,2,2,2,20,0.0185185185185185,0.1851851851851851,75,12,76,713,397,0,401,26,2,0.2407407407407407,SQL Injection,0,-1,SQL Injection
78,57,4,0,8,21,0.1025641025641025,0.2692307692307692,0,12,107,734,397,0,200,50,2,0.6410256410256411,RCE,0,-1,RCE
83,20,3,1,4,17,0.0481927710843373,0.2048192771084337,41,12,102,750,397,0,401,41,2,0.4939759036144578,Log Forging,0,-1,Log Forging
33,12,1,0,0,8,0.0,0.2424242424242424,0,14,72,1013,397,0,302,211,4,6.393939393939394,Cookie Injection,1,-1,Cookie Injection
97,11,2,2,2,20,0.0206185567010309,0.2061855670103092,64,12,66,693,397,0,401,26,2,0.268041237113402,SQL Injection,0,-1,SQL Injection
110,11,2,2,2,20,0.0181818181818181,0.1818181818181818,77,12,107,735,397,0,401,26,2,0.2363636363636363,SQL Injection,0,-1,SQL Injection
109,88,2,0,4,35,0.036697247706422,0.3211009174311927,0,12,65,690,397,0,200,48,2,0.4403669724770642,RCE,0,-1,RCE
69,48,5,0,0,14,0.0,0.2028985507246377,0,12,65,693,397,0,404,207,2,3.0,Normal,0,-1,LOG4J
33,12,1,0,0,8,0.0,0.2424242424242424,0,14,107,1054,397,0,302,211,4,6.393939393939394,Cookie Injection,1,-1,Cookie Injection
111,11,2,2,2,20,0.018018018018018,0.1801801801801801,78,12,66,712,397,0,401,26,2,0.2342342342342342,SQL Injection,0,-1,SQL Injection
71,50,9,0,0,28,0.0,0.3943661971830985,0,12,66,691,397,0,200,57,2,0.8028169014084507,Directory Traversal,0,-1,Directory Traversal
105,11,2,2,2,20,0.019047619047619,0.1904761904761904,72,12,103,740,397,0,401,26,2,0.2476190476190476,SQL Injection,0,-1,SQL Injection
75,54,9,0,0,31,0.0,0.4133333333333333,0,12,65,711,397,0,200,61,2,0.8133333333333334,Directory Traversal,0,-1,Directory Traversal
78,57,4,0,8,21,0.1025641025641025,0.2692307692307692,0,12,77,723,397,0,200,50,2,0.6410256410256411,RCE,0,-1,RCE
69,48,5,0,0,14,0.0,0.2028985507246377,0,12,82,721,397,0,404,207,2,3.0,Normal,0,-1,LOG4J
113,92,2,0,5,32,0.0442477876106194,0.2831858407079646,0,12,81,706,397,0,200,20,2,0.1769911504424778,RCE,0,-1,RCE
74,20,3,1,3,16,0.0405405405405405,0.2162162162162162,32,12,66,714,397,0,401,41,2,0.5540540540540541,Log Forging,0,-1,Log Forging
107,11,2,2,2,20,0.0186915887850467,0.1869158878504672,74,12,107,732,397,0,401,26,2,0.2429906542056074,SQL Injection,0,-1,SQL Injection
69,48,7,0,0,25,0.0,0.3623188405797101,0,12,77,714,397,0,200,55,2,0.7971014492753623,Directory Traversal,0,-1,Directory Traversal
113,92,2,0,5,32,0.0442477876106194,0.2831858407079646,0,12,100,727,397,0,200,20,2,0.1769911504424778,RCE,0,-1,RCE
80,20,3,1,3,16,0.0375,0.2,38,12,77,702,397,0,401,41,2,0.5125,Log Forging,0,-1,Log Forging
72,51,8,0,0,28,0.0,0.3888888888888889,0,12,100,739,397,0,200,58,2,0.8055555555555556,Directory Traversal,0,-1,Directory Traversal
84,63,12,0,0,40,0.0,0.4761904761904761,0,12,105,735,397,0,200,70,2,0.8333333333333334,Directory Traversal,0,-1,Directory Traversal
83,62,13,0,0,40,0.0,0.4819277108433735,0,12,65,690,397,0,200,69,2,0.8313253012048193,Directory Traversal,0,-1,Directory Traversal
44,23,4,0,0,11,0.0,0.25,0,12,121,820,397,0,200,3320,2,75.45454545454545,LOG4J,0,-1,LOG4J
70,49,5,0,0,14,0.0,0.2,0,12,65,693,397,0,404,207,2,2.9571428571428573,Normal,0,-1,LOG4J
80,20,3,1,3,16,0.0375,0.2,38,12,81,706,397,0,401,41,2,0.5125,Log Forging,0,-1,Log Forging
33,12,1,0,0,8,0.0,0.2424242424242424,0,14,102,1054,397,0,302,211,4,6.393939393939394,Cookie Injection,1,-1,Cookie Injection
69,48,7,0,0,25,0.0,0.3623188405797101,0,12,105,732,397,0,200,55,2,0.7971014492753623,Directory Traversal,0,-1,Directory Traversal
109,88,2,0,4,35,0.036697247706422,0.3211009174311927,0,12,65,695,397,0,200,48,2,0.4403669724770642,RCE,0,-1,RCE
102,11,2,2,2,20,0.0196078431372549,0.196078431372549,69,12,65,704,397,0,401,26,2,0.2549019607843137,SQL Injection,0,-1,SQL Injection
78,57,4,0,8,21,0.1025641025641025,0.2692307692307692,0,12,72,700,397,0,200,50,2,0.6410256410256411,RCE,0,-1,RCE
116,11,2,2,2,20,0.0172413793103448,0.1724137931034483,83,12,101,747,397,0,401,26,2,0.2241379310344827,SQL Injection,0,-1,SQL Injection
33,12,2,0,0,9,0.0,0.2727272727272727,0,12,72,720,397,0,200,2734,2,82.84848484848484,Normal,0,-1,LOG4J
30,9,2,0,0,9,0.0,0.3,0,12,106,745,397,0,308,249,3,8.3,Normal,0,-1,LOG4J
81,60,11,0,0,37,0.0,0.4567901234567901,0,12,99,729,397,0,200,67,2,0.8271604938271605,Directory Traversal,0,-1,Directory Traversal
113,92,2,0,5,32,0.0442477876106194,0.2831858407079646,0,12,77,707,397,0,200,20,2,0.1769911504424778,RCE,0,-1,RCE
78,57,4,0,8,21,0.1025641025641025,0.2692307692307692,0,12,101,738,397,0,200,50,2,0.6410256410256411,RCE,0,-1,RCE
83,20,3,1,4,17,0.0481927710843373,0.2048192771084337,41,12,101,749,397,0,401,41,2,0.4939759036144578,Log Forging,0,-1,Log Forging
102,11,2,2,2,20,0.0196078431372549,0.196078431372549,69,12,77,702,397,0,401,26,2,0.2549019607843137,SQL Injection,0,-1,SQL Injection
69,48,5,0,0,14,0.0,0.2028985507246377,0,12,69,715,397,0,404,207,2,3.0,Normal,0,-1,LOG4J
33,12,1,0,0,8,0.0,0.2424242424242424,0,14,100,1039,397,0,302,211,4,6.393939393939394,Cookie Injection,1,-1,Cookie Injection
84,63,12,0,0,40,0.0,0.4761904761904761,0,12,99,747,397,0,200,70,2,0.8333333333333334,Directory Traversal,0,-1,Directory Traversal
89,19,3,1,4,21,0.0449438202247191,0.2359550561797752,48,12,72,699,397,0,200,307960,2,3460.224719101124,SQL Injection,0,-1,SQL Injection
68,47,8,0,0,25,0.0,0.3676470588235294,0,12,72,711,397,0,200,54,2,0.7941176470588235,Directory Traversal,0,-1,Directory Traversal
76,20,3,1,3,16,0.0394736842105263,0.2105263157894736,34,12,72,699,397,0,401,41,2,0.5394736842105263,Log Forging,0,-1,Log Forging
33,12,1,0,0,8,0.0,0.2424242424242424,0,14,77,1018,397,0,302,211,4,6.393939393939394,Cookie Injection,1,-1,Cookie Injection
105,11,2,2,2,20,0.019047619047619,0.1904761904761904,72,12,112,758,397,0,401,26,2,0.2476190476190476,SQL Injection,0,-1,SQL Injection
33,12,1,0,0,8,0.0,0.2424242424242424,0,14,121,1060,397,0,302,211,4,6.393939393939394,Cookie Injection,1,-1,Cookie Injection
44,23,4,0,0,11,0.0,0.25,0,12,76,750,444,0,200,3320,2,75.45454545454545,LOG4J,0,-1,LOG4J
101,11,2,2,2,20,0.0198019801980198,0.198019801980198,68,12,100,730,397,0,401,26,2,0.2574257425742574,SQL Injection,0,-1,SQL Injection
30,9,2,0,0,9,0.0,0.3,0,12,72,720,397,0,308,249,3,8.3,Normal,0,-1,LOG4J
89,19,3,1,4,21,0.0449438202247191,0.2359550561797752,48,12,77,705,397,0,200,307960,2,3460.224719101124,SQL Injection,0,-1,SQL Injection
112,11,2,2,2,20,0.0178571428571428,0.1785714285714285,79,12,65,693,397,0,401,26,2,0.2321428571428571,SQL Injection,0,-1,SQL Injection
84,63,12,0,0,40,0.0,0.4761904761904761,0,12,107,755,397,0,200,70,2,0.8333333333333334,Directory Traversal,0,-1,Directory Traversal
30,9,2,0,0,9,0.0,0.3,0,12,72,709,397,0,308,249,3,8.3,Normal,0,-1,LOG4J
30,9,2,0,0,9,0.0,0.3,0,12,111,792,451,0,308,249,3,8.3,LOG4J,0,-1,LOG4J
22,1,0,0,0,8,0.0,0.3636363636363636,0,12,100,739,397,0,200,34,2,1.5454545454545454,Normal,0,-1,LOG4J
80,59,12,0,0,37,0.0,0.4625,0,12,119,747,397,0,200,66,2,0.825,Directory Traversal,0,-1,Directory Traversal
33,12,1,0,0,8,0.0,0.2424242424242424,0,14,77,1028,397,0,302,211,4,6.393939393939394,Cookie Injection,1,-1,Cookie Injection
33,12,1,0,0,8,0.0,0.2424242424242424,0,14,76,1029,397,0,302,211,4,6.393939393939394,Cookie Injection,1,-1,Cookie Injection
108,11,2,2,2,20,0.0185185185185185,0.1851851851851851,75,12,107,734,397,0,401,26,2,0.2407407407407407,SQL Injection,0,-1,SQL Injection
22,1,0,0,0,8,0.0,0.3636363636363636,0,12,65,713,397,0,200,34,2,1.5454545454545454,Normal,0,-1,LOG4J
89,19,3,1,4,21,0.0449438202247191,0.2359550561797752,48,12,101,731,397,0,200,307960,2,3460.224719101124,SQL Injection,0,-1,SQL Injection
105,11,2,2,2,20,0.019047619047619,0.1904761904761904,72,12,72,720,397,0,401,26,2,0.2476190476190476,SQL Injection,0,-1,SQL Injection
76,20,3,1,3,16,0.0394736842105263,0.2105263157894736,34,12,121,769,397,0,401,41,2,0.5394736842105263,Log Forging,0,-1,Log Forging
81,20,3,1,3,16,0.037037037037037,0.1975308641975308,39,12,72,697,397,0,401,41,2,0.5061728395061729,Log Forging,0,-1,Log Forging
44,23,4,0,0,11,0.0,0.25,0,12,107,769,434,0,200,3320,2,75.45454545454545,LOG4J,0,-1,LOG4J
109,11,2,2,2,20,0.018348623853211,0.1834862385321101,76,12,107,734,397,0,401,26,2,0.2385321100917431,SQL Injection,0,-1,SQL Injection
108,11,2,2,2,20,0.0185185185185185,0.1851851851851851,75,12,72,699,397,0,401,26,2,0.2407407407407407,SQL Injection,0,-1,SQL Injection
109,88,2,0,4,35,0.036697247706422,0.3211009174311927,0,12,65,704,397,0,200,48,2,0.4403669724770642,RCE,0,-1,RCE
113,11,2,2,2,20,0.0176991150442477,0.1769911504424778,80,12,100,746,397,0,401,26,2,0.2300884955752212,SQL Injection,0,-1,SQL Injection
77,56,11,0,0,34,0.0,0.4415584415584415,0,12,121,760,397,0,200,63,2,0.8181818181818182,Directory Traversal,0,-1,Directory Traversal
89,19,3,1,4,21,0.0449438202247191,0.2359550561797752,48,12,107,746,397,0,200,307960,2,3460.224719101124,SQL Injection,0,-1,SQL Injection
89,19,3,1,4,21,0.0449438202247191,0.2359550561797752,48,12,107,755,397,0,200,307960,2,3460.224719101124,SQL Injection,0,-1,SQL Injection
112,11,2,2,2,20,0.0178571428571428,0.1785714285714285,79,12,69,694,397,0,401,26,2,0.2321428571428571,SQL Injection,0,-1,SQL Injection
22,1,0,0,0,8,0.0,0.3636363636363636,0,12,102,729,397,0,200,34,2,1.5454545454545454,Normal,0,-1,LOG4J
78,57,10,0,0,34,0.0,0.4358974358974359,0,12,100,748,397,0,200,64,2,0.8205128205128205,Directory Traversal,0,-1,Directory Traversal
80,59,12,0,0,37,0.0,0.4625,0,12,82,721,397,0,200,66,2,0.825,Directory Traversal,0,-1,Directory Traversal
89,19,3,1,4,21,0.0449438202247191,0.2359550561797752,48,12,107,744,397,0,200,307960,2,3460.224719101124,SQL Injection,0,-1,SQL Injection
74,53,10,0,0,31,0.0,0.4189189189189189,0,12,107,746,397,0,200,60,2,0.8108108108108109,Directory Traversal,0,-1,Directory Traversal
69,48,5,0,0,14,0.0,0.2028985507246377,0,12,108,756,397,0,404,207,2,3.0,Normal,0,-1,LOG4J
84,63,12,0,0,40,0.0,0.4761904761904761,0,12,103,728,397,0,200,70,2,0.8333333333333334,Directory Traversal,0,-1,Directory Traversal
105,11,2,2,2,20,0.019047619047619,0.1904761904761904,72,12,107,732,397,0,401,26,2,0.2476190476190476,SQL Injection,0,-1,SQL Injection
96,19,3,1,4,22,0.0416666666666666,0.2291666666666666,55,12,107,735,397,0,200,49565,2,516.3020833333334,SQL Injection,0,-1,SQL Injection
100,11,2,2,2,20,0.02,0.2,67,12,101,726,397,0,401,26,2,0.26,SQL Injection,0,-1,SQL Injection
33,12,2,0,0,9,0.0,0.2727272727272727,0,12,111,739,397,0,200,2713,2,82.21212121212122,Normal,0,-1,LOG4J
81,60,11,0,0,37,0.0,0.4567901234567901,0,12,76,724,397,0,200,67,2,0.8271604938271605,Directory Traversal,0,-1,Directory Traversal
103,11,2,2,2,20,0.0194174757281553,0.1941747572815534,70,12,77,714,397,0,401,26,2,0.2524271844660194,SQL Injection,0,-1,SQL Injection
33,12,1,0,0,8,0.0,0.2424242424242424,0,14,77,1016,397,0,302,211,4,6.393939393939394,Cookie Injection,1,-1,Cookie Injection
92,19,3,1,4,21,0.0434782608695652,0.2282608695652173,51,12,119,756,397,0,200,198,2,2.152173913043478,SQL Injection,0,-1,SQL Injection
74,20,3,1,3,16,0.0405405405405405,0.2162162162162162,32,12,65,695,397,0,401,41,2,0.5540540540540541,Log Forging,0,-1,Log Forging
96,19,3,1,4,22,0.0416666666666666,0.2291666666666666,55,12,76,703,397,0,200,49565,2,516.3020833333334,SQL Injection,0,-1,SQL Injection
81,20,3,1,3,16,0.037037037037037,0.1975308641975308,39,12,107,746,397,0,401,41,2,0.5061728395061729,Log Forging,0,-1,Log Forging
113,92,2,0,5,32,0.0442477876106194,0.2831858407079646,0,12,68,695,397,0,200,20,2,0.1769911504424778,RCE,0,-1,RCE
33,12,1,0,0,8,0.0,0.2424242424242424,0,14,65,1017,397,0,302,211,4,6.393939393939394,Cookie Injection,1,-1,Cookie Injection
33,12,1,0,0,8,0.0,0.2424242424242424,0,14,107,1058,397,0,302,211,4,6.393939393939394,Cookie Injection,1,-1,Cookie Injection
109,88,2,0,4,35,0.036697247706422,0.3211009174311927,0,12,100,748,397,0,200,48,2,0.4403669724770642,RCE,0,-1,RCE
71,50,9,0,0,28,0.0,0.3943661971830985,0,12,119,765,397,0,200,57,2,0.8028169014084507,Directory Traversal,0,-1,Directory Traversal
89,19,3,1,4,21,0.0449438202247191,0.2359550561797752,48,12,107,732,397,0,200,307960,2,3460.224719101124,SQL Injection,0,-1,SQL Injection
89,19,3,1,4,21,0.0449438202247191,0.2359550561797752,48,12,65,711,397,0,200,307960,2,3460.224719101124,SQL Injection,0,-1,SQL Injection
92,19,3,1,4,21,0.0434782608695652,0.2282608695652173,51,12,66,691,397,0,200,198,2,2.152173913043478,SQL Injection,0,-1,SQL Injection
45,24,4,0,0,11,0.0,0.2444444444444444,0,12,106,745,397,0,200,3320,2,73.77777777777777,Normal,0,-1,LOG4J
113,92,2,0,5,32,0.0442477876106194,0.2831858407079646,0,12,72,697,397,0,200,20,2,0.1769911504424778,RCE,0,-1,RCE
93,19,3,1,4,21,0.043010752688172,0.2258064516129032,52,12,119,747,397,0,200,32,2,0.3440860215053763,SQL Injection,0,-1,SQL Injection
109,88,2,0,4,35,0.036697247706422,0.3211009174311927,0,12,77,716,397,0,200,48,2,0.4403669724770642,RCE,0,-1,RCE
77,56,11,0,0,34,0.0,0.4415584415584415,0,12,69,697,397,0,200,63,2,0.8181818181818182,Directory Traversal,0,-1,Directory Traversal
89,19,3,1,4,21,0.0449438202247191,0.2359550561797752,48,12,102,727,397,0,200,307960,2,3460.224719101124,SQL Injection,0,-1,SQL Injection
81,60,11,0,0,37,0.0,0.4567901234567901,0,12,107,735,397,0,200,67,2,0.8271604938271605,Directory Traversal,0,-1,Directory Traversal
69,48,5,0,0,14,0.0,0.2028985507246377,0,12,72,755,397,0,404,207,2,3.0,LOG4J,0,-1,LOG4J
109,88,2,0,4,35,0.036697247706422,0.3211009174311927,0,12,107,735,397,0,200,48,2,0.4403669724770642,RCE,0,-1,RCE
68,47,8,0,0,25,0.0,0.3676470588235294,0,12,68,693,397,0,200,54,2,0.7941176470588235,Directory Traversal,0,-1,Directory Traversal
33,12,1,0,0,8,0.0,0.2424242424242424,0,14,76,1017,397,0,302,211,4,6.393939393939394,Cookie Injection,1,-1,Cookie Injection
78,57,4,0,8,21,0.1025641025641025,0.2692307692307692,0,12,100,748,397,0,200,50,2,0.6410256410256411,RCE,0,-1,RCE
22,1,0,0,0,8,0.0,0.3636363636363636,0,12,69,697,397,0,200,34,2,1.5454545454545454,Normal,0,-1,LOG4J
78,57,4,0,8,21,0.1025641025641025,0.2692307692307692,0,12,102,727,397,0,200,50,2,0.6410256410256411,RCE,0,-1,RCE
85,20,3,1,4,17,0.0470588235294117,0.2,43,12,82,719,397,0,401,41,2,0.4823529411764706,Log Forging,0,-1,Log Forging
109,88,2,0,4,35,0.036697247706422,0.3211009174311927,0,12,101,740,397,0,200,48,2,0.4403669724770642,RCE,0,-1,RCE
69,48,7,0,0,25,0.0,0.3623188405797101,0,12,65,711,397,0,200,55,2,0.7971014492753623,Directory Traversal,0,-1,Directory Traversal
69,48,5,0,0,14,0.0,0.2028985507246377,0,12,105,780,442,0,404,207,2,3.0,LOG4J,0,-1,LOG4J
33,12,1,0,0,8,0.0,0.2424242424242424,0,14,111,1050,397,0,302,211,4,6.393939393939394,Cookie Injection,1,-1,Cookie Injection
106,11,2,2,2,20,0.0188679245283018,0.1886792452830188,73,12,65,704,397,0,401,26,2,0.2452830188679245,SQL Injection,0,-1,SQL Injection
22,1,0,0,0,8,0.0,0.3636363636363636,0,12,102,750,397,0,200,34,2,1.5454545454545454,Normal,0,-1,LOG4J
70,49,5,0,0,14,0.0,0.2,0,12,66,766,397,0,404,207,2,2.9571428571428573,LOG4J,0,-1,LOG4J
78,57,4,0,8,21,0.1025641025641025,0.2692307692307692,0,12,107,746,397,0,200,50,2,0.6410256410256411,RCE,0,-1,RCE
33,12,1,0,0,8,0.0,0.2424242424242424,0,14,102,1070,397,0,302,211,4,6.393939393939394,Cookie Injection,1,-1,Cookie Injection
33,12,1,0,0,8,0.0,0.2424242424242424,0,14,106,1050,397,0,302,211,4,6.393939393939394,Cookie Injection,1,-1,Cookie Injection
39,18,2,0,0,10,0.0,0.2564102564102564,0,12,65,713,397,0,200,2734,2,70.1025641025641,Normal,0,-1,LOG4J
96,19,3,1,4,22,0.0416666666666666,0.2291666666666666,55,12,72,697,397,0,200,49565,2,516.3020833333334,SQL Injection,0,-1,SQL Injection
22,1,0,0,0,8,0.0,0.3636363636363636,0,12,72,702,397,0,200,34,2,1.5454545454545454,Normal,0,-1,LOG4J
80,59,12,0,0,37,0.0,0.4625,0,12,105,751,397,0,200,66,2,0.825,Directory Traversal,0,-1,Directory Traversal
33,12,1,0,0,8,0.0,0.2424242424242424,0,14,121,1074,397,0,302,211,4,6.393939393939394,Cookie Injection,1,-1,Cookie Injection
33,12,1,0,0,8,0.0,0.2424242424242424,0,14,107,1048,397,0,302,211,4,6.393939393939394,Cookie Injection,1,-1,Cookie Injection
84,63,12,0,0,40,0.0,0.4761904761904761,0,12,72,702,397,0,200,70,2,0.8333333333333334,Directory Traversal,0,-1,Directory Traversal
112,11,2,2,2,20,0.0178571428571428,0.1785714285714285,79,12,107,732,397,0,401,26,2,0.2321428571428571,SQL Injection,0,-1,SQL Injection
78,57,4,0,8,21,0.1025641025641025,0.2692307692307692,0,12,119,765,397,0,200,50,2,0.6410256410256411,RCE,0,-1,RCE
80,59,12,0,0,37,0.0,0.4625,0,12,111,750,397,0,200,66,2,0.825,Directory Traversal,0,-1,Directory Traversal
113,92,2,0,5,32,0.0442477876106194,0.2831858407079646,0,12,107,737,397,0,200,20,2,0.1769911504424778,RCE,0,-1,RCE
33,12,1,0,0,8,0.0,0.2424242424242424,0,14,107,1069,397,0,302,211,4,6.393939393939394,Cookie Injection,1,-1,Cookie Injection
113,92,2,0,5,32,0.0442477876106194,0.2831858407079646,0,12,111,757,397,0,200,20,2,0.1769911504424778,RCE,0,-1,RCE
69,48,7,0,0,25,0.0,0.3623188405797101,0,12,81,729,397,0,200,55,2,0.7971014492753623,Directory Traversal,0,-1,Directory Traversal
78,57,4,0,8,21,0.1025641025641025,0.2692307692307692,0,12,68,714,397,0,200,50,2,0.6410256410256411,RCE,0,-1,RCE
78,57,4,0,8,21,0.1025641025641025,0.2692307692307692,0,12,72,718,397,0,200,50,2,0.6410256410256411,RCE,0,-1,RCE
99,11,2,2,2,20,0.0202020202020202,0.202020202020202,66,12,103,728,397,0,401,26,2,0.2626262626262626,SQL Injection,0,-1,SQL Injection
22,1,0,0,0,8,0.0,0.3636363636363636,0,12,77,705,397,0,200,34,2,1.5454545454545454,Normal,0,-1,LOG4J
74,20,3,1,3,16,0.0405405405405405,0.2162162162162162,32,12,65,713,397,0,401,41,2,0.5540540540540541,Log Forging,0,-1,Log Forging
84,20,3,1,4,17,0.0476190476190476,0.2023809523809523,42,12,76,704,397,0,401,41,2,0.4880952380952381,Log Forging,0,-1,Log Forging
30,9,2,0,0,9,0.0,0.3,0,12,121,749,397,0,308,249,3,8.3,Normal,0,-1,LOG4J
22,1,0,0,0,8,0.0,0.3636363636363636,0,12,77,723,397,0,200,34,2,1.5454545454545454,Normal,0,-1,LOG4J
33,12,1,0,0,8,0.0,0.2424242424242424,0,14,81,1034,397,0,302,211,4,6.393939393939394,Cookie Injection,1,-1,Cookie Injection
33,12,1,0,0,8,0.0,0.2424242424242424,0,14,65,1004,397,0,302,211,4,6.393939393939394,Cookie Injection,1,-1,Cookie Injection
103,11,2,2,2,20,0.0194174757281553,0.1941747572815534,70,12,65,693,397,0,401,26,2,0.2524271844660194,SQL Injection,0,-1,SQL Injection
22,1,0,0,0,8,0.0,0.3636363636363636,0,12,107,962,397,0,200,34,2,1.5454545454545454,LOG4J,0,-1,LOG4J
69,48,7,0,0,25,0.0,0.3623188405797101,0,12,107,735,397,0,200,55,2,0.7971014492753623,Directory Traversal,0,-1,Directory Traversal
108,11,2,2,2,20,0.0185185185185185,0.1851851851851851,75,12,107,737,397,0,401,26,2,0.2407407407407407,SQL Injection,0,-1,SQL Injection
81,60,11,0,0,37,0.0,0.4567901234567901,0,12,112,737,397,0,200,67,2,0.8271604938271605,Directory Traversal,0,-1,Directory Traversal
30,9,2,0,0,9,0.0,0.3,0,12,107,781,441,0,308,249,3,8.3,LOG4J,0,-1,LOG4J
72,51,8,0,0,28,0.0,0.3888888888888889,0,12,108,736,397,0,200,58,2,0.8055555555555556,Directory Traversal,0,-1,Directory Traversal
77,56,11,0,0,34,0.0,0.4415584415584415,0,12,107,744,397,0,200,63,2,0.8181818181818182,Directory Traversal,0,-1,Directory Traversal
110,11,2,2,2,20,0.0181818181818181,0.1818181818181818,77,12,106,752,397,0,401,26,2,0.2363636363636363,SQL Injection,0,-1,SQL Injection
45,24,4,0,0,11,0.0,0.2444444444444444,0,12,108,733,397,0,200,3320,2,73.77777777777777,Normal,0,-1,LOG4J
78,57,10,0,0,34,0.0,0.4358974358974359,0,12,82,709,397,0,200,64,2,0.8205128205128205,Directory Traversal,0,-1,Directory Traversal
77,20,3,1,3,16,0.0389610389610389,0.2077922077922078,35,12,107,755,397,0,401,41,2,0.5324675324675324,Log Forging,0,-1,Log Forging
113,92,2,0,5,32,0.0442477876106194,0.2831858407079646,0,12,102,727,397,0,200,20,2,0.1769911504424778,RCE,0,-1,RCE
113,11,2,2,2,20,0.0176991150442477,0.1769911504424778,80,12,77,705,397,0,401,26,2,0.2300884955752212,SQL Injection,0,-1,SQL Injection
93,19,3,1,4,21,0.043010752688172,0.2258064516129032,52,12,65,692,397,0,200,32,2,0.3440860215053763,SQL Injection,0,-1,SQL Injection
98,11,2,2,2,20,0.0204081632653061,0.2040816326530612,65,12,103,751,397,0,401,26,2,0.2653061224489796,SQL Injection,0,-1,SQL Injection
39,18,2,0,0,10,0.0,0.2564102564102564,0,12,99,726,397,0,200,2713,2,69.56410256410257,Normal,0,-1,LOG4J
109,88,2,0,4,35,0.036697247706422,0.3211009174311927,0,12,65,690,397,0,200,48,2,0.4403669724770642,RCE,0,-1,RCE
78,57,4,0,8,21,0.1025641025641025,0.2692307692307692,0,12,72,718,397,0,200,50,2,0.6410256410256411,RCE,0,-1,RCE
109,88,2,0,4,35,0.036697247706422,0.3211009174311927,0,12,107,755,397,0,200,48,2,0.4403669724770642,RCE,0,-1,RCE
78,57,10,0,0,34,0.0,0.4358974358974359,0,12,107,744,397,0,200,64,2,0.8205128205128205,Directory Traversal,0,-1,Directory Traversal
30,9,2,0,0,9,0.0,0.3,0,12,100,788,397,0,308,249,3,8.3,LOG4J,0,-1,LOG4J
39,18,2,0,0,10,0.0,0.2564102564102564,0,12,107,737,397,0,200,2721,2,69.76923076923077,Normal,0,-1,LOG4J
96,19,3,1,4,22,0.0416666666666666,0.2291666666666666,55,12,100,727,397,0,200,49565,2,516.3020833333334,SQL Injection,0,-1,SQL Injection
103,11,2,2,2,20,0.0194174757281553,0.1941747572815534,70,12,112,740,397,0,401,26,2,0.2524271844660194,SQL Injection,0,-1,SQL Injection
110,11,2,2,2,20,0.0181818181818181,0.1818181818181818,77,12,105,735,397,0,401,26,2,0.2363636363636363,SQL Injection,0,-1,SQL Injection
30,9,2,0,0,9,0.0,0.3,0,12,72,700,397,0,308,249,3,8.3,Normal,0,-1,LOG4J
33,12,1,0,0,8,0.0,0.2424242424242424,0,14,65,1016,397,0,302,211,4,6.393939393939394,Cookie Injection,1,-1,Cookie Injection
78,57,4,0,8,21,0.1025641025641025,0.2692307692307692,0,12,66,691,397,0,200,50,2,0.6410256410256411,RCE,0,-1,RCE
83,62,13,0,0,40,0.0,0.4819277108433735,0,12,111,759,397,0,200,69,2,0.8313253012048193,Directory Traversal,0,-1,Directory Traversal
78,57,4,0,8,21,0.1025641025641025,0.2692307692307692,0,12,77,725,397,0,200,50,2,0.6410256410256411,RCE,0,-1,RCE
33,12,1,0,0,8,0.0,0.2424242424242424,0,14,107,1046,397,0,302,211,4,6.393939393939394,Cookie Injection,1,-1,Cookie Injection
84,63,12,0,0,40,0.0,0.4761904761904761,0,12,112,742,397,0,200,70,2,0.8333333333333334,Directory Traversal,0,-1,Directory Traversal
30,9,2,0,0,9,0.0,0.3,0,12,99,747,397,0,308,249,3,8.3,Normal,0,-1,LOG4J
77,56,11,0,0,34,0.0,0.4415584415584415,0,12,111,748,397,0,200,63,2,0.8181818181818182,Directory Traversal,0,-1,Directory Traversal
113,92,2,0,5,32,0.0442477876106194,0.2831858407079646,0,12,107,746,397,0,200,20,2,0.1769911504424778,RCE,0,-1,RCE
68,47,8,0,0,25,0.0,0.3676470588235294,0,12,77,714,397,0,200,54,2,0.7941176470588235,Directory Traversal,0,-1,Directory Traversal
109,88,2,0,4,35,0.036697247706422,0.3211009174311927,0,12,112,740,397,0,200,48,2,0.4403669724770642,RCE,0,-1,RCE
113,92,2,0,5,32,0.0442477876106194,0.2831858407079646,0,12,81,706,397,0,200,20,2,0.1769911504424778,RCE,0,-1,RCE
113,11,2,2,2,20,0.0176991150442477,0.1769911504424778,80,12,68,716,397,0,401,26,2,0.2300884955752212,SQL Injection,0,-1,SQL Injection
69,48,5,0,0,14,0.0,0.2028985507246377,0,12,99,747,397,0,404,207,2,3.0,Normal,0,-1,LOG4J
111,11,2,2,2,20,0.018018018018018,0.1801801801801801,78,12,102,729,397,0,401,26,2,0.2342342342342342,SQL Injection,0,-1,SQL Injection
78,57,4,0,8,21,0.1025641025641025,0.2692307692307692,0,12,76,701,397,0,200,50,2,0.6410256410256411,RCE,0,-1,RCE
91,19,3,1,4,21,0.0439560439560439,0.2307692307692307,50,12,121,746,397,0,200,24,2,0.2637362637362637,SQL Injection,0,-1,SQL Injection
85,20,3,1,3,16,0.0352941176470588,0.188235294117647,43,12,101,740,397,0,401,41,2,0.4823529411764706,Log Forging,0,-1,Log Forging
80,20,3,1,3,16,0.0375,0.2,38,12,111,757,397,0,401,41,2,0.5125,Log Forging,0,-1,Log Forging
39,18,2,0,0,10,0.0,0.2564102564102564,0,12,121,758,397,0,200,2689,2,68.94871794871794,Normal,0,-1,LOG4J
22,1,0,0,0,8,0.0,0.3636363636363636,0,12,107,753,397,0,200,34,2,1.5454545454545454,Normal,0,-1,LOG4J
89,19,3,1,4,21,0.0449438202247191,0.2359550561797752,48,12,65,693,397,0,200,307960,2,3460.224719101124,SQL Injection,0,-1,SQL Injection
81,20,3,1,3,16,0.037037037037037,0.1975308641975308,39,12,103,740,397,0,401,41,2,0.5061728395061729,Log Forging,0,-1,Log Forging
78,57,4,0,8,21,0.1025641025641025,0.2692307692307692,0,12,108,747,397,0,200,50,2,0.6410256410256411,RCE,0,-1,RCE
78,57,10,0,0,34,0.0,0.4358974358974359,0,12,72,711,397,0,200,64,2,0.8205128205128205,Directory Traversal,0,-1,Directory Traversal
33,12,1,0,0,8,0.0,0.2424242424242424,0,14,81,1043,397,0,302,211,4,6.393939393939394,Cookie Injection,1,-1,Cookie Injection
81,60,11,0,0,37,0.0,0.4567901234567901,0,12,105,730,397,0,200,67,2,0.8271604938271605,Directory Traversal,0,-1,Directory Traversal
83,62,13,0,0,40,0.0,0.4819277108433735,0,12,103,731,397,0,200,69,2,0.8313253012048193,Directory Traversal,0,-1,Directory Traversal
113,92,2,0,5,32,0.0442477876106194,0.2831858407079646,0,12,102,732,397,0,200,20,2,0.1769911504424778,RCE,0,-1,RCE
78,20,3,1,3,16,0.0384615384615384,0.2051282051282051,36,12,77,702,397,0,401,41,2,0.5256410256410257,Log Forging,0,-1,Log Forging
113,92,2,0,5,32,0.0442477876106194,0.2831858407079646,0,12,107,744,397,0,200,20,2,0.1769911504424778,RCE,0,-1,RCE
68,47,8,0,0,25,0.0,0.3676470588235294,0,12,119,765,397,0,200,54,2,0.7941176470588235,Directory Traversal,0,-1,Directory Traversal
113,92,2,0,5,32,0.0442477876106194,0.2831858407079646,0,12,112,758,397,0,200,20,2,0.1769911504424778,RCE,0,-1,RCE
78,20,3,1,3,16,0.0384615384615384,0.2051282051282051,36,12,107,755,397,0,401,41,2,0.5256410256410257,Log Forging,0,-1,Log Forging
107,11,2,2,2,20,0.0186915887850467,0.1869158878504672,74,12,105,753,397,0,401,26,2,0.2429906542056074,SQL Injection,0,-1,SQL Injection
44,23,4,0,0,11,0.0,0.25,0,12,121,751,397,0,200,3320,2,75.45454545454545,Normal,0,-1,LOG4J
69,48,7,0,0,25,0.0,0.3623188405797101,0,12,100,728,397,0,200,55,2,0.7971014492753623,Directory Traversal,0,-1,Directory Traversal
78,57,4,0,8,21,0.1025641025641025,0.2692307692307692,0,12,68,695,397,0,200,50,2,0.6410256410256411,RCE,0,-1,RCE
71,50,9,0,0,28,0.0,0.3943661971830985,0,12,72,697,397,0,200,57,2,0.8028169014084507,Directory Traversal,0,-1,Directory Traversal
81,60,11,0,0,37,0.0,0.4567901234567901,0,12,77,716,397,0,200,67,2,0.8271604938271605,Directory Traversal,0,-1,Directory Traversal
22,1,0,0,0,8,0.0,0.3636363636363636,0,12,65,713,397,0,200,34,2,1.5454545454545454,Normal,0,-1,LOG4J
44,23,4,0,0,11,0.0,0.25,0,12,68,696,397,0,200,3320,2,75.45454545454545,Normal,0,-1,LOG4J
44,23,4,0,0,11,0.0,0.25,0,12,107,816,397,0,200,3320,2,75.45454545454545,LOG4J,0,-1,LOG4J
30,9,2,0,0,9,0.0,0.3,0,12,72,702,397,0,308,249,3,8.3,Normal,0,-1,LOG4J
69,48,5,0,0,14,0.0,0.2028985507246377,0,12,77,723,397,0,404,207,2,3.0,Normal,0,-1,LOG4J
39,18,2,0,0,10,0.0,0.2564102564102564,0,12,77,704,397,0,200,3719,2,95.35897435897436,Normal,0,-1,LOG4J
119,11,2,2,2,20,0.0168067226890756,0.1680672268907563,86,12,68,698,397,0,401,26,2,0.2184873949579832,SQL Injection,0,-1,SQL Injection
89,19,3,1,4,21,0.0449438202247191,0.2359550561797752,48,12,77,707,397,0,200,307960,2,3460.224719101124,SQL Injection,0,-1,SQL Injection
81,60,11,0,0,37,0.0,0.4567901234567901,0,12,68,693,397,0,200,67,2,0.8271604938271605,Directory Traversal,0,-1,Directory Traversal
74,53,10,0,0,31,0.0,0.4189189189189189,0,12,107,732,397,0,200,60,2,0.8108108108108109,Directory Traversal,0,-1,Directory Traversal
69,48,5,0,0,14,0.0,0.2028985507246377,0,12,112,749,397,0,404,207,2,3.0,Normal,0,-1,LOG4J
75,20,3,1,3,16,0.04,0.2133333333333333,33,12,72,702,397,0,401,41,2,0.5466666666666666,Log Forging,0,-1,Log Forging
33,12,1,0,0,8,0.0,0.2424242424242424,0,14,102,1055,397,0,302,211,4,6.393939393939394,Cookie Injection,1,-1,Cookie Injection
30,9,2,0,0,9,0.0,0.3,0,12,77,702,397,0,308,249,3,8.3,Normal,0,-1,LOG4J
76,20,3,1,3,16,0.0394736842105263,0.2105263157894736,34,12,81,709,397,0,401,41,2,0.5394736842105263,Log Forging,0,-1,Log Forging
114,11,2,2,2,20,0.0175438596491228,0.175438596491228,81,12,105,751,397,0,401,26,2,0.2280701754385964,SQL Injection,0,-1,SQL Injection
85,20,3,1,4,17,0.0470588235294117,0.2,43,12,65,711,397,0,401,41,2,0.4823529411764706,Log Forging,0,-1,Log Forging
74,53,10,0,0,31,0.0,0.4189189189189189,0,12,119,749,397,0,200,60,2,0.8108108108108109,Directory Traversal,0,-1,Directory Traversal
113,11,2,2,2,20,0.0176991150442477,0.1769911504424778,80,12,72,697,397,0,401,26,2,0.2300884955752212,SQL Injection,0,-1,SQL Injection
74,53,10,0,0,31,0.0,0.4189189189189189,0,12,77,704,397,0,200,60,2,0.8108108108108109,Directory Traversal,0,-1,Directory Traversal
33,12,1,0,0,8,0.0,0.2424242424242424,0,14,77,1019,397,0,302,211,4,6.393939393939394,Cookie Injection,1,-1,Cookie Injection
78,57,4,0,8,21,0.1025641025641025,0.2692307692307692,0,12,72,720,397,0,200,50,2,0.6410256410256411,RCE,0,-1,RCE
69,48,5,0,0,14,0.0,0.2028985507246377,0,12,76,701,397,0,404,207,2,3.0,Normal,0,-1,LOG4J
113,92,2,0,5,32,0.0442477876106194,0.2831858407079646,0,12,65,713,397,0,200,20,2,0.1769911504424778,RCE,0,-1,RCE
39,18,2,0,0,10,0.0,0.2564102564102564,0,12,121,758,397,0,200,1586,2,40.66666666666666,Normal,0,-1,LOG4J
22,1,0,0,0,8,0.0,0.3636363636363636,0,12,111,736,397,0,200,34,2,1.5454545454545454,Normal,0,-1,LOG4J
109,88,2,0,4,35,0.036697247706422,0.3211009174311927,0,12,121,749,397,0,200,48,2,0.4403669724770642,RCE,0,-1,RCE
113,92,2,0,5,32,0.0442477876106194,0.2831858407079646,0,12,68,716,397,0,200,20,2,0.1769911504424778,RCE,0,-1,RCE
68,47,8,0,0,25,0.0,0.3676470588235294,0,12,108,733,397,0,200,54,2,0.7941176470588235,Directory Traversal,0,-1,Directory Traversal
78,20,3,1,3,16,0.0384615384615384,0.2051282051282051,36,12,112,760,397,0,401,41,2,0.5256410256410257,Log Forging,0,-1,Log Forging
75,20,3,1,3,16,0.04,0.2133333333333333,33,12,72,700,397,0,401,41,2,0.5466666666666666,Log Forging,0,-1,Log Forging
30,9,2,0,0,9,0.0,0.3,0,12,101,826,497,0,308,249,3,8.3,LOG4J,0,-1,LOG4J
84,20,3,1,3,16,0.0357142857142857,0.1904761904761904,42,12,119,758,397,0,401,41,2,0.4880952380952381,Log Forging,0,-1,Log Forging
22,1,0,0,0,8,0.0,0.3636363636363636,0,12,101,738,397,0,200,34,2,1.5454545454545454,Normal,0,-1,LOG4J
33,12,1,0,0,8,0.0,0.2424242424242424,0,14,81,1023,397,0,302,211,4,6.393939393939394,Cookie Injection,1,-1,Cookie Injection
22,1,0,0,0,8,0.0,0.3636363636363636,0,12,68,693,397,0,200,34,2,1.5454545454545454,Normal,0,-1,LOG4J
39,18,2,0,0,10,0.0,0.2564102564102564,0,12,100,727,397,0,200,2734,2,70.1025641025641,Normal,0,-1,LOG4J
33,12,1,0,0,8,0.0,0.2424242424242424,0,14,100,1060,397,0,302,211,4,6.393939393939394,Cookie Injection,1,-1,Cookie Injection
33,12,1,0,0,8,0.0,0.2424242424242424,0,14,76,1036,397,0,302,211,4,6.393939393939394,Cookie Injection,1,-1,Cookie Injection
33,12,1,0,0,8,0.0,0.2424242424242424,0,14,72,1034,397,0,302,211,4,6.393939393939394,Cookie Injection,1,-1,Cookie Injection
109,88,2,0,4,35,0.036697247706422,0.3211009174311927,0,12,100,737,397,0,200,48,2,0.4403669724770642,RCE,0,-1,RCE
39,18,2,0,0,10,0.0,0.2564102564102564,0,12,72,743,438,0,200,2721,2,69.76923076923077,LOG4J,0,-1,LOG4J
33,12,1,0,0,8,0.0,0.2424242424242424,0,14,81,1041,397,0,302,211,4,6.393939393939394,Cookie Injection,1,-1,Cookie Injection
81,20,3,1,3,16,0.037037037037037,0.1975308641975308,39,12,101,729,397,0,401,41,2,0.5061728395061729,Log Forging,0,-1,Log Forging
104,11,2,2,2,20,0.0192307692307692,0.1923076923076923,71,12,101,726,397,0,401,26,2,0.25,SQL Injection,0,-1,SQL Injection
33,12,1,0,0,8,0.0,0.2424242424242424,0,14,77,1019,397,0,302,211,4,6.393939393939394,Cookie Injection,1,-1,Cookie Injection
112,11,2,2,2,20,0.0178571428571428,0.1785714285714285,79,12,69,699,397,0,401,26,2,0.2321428571428571,SQL Injection,0,-1,SQL Injection
33,12,1,0,0,8,0.0,0.2424242424242424,0,14,82,1024,397,0,302,211,4,6.393939393939394,Cookie Injection,1,-1,Cookie Injection
113,92,2,0,5,32,0.0442477876106194,0.2831858407079646,0,12,77,725,397,0,200,20,2,0.1769911504424778,RCE,0,-1,RCE
106,11,2,2,2,20,0.0188679245283018,0.1886792452830188,73,12,69,699,397,0,401,26,2,0.2452830188679245,SQL Injection,0,-1,SQL Injection
109,88,2,0,4,35,0.036697247706422,0.3211009174311927,0,12,69,696,397,0,200,48,2,0.4403669724770642,RCE,0,-1,RCE
33,12,1,0,0,8,0.0,0.2424242424242424,0,14,65,1009,397,0,302,211,4,6.393939393939394,Cookie Injection,1,-1,Cookie Injection
107,11,2,2,2,20,0.0186915887850467,0.1869158878504672,74,12,69,699,397,0,401,26,2,0.2429906542056074,SQL Injection,0,-1,SQL Injection
33,12,2,0,0,9,0.0,0.2727272727272727,0,12,101,728,397,0,200,2721,2,82.45454545454545,Normal,0,-1,LOG4J
109,88,2,0,4,35,0.036697247706422,0.3211009174311927,0,12,103,730,397,0,200,48,2,0.4403669724770642,RCE,0,-1,RCE
30,9,2,0,0,9,0.0,0.3,0,12,65,693,397,0,308,249,3,8.3,Normal,0,-1,LOG4J
109,88,2,0,4,35,0.036697247706422,0.3211009174311927,0,12,119,758,397,0,200,48,2,0.4403669724770642,RCE,0,-1,RCE
83,62,13,0,0,40,0.0,0.4819277108433735,0,12,100,748,397,0,200,69,2,0.8313253012048193,Directory Traversal,0,-1,Directory Traversal
33,12,1,0,0,8,0.0,0.2424242424242424,0,14,108,1068,397,0,302,211,4,6.393939393939394,Cookie Injection,1,-1,Cookie Injection
30,9,2,0,0,9,0.0,0.3,0,12,112,758,397,0,308,249,3,8.3,Normal,0,-1,LOG4J
78,57,10,0,0,34,0.0,0.4358974358974359,0,12,107,732,397,0,200,64,2,0.8205128205128205,Directory Traversal,0,-1,Directory Traversal
80,59,12,0,0,37,0.0,0.4625,0,12,76,722,397,0,200,66,2,0.825,Directory Traversal,0,-1,Directory Traversal
33,12,1,0,0,8,0.0,0.2424242424242424,0,14,107,1051,397,0,302,211,4,6.393939393939394,Cookie Injection,1,-1,Cookie Injection
69,48,7,0,0,25,0.0,0.3623188405797101,0,12,76,715,397,0,200,55,2,0.7971014492753623,Directory Traversal,0,-1,Directory Traversal
109,88,2,0,4,35,0.036697247706422,0.3211009174311927,0,12,106,752,397,0,200,48,2,0.4403669724770642,RCE,0,-1,RCE
30,9,2,0,0,9,0.0,0.3,0,12,112,749,397,0,308,249,3,8.3,Normal,0,-1,LOG4J
109,88,2,0,4,35,0.036697247706422,0.3211009174311927,0,12,107,755,397,0,200,48,2,0.4403669724770642,RCE,0,-1,RCE
22,1,0,0,0,8,0.0,0.3636363636363636,0,12,68,693,397,0,200,34,2,1.5454545454545454,Normal,0,-1,LOG4J
78,57,4,0,8,21,0.1025641025641025,0.2692307692307692,0,12,76,713,397,0,200,50,2,0.6410256410256411,RCE,0,-1,RCE
71,50,9,0,0,28,0.0,0.3943661971830985,0,12,112,739,397,0,200,57,2,0.8028169014084507,Directory Traversal,0,-1,Directory Traversal
33,12,1,0,0,8,0.0,0.2424242424242424,0,14,66,1019,397,0,302,211,4,6.393939393939394,Cookie Injection,1,-1,Cookie Injection
112,11,2,2,2,20,0.0178571428571428,0.1785714285714285,79,12,99,738,397,0,401,26,2,0.2321428571428571,SQL Injection,0,-1,SQL Injection
109,88,2,0,4,35,0.036697247706422,0.3211009174311927,0,12,66,712,397,0,200,48,2,0.4403669724770642,RCE,0,-1,RCE
113,92,2,0,5,32,0.0442477876106194,0.2831858407079646,0,12,66,712,397,0,200,20,2,0.1769911504424778,RCE,0,-1,RCE
109,88,2,0,4,35,0.036697247706422,0.3211009174311927,0,12,77,723,397,0,200,48,2,0.4403669724770642,RCE,0,-1,RCE
113,11,2,2,2,20,0.0176991150442477,0.1769911504424778,80,12,101,747,397,0,401,26,2,0.2300884955752212,SQL Injection,0,-1,SQL Injection
113,92,2,0,5,32,0.0442477876106194,0.2831858407079646,0,12,103,742,397,0,200,20,2,0.1769911504424778,RCE,0,-1,RCE
113,92,2,0,5,32,0.0442477876106194,0.2831858407079646,0,12,103,749,397,0,200,20,2,0.1769911504424778,RCE,0,-1,RCE
68,47,8,0,0,25,0.0,0.3676470588235294,0,12,100,737,397,0,200,54,2,0.7941176470588235,Directory Traversal,0,-1,Directory Traversal
117,11,2,2,2,20,0.017094017094017,0.1709401709401709,84,12,68,705,397,0,401,26,2,0.2222222222222222,SQL Injection,0,-1,SQL Injection
89,19,3,1,4,21,0.0449438202247191,0.2359550561797752,48,12,77,723,397,0,200,307960,2,3460.224719101124,SQL Injection,0,-1,SQL Injection
110,11,2,2,2,20,0.0181818181818181,0.1818181818181818,77,12,100,730,397,0,401,26,2,0.2363636363636363,SQL Injection,0,-1,SQL Injection
106,11,2,2,2,20,0.0188679245283018,0.1886792452830188,73,12,103,751,397,0,401,26,2,0.2452830188679245,SQL Injection,0,-1,SQL Injection
104,11,2,2,2,20,0.0192307692307692,0.1923076923076923,71,12,107,744,397,0,401,26,2,0.25,SQL Injection,0,-1,SQL Injection
33,12,1,0,0,8,0.0,0.2424242424242424,0,14,77,1030,397,0,302,211,4,6.393939393939394,Cookie Injection,1,-1,Cookie Injection
78,57,4,0,8,21,0.1025641025641025,0.2692307692307692,0,12,107,734,397,0,200,50,2,0.6410256410256411,RCE,0,-1,RCE
74,53,10,0,0,31,0.0,0.4189189189189189,0,12,107,753,397,0,200,60,2,0.8108108108108109,Directory Traversal,0,-1,Directory Traversal
44,23,4,0,0,11,0.0,0.25,0,12,111,759,397,0,200,3320,2,75.45454545454545,Normal,0,-1,LOG4J
106,11,2,2,2,20,0.0188679245283018,0.1886792452830188,73,12,119,744,397,0,401,26,2,0.2452830188679245,SQL Injection,0,-1,SQL Injection
33,12,1,0,0,8,0.0,0.2424242424242424,0,14,77,1021,397,0,302,211,4,6.393939393939394,Cookie Injection,1,-1,Cookie Injection
101,11,2,2,2,20,0.0198019801980198,0.198019801980198,68,12,66,694,397,0,401,26,2,0.2574257425742574,SQL Injection,0,-1,SQL Injection
78,57,4,0,8,21,0.1025641025641025,0.2692307692307692,0,12,105,744,397,0,200,50,2,0.6410256410256411,RCE,0,-1,RCE
102,11,2,2,2,20,0.0196078431372549,0.196078431372549,69,12,102,739,397,0,401,26,2,0.2549019607843137,SQL Injection,0,-1,SQL Injection
22,1,0,0,0,8,0.0,0.3636363636363636,0,12,99,747,397,0,200,34,2,1.5454545454545454,Normal,0,-1,LOG4J
71,50,9,0,0,28,0.0,0.3943661971830985,0,12,107,732,397,0,200,57,2,0.8028169014084507,Directory Traversal,0,-1,Directory Traversal
78,57,4,0,8,21,0.1025641025641025,0.2692307692307692,0,12,107,755,397,0,200,50,2,0.6410256410256411,RCE,0,-1,RCE
75,54,9,0,0,31,0.0,0.4133333333333333,0,12,72,711,397,0,200,61,2,0.8133333333333334,Directory Traversal,0,-1,Directory Traversal
78,57,4,0,8,21,0.1025641025641025,0.2692307692307692,0,12,76,722,397,0,200,50,2,0.6410256410256411,RCE,0,-1,RCE
80,20,3,1,3,16,0.0375,0.2,38,12,103,742,397,0,401,41,2,0.5125,Log Forging,0,-1,Log Forging
33,12,1,0,0,8,0.0,0.2424242424242424,0,14,107,1075,397,0,302,211,4,6.393939393939394,Cookie Injection,1,-1,Cookie Injection
84,63,12,0,0,40,0.0,0.4761904761904761,0,12,65,690,397,0,200,70,2,0.8333333333333334,Directory Traversal,0,-1,Directory Traversal
77,56,11,0,0,34,0.0,0.4415584415584415,0,12,69,699,397,0,200,63,2,0.8181818181818182,Directory Traversal,0,-1,Directory Traversal
89,19,3,1,4,21,0.0449438202247191,0.2359550561797752,48,12,65,713,397,0,200,307960,2,3460.224719101124,SQL Injection,0,-1,SQL Injection
92,19,3,1,4,22,0.0434782608695652,0.2391304347826087,51,12,65,690,397,0,200,204,2,2.217391304347826,SQL Injection,0,-1,SQL Injection
30,9,2,0,0,9,0.0,0.3,0,12,107,755,397,0,308,249,3,8.3,Normal,0,-1,LOG4J
107,11,2,2,2,20,0.0186915887850467,0.1869158878504672,74,12,77,705,397,0,401,26,2,0.2429906542056074,SQL Injection,0,-1,SQL Injection
113,92,2,0,5,32,0.0442477876106194,0.2831858407079646,0,12,105,753,397,0,200,20,2,0.1769911504424778,RCE,0,-1,RCE
77,56,11,0,0,34,0.0,0.4415584415584415,0,12,77,705,397,0,200,63,2,0.8181818181818182,Directory Traversal,0,-1,Directory Traversal
69,48,5,0,0,14,0.0,0.2028985507246377,0,12,72,697,397,0,404,207,2,3.0,Normal,0,-1,LOG4J
77,20,3,1,3,16,0.0389610389610389,0.2077922077922078,35,12,65,690,397,0,401,41,2,0.5324675324675324,Log Forging,0,-1,Log Forging
106,11,2,2,2,20,0.0188679245283018,0.1886792452830188,73,12,82,730,397,0,401,26,2,0.2452830188679245,SQL Injection,0,-1,SQL Injection
70,49,5,0,0,14,0.0,0.2,0,12,107,734,397,0,404,207,2,2.9571428571428573,Normal,0,-1,LOG4J
33,12,2,0,0,9,0.0,0.2727272727272727,0,12,107,732,397,0,200,3719,2,112.6969696969697,Normal,0,-1,LOG4J
79,20,3,1,3,16,0.0379746835443038,0.2025316455696202,37,12,65,695,397,0,401,41,2,0.5189873417721519,Log Forging,0,-1,Log Forging
30,9,2,0,0,9,0.0,0.3,0,12,82,719,397,0,308,249,3,8.3,Normal,0,-1,LOG4J
106,11,2,2,2,20,0.0188679245283018,0.1886792452830188,73,12,107,753,397,0,401,26,2,0.2452830188679245,SQL Injection,0,-1,SQL Injection
71,50,9,0,0,28,0.0,0.3943661971830985,0,12,65,711,397,0,200,57,2,0.8028169014084507,Directory Traversal,0,-1,Directory Traversal
22,1,0,0,0,8,0.0,0.3636363636363636,0,12,108,745,397,0,200,34,2,1.5454545454545454,Normal,0,-1,LOG4J
113,92,2,0,5,32,0.0442477876106194,0.2831858407079646,0,12,105,753,397,0,200,20,2,0.1769911504424778,RCE,0,-1,RCE
33,12,2,0,0,9,0.0,0.2727272727272727,0,12,103,731,397,0,200,2089,2,63.30303030303031,Normal,0,-1,LOG4J
80,20,3,1,3,16,0.0375,0.2,38,12,106,733,397,0,401,41,2,0.5125,Log Forging,0,-1,Log Forging
80,20,3,1,3,16,0.0375,0.2,38,12,77,705,397,0,401,41,2,0.5125,Log Forging,0,-1,Log Forging
107,11,2,2,2,20,0.0186915887850467,0.1869158878504672,74,12,106,733,397,0,401,26,2,0.2429906542056074,SQL Injection,0,-1,SQL Injection
33,12,1,0,0,8,0.0,0.2424242424242424,0,14,100,1044,397,0,302,211,4,6.393939393939394,Cookie Injection,1,-1,Cookie Injection
69,48,7,0,0,25,0.0,0.3623188405797101,0,12,65,695,397,0,200,55,2,0.7971014492753623,Directory Traversal,0,-1,Directory Traversal
33,12,1,0,0,8,0.0,0.2424242424242424,0,14,107,1060,397,0,302,211,4,6.393939393939394,Cookie Injection,1,-1,Cookie Injection
110,11,2,2,2,20,0.0181818181818181,0.1818181818181818,77,12,107,737,397,0,401,26,2,0.2363636363636363,SQL Injection,0,-1,SQL Injection
69,48,5,0,0,14,0.0,0.2028985507246377,0,12,65,690,397,0,404,207,2,3.0,Normal,0,-1,LOG4J
109,88,2,0,4,35,0.036697247706422,0.3211009174311927,0,12,119,756,397,0,200,48,2,0.4403669724770642,RCE,0,-1,RCE
78,57,4,0,8,21,0.1025641025641025,0.2692307692307692,0,12,82,728,397,0,200,50,2,0.6410256410256411,RCE,0,-1,RCE
72,51,8,0,0,28,0.0,0.3888888888888889,0,12,101,749,397,0,200,58,2,0.8055555555555556,Directory Traversal,0,-1,Directory Traversal
103,11,2,2,2,20,0.0194174757281553,0.1941747572815534,70,12,102,741,397,0,401,26,2,0.2524271844660194,SQL Injection,0,-1,SQL Injection
80,20,3,1,3,16,0.0375,0.2,38,12,72,700,397,0,401,41,2,0.5125,Log Forging,0,-1,Log Forging
78,57,4,0,8,21,0.1025641025641025,0.2692307692307692,0,12,106,731,397,0,200,50,2,0.6410256410256411,RCE,0,-1,RCE
78,57,4,0,8,21,0.1025641025641025,0.2692307692307692,0,12,107,744,397,0,200,50,2,0.6410256410256411,RCE,0,-1,RCE
110,11,2,2,2,20,0.0181818181818181,0.1818181818181818,77,12,99,736,397,0,401,26,2,0.2363636363636363,SQL Injection,0,-1,SQL Injection
109,11,2,2,2,20,0.018348623853211,0.1834862385321101,76,12,77,704,397,0,401,26,2,0.2385321100917431,SQL Injection,0,-1,SQL Injection
84,20,3,1,3,16,0.0357142857142857,0.1904761904761904,42,12,82,728,397,0,401,41,2,0.4880952380952381,Log Forging,0,-1,Log Forging
68,47,8,0,0,25,0.0,0.3676470588235294,0,12,76,724,397,0,200,54,2,0.7941176470588235,Directory Traversal,0,-1,Directory Traversal
78,57,10,0,0,34,0.0,0.4358974358974359,0,12,72,711,397,0,200,64,2,0.8205128205128205,Directory Traversal,0,-1,Directory Traversal
30,9,2,0,0,9,0.0,0.3,0,12,111,750,397,0,308,249,3,8.3,Normal,0,-1,LOG4J
69,48,5,0,0,14,0.0,0.2028985507246377,0,12,76,703,397,0,404,207,2,3.0,Normal,0,-1,LOG4J
33,12,1,0,0,8,0.0,0.2424242424242424,0,14,102,1062,397,0,302,211,4,6.393939393939394,Cookie Injection,1,-1,Cookie Injection
89,19,3,1,4,21,0.0449438202247191,0.2359550561797752,48,12,81,708,397,0,200,307960,2,3460.224719101124,SQL Injection,0,-1,SQL Injection
102,11,2,2,2,20,0.0196078431372549,0.196078431372549,69,12,81,711,397,0,401,26,2,0.2549019607843137,SQL Injection,0,-1,SQL Injection
109,88,2,0,4,35,0.036697247706422,0.3211009174311927,0,12,77,725,397,0,200,48,2,0.4403669724770642,RCE,0,-1,RCE
80,20,3,1,3,16,0.0375,0.2,38,12,102,729,397,0,401,41,2,0.5125,Log Forging,0,-1,Log Forging
70,49,5,0,0,14,0.0,0.2,0,12,107,737,397,0,404,207,2,2.9571428571428573,Normal,0,-1,LOG4J
109,88,2,0,4,35,0.036697247706422,0.3211009174311927,0,12,72,702,397,0,200,48,2,0.4403669724770642,RCE,0,-1,RCE
33,12,1,0,0,8,0.0,0.2424242424242424,0,14,105,1047,397,0,302,211,4,6.393939393939394,Cookie Injection,1,-1,Cookie Injection
109,88,2,0,4,35,0.036697247706422,0.3211009174311927,0,12,77,705,397,0,200,48,2,0.4403669724770642,RCE,0,-1,RCE
22,1,0,0,0,8,0.0,0.3636363636363636,0,12,81,755,397,0,200,34,2,1.5454545454545454,LOG4J,0,-1,LOG4J
69,48,5,0,0,14,0.0,0.2028985507246377,0,12,77,716,397,0,404,207,2,3.0,Normal,0,-1,LOG4J
123,11,2,2,2,20,0.016260162601626,0.1626016260162601,90,12,108,733,397,0,401,26,2,0.2113821138211382,SQL Injection,0,-1,SQL Injection
33,12,1,0,0,8,0.0,0.2424242424242424,0,14,65,1025,397,0,302,211,4,6.393939393939394,Cookie Injection,1,-1,Cookie Injection
77,20,3,1,3,16,0.0389610389610389,0.2077922077922078,35,12,107,753,397,0,401,41,2,0.5324675324675324,Log Forging,0,-1,Log Forging
75,54,9,0,0,31,0.0,0.4133333333333333,0,12,81,727,397,0,200,61,2,0.8133333333333334,Directory Traversal,0,-1,Directory Traversal
105,11,2,2,2,20,0.019047619047619,0.1904761904761904,72,12,107,744,397,0,401,26,2,0.2476190476190476,SQL Injection,0,-1,SQL Injection
76,20,3,1,3,16,0.0394736842105263,0.2105263157894736,34,12,121,758,397,0,401,41,2,0.5394736842105263,Log Forging,0,-1,Log Forging
96,19,3,1,4,22,0.0416666666666666,0.2291666666666666,55,12,68,693,397,0,200,49565,2,516.3020833333334,SQL Injection,0,-1,SQL Injection
105,11,2,2,2,20,0.019047619047619,0.1904761904761904,72,12,72,718,397,0,401,26,2,0.2476190476190476,SQL Injection,0,-1,SQL Injection
89,19,3,1,4,21,0.0449438202247191,0.2359550561797752,48,12,108,736,397,0,200,307960,2,3460.224719101124,SQL Injection,0,-1,SQL Injection
107,11,2,2,2,20,0.0186915887850467,0.1869158878504672,74,12,77,716,397,0,401,26,2,0.2429906542056074,SQL Injection,0,-1,SQL Injection
78,57,4,0,8,21,0.1025641025641025,0.2692307692307692,0,12,65,704,397,0,200,50,2,0.6410256410256411,RCE,0,-1,RCE
110,11,2,2,2,20,0.0181818181818181,0.1818181818181818,77,12,111,739,397,0,401,26,2,0.2363636363636363,SQL Injection,0,-1,SQL Injection
76,20,3,1,3,16,0.0394736842105263,0.2105263157894736,34,12,76,715,397,0,401,41,2,0.5394736842105263,Log Forging,0,-1,Log Forging
102,11,2,2,2,20,0.0196078431372549,0.196078431372549,69,12,107,737,397,0,401,26,2,0.2549019607843137,SQL Injection,0,-1,SQL Injection
33,12,1,0,0,8,0.0,0.2424242424242424,0,14,77,1016,397,0,302,211,4,6.393939393939394,Cookie Injection,1,-1,Cookie Injection
113,92,2,0,5,32,0.0442477876106194,0.2831858407079646,0,12,111,750,397,0,200,20,2,0.1769911504424778,RCE,0,-1,RCE
74,20,3,1,3,16,0.0405405405405405,0.2162162162162162,32,12,65,692,397,0,401,41,2,0.5540540540540541,Log Forging,0,-1,Log Forging
72,51,8,0,0,28,0.0,0.3888888888888889,0,12,106,743,397,0,200,58,2,0.8055555555555556,Directory Traversal,0,-1,Directory Traversal
109,88,2,0,4,35,0.036697247706422,0.3211009174311927,0,12,121,769,397,0,200,48,2,0.4403669724770642,RCE,0,-1,RCE
114,11,2,2,2,20,0.0175438596491228,0.175438596491228,81,12,72,699,397,0,401,26,2,0.2280701754385964,SQL Injection,0,-1,SQL Injection
78,57,4,0,8,21,0.1025641025641025,0.2692307692307692,0,12,107,755,397,0,200,50,2,0.6410256410256411,RCE,0,-1,RCE
112,11,2,2,2,20,0.0178571428571428,0.1785714285714285,79,12,72,709,397,0,401,26,2,0.2321428571428571,SQL Injection,0,-1,SQL Injection
113,92,2,0,5,32,0.0442477876106194,0.2831858407079646,0,12,69,696,397,0,200,20,2,0.1769911504424778,RCE,0,-1,RCE
105,11,2,2,2,20,0.019047619047619,0.1904761904761904,72,12,107,744,397,0,401,26,2,0.2476190476190476,SQL Injection,0,-1,SQL Injection
71,50,9,0,0,28,0.0,0.3943661971830985,0,12,101,749,397,0,200,57,2,0.8028169014084507,Directory Traversal,0,-1,Directory Traversal
33,12,1,0,0,8,0.0,0.2424242424242424,0,14,99,1038,397,0,302,211,4,6.393939393939394,Cookie Injection,1,-1,Cookie Injection
113,92,2,0,5,32,0.0442477876106194,0.2831858407079646,0,12,76,713,397,0,200,20,2,0.1769911504424778,RCE,0,-1,RCE
70,49,5,0,0,14,0.0,0.2,0,12,107,732,397,0,404,207,2,2.9571428571428573,Normal,0,-1,LOG4J
101,11,2,2,2,20,0.0198019801980198,0.198019801980198,68,12,119,747,397,0,401,26,2,0.2574257425742574,SQL Injection,0,-1,SQL Injection
69,48,7,0,0,25,0.0,0.3623188405797101,0,12,101,738,397,0,200,55,2,0.7971014492753623,Directory Traversal,0,-1,Directory Traversal
22,1,0,0,0,8,0.0,0.3636363636363636,0,12,77,704,397,0,200,34,2,1.5454545454545454,Normal,0,-1,LOG4J
106,11,2,2,2,20,0.0188679245283018,0.1886792452830188,73,12,107,746,397,0,401,26,2,0.2452830188679245,SQL Injection,0,-1,SQL Injection
33,12,1,0,0,8,0.0,0.2424242424242424,0,14,119,1068,397,0,302,211,4,6.393939393939394,Cookie Injection,1,-1,Cookie Injection
75,20,3,1,3,16,0.04,0.2133333333333333,33,12,65,695,397,0,401,41,2,0.5466666666666666,Log Forging,0,-1,Log Forging
75,20,3,1,3,16,0.04,0.2133333333333333,33,12,65,695,397,0,401,41,2,0.5466666666666666,Log Forging,0,-1,Log Forging
33,12,2,0,0,9,0.0,0.2727272727272727,0,12,100,727,397,0,200,3719,2,112.6969696969697,Normal,0,-1,LOG4J
109,88,2,0,4,35,0.036697247706422,0.3211009174311927,0,12,77,714,397,0,200,48,2,0.4403669724770642,RCE,0,-1,RCE
22,1,0,0,0,8,0.0,0.3636363636363636,0,12,111,748,397,0,200,34,2,1.5454545454545454,Normal,0,-1,LOG4J
33,12,1,0,0,8,0.0,0.2424242424242424,0,14,65,1009,397,0,302,211,4,6.393939393939394,Cookie Injection,1,-1,Cookie Injection
78,57,4,0,8,21,0.1025641025641025,0.2692307692307692,0,12,101,729,397,0,200,50,2,0.6410256410256411,RCE,0,-1,RCE
108,11,2,2,2,20,0.0185185185185185,0.1851851851851851,75,12,65,695,397,0,401,26,2,0.2407407407407407,SQL Injection,0,-1,SQL Injection
30,9,2,0,0,9,0.0,0.3,0,12,65,739,397,0,308,249,3,8.3,LOG4J,0,-1,LOG4J
69,48,5,0,0,14,0.0,0.2028985507246377,0,12,112,751,397,0,404,207,2,3.0,Normal,0,-1,LOG4J
22,1,0,0,0,8,0.0,0.3636363636363636,0,12,82,719,397,0,200,34,2,1.5454545454545454,Normal,0,-1,LOG4J
33,12,1,0,0,8,0.0,0.2424242424242424,0,14,72,1013,397,0,302,211,4,6.393939393939394,Cookie Injection,1,-1,Cookie Injection
33,12,2,0,0,9,0.0,0.2727272727272727,0,12,121,758,397,0,200,1449,2,43.90909090909091,Normal,0,-1,LOG4J
30,9,2,0,0,9,0.0,0.3,0,12,77,704,397,0,308,249,3,8.3,Normal,0,-1,LOG4J
33,12,1,0,0,8,0.0,0.2424242424242424,0,14,106,1050,397,0,302,211,4,6.393939393939394,Cookie Injection,1,-1,Cookie Injection
78,57,4,0,8,21,0.1025641025641025,0.2692307692307692,0,12,121,751,397,0,200,50,2,0.6410256410256411,RCE,0,-1,RCE
68,47,8,0,0,25,0.0,0.3676470588235294,0,12,99,736,397,0,200,54,2,0.7941176470588235,Directory Traversal,0,-1,Directory Traversal
78,57,4,0,8,21,0.1025641025641025,0.2692307692307692,0,12,106,733,397,0,200,50,2,0.6410256410256411,RCE,0,-1,RCE
33,12,1,0,0,8,0.0,0.2424242424242424,0,14,103,1045,397,0,302,211,4,6.393939393939394,Cookie Injection,1,-1,Cookie Injection
85,20,3,1,3,16,0.0352941176470588,0.188235294117647,43,12,72,718,397,0,401,41,2,0.4823529411764706,Log Forging,0,-1,Log Forging
33,12,1,0,0,8,0.0,0.2424242424242424,0,14,76,1017,397,0,302,211,4,6.393939393939394,Cookie Injection,1,-1,Cookie Injection
72,51,8,0,0,28,0.0,0.3888888888888889,0,12,106,752,397,0,200,58,2,0.8055555555555556,Directory Traversal,0,-1,Directory Traversal
22,1,0,0,0,8,0.0,0.3636363636363636,0,12,107,753,397,0,200,34,2,1.5454545454545454,Normal,0,-1,LOG4J
33,12,1,0,0,8,0.0,0.2424242424242424,0,14,107,1049,397,0,302,211,4,6.393939393939394,Cookie Injection,1,-1,Cookie Injection
74,53,10,0,0,31,0.0,0.4189189189189189,0,12,111,741,397,0,200,60,2,0.8108108108108109,Directory Traversal,0,-1,Directory Traversal
80,20,3,1,3,16,0.0375,0.2,38,12,107,735,397,0,401,41,2,0.5125,Log Forging,0,-1,Log Forging
116,11,2,2,2,20,0.0172413793103448,0.1724137931034483,83,12,101,738,397,0,401,26,2,0.2241379310344827,SQL Injection,0,-1,SQL Injection
39,18,2,0,0,10,0.0,0.2564102564102564,0,12,77,702,397,0,200,2721,2,69.76923076923077,Normal,0,-1,LOG4J
75,20,3,1,3,16,0.04,0.2133333333333333,33,12,111,757,397,0,401,41,2,0.5466666666666666,Log Forging,0,-1,Log Forging
33,12,1,0,0,8,0.0,0.2424242424242424,0,14,65,1004,397,0,302,211,4,6.393939393939394,Cookie Injection,1,-1,Cookie Injection
69,48,5,0,0,14,0.0,0.2028985507246377,0,12,102,783,453,0,404,207,2,3.0,LOG4J,0,-1,LOG4J
109,88,2,0,4,35,0.036697247706422,0.3211009174311927,0,12,65,690,397,0,200,48,2,0.4403669724770642,RCE,0,-1,RCE
33,12,1,0,0,8,0.0,0.2424242424242424,0,14,69,1007,397,0,302,211,4,6.393939393939394,Cookie Injection,1,-1,Cookie Injection
80,59,12,0,0,37,0.0,0.4625,0,12,102,739,397,0,200,66,2,0.825,Directory Traversal,0,-1,Directory Traversal
69,48,5,0,0,14,0.0,0.2028985507246377,0,12,100,806,464,0,404,207,2,3.0,LOG4J,0,-1,LOG4J
109,88,2,0,4,35,0.036697247706422,0.3211009174311927,0,12,112,737,397,0,200,48,2,0.4403669724770642,RCE,0,-1,RCE
74,53,10,0,0,31,0.0,0.4189189189189189,0,12,65,711,397,0,200,60,2,0.8108108108108109,Directory Traversal,0,-1,Directory Traversal
33,12,1,0,0,8,0.0,0.2424242424242424,0,14,103,1042,397,0,302,211,4,6.393939393939394,Cookie Injection,1,-1,Cookie Injection
33,12,1,0,0,8,0.0,0.2424242424242424,0,14,77,1027,397,0,302,211,4,6.393939393939394,Cookie Injection,1,-1,Cookie Injection
81,60,11,0,0,37,0.0,0.4567901234567901,0,12,72,709,397,0,200,67,2,0.8271604938271605,Directory Traversal,0,-1,Directory Traversal
83,62,13,0,0,40,0.0,0.4819277108433735,0,12,76,703,397,0,200,69,2,0.8313253012048193,Directory Traversal,0,-1,Directory Traversal
33,12,1,0,0,8,0.0,0.2424242424242424,0,14,76,1027,397,0,302,211,4,6.393939393939394,Cookie Injection,1,-1,Cookie Injection
81,60,11,0,0,37,0.0,0.4567901234567901,0,12,106,752,397,0,200,67,2,0.8271604938271605,Directory Traversal,0,-1,Directory Traversal
101,11,2,2,2,20,0.0198019801980198,0.198019801980198,68,12,107,735,397,0,401,26,2,0.2574257425742574,SQL Injection,0,-1,SQL Injection
69,48,5,0,0,14,0.0,0.2028985507246377,0,12,65,690,397,0,404,207,2,3.0,Normal,0,-1,LOG4J
30,9,2,0,0,9,0.0,0.3,0,12,68,836,517,0,308,249,3,8.3,LOG4J,0,-1,LOG4J
107,11,2,2,2,20,0.0186915887850467,0.1869158878504672,74,12,103,733,397,0,401,26,2,0.2429906542056074,SQL Injection,0,-1,SQL Injection
81,60,11,0,0,37,0.0,0.4567901234567901,0,12,72,702,397,0,200,67,2,0.8271604938271605,Directory Traversal,0,-1,Directory Traversal
93,19,3,1,4,21,0.043010752688172,0.2258064516129032,52,12,65,692,397,0,200,32,2,0.3440860215053763,SQL Injection,0,-1,SQL Injection
81,60,11,0,0,37,0.0,0.4567901234567901,0,12,77,702,397,0,200,67,2,0.8271604938271605,Directory Traversal,0,-1,Directory Traversal
33,12,1,0,0,8,0.0,0.2424242424242424,0,14,68,1030,397,0,302,211,4,6.393939393939394,Cookie Injection,1,-1,Cookie Injection
96,19,3,1,4,22,0.0416666666666666,0.2291666666666666,55,12,99,738,397,0,200,49565,2,516.3020833333334,SQL Injection,0,-1,SQL Injection
105,11,2,2,2,20,0.019047619047619,0.1904761904761904,72,12,77,707,397,0,401,26,2,0.2476190476190476,SQL Injection,0,-1,SQL Injection
33,12,1,0,0,8,0.0,0.2424242424242424,0,14,99,1043,397,0,302,211,4,6.393939393939394,Cookie Injection,1,-1,Cookie Injection
77,56,11,0,0,34,0.0,0.4415584415584415,0,12,100,728,397,0,200,63,2,0.8181818181818182,Directory Traversal,0,-1,Directory Traversal
22,1,0,0,0,8,0.0,0.3636363636363636,0,12,72,761,397,0,200,34,2,1.5454545454545454,LOG4J,0,-1,LOG4J
78,20,3,1,3,16,0.0384615384615384,0.2051282051282051,36,12,77,723,397,0,401,41,2,0.5256410256410257,Log Forging,0,-1,Log Forging
106,11,2,2,2,20,0.0188679245283018,0.1886792452830188,73,12,105,735,397,0,401,26,2,0.2452830188679245,SQL Injection,0,-1,SQL Injection
80,59,12,0,0,37,0.0,0.4625,0,12,107,737,397,0,200,66,2,0.825,Directory Traversal,0,-1,Directory Traversal
80,20,3,1,3,16,0.0375,0.2,38,12,103,731,397,0,401,41,2,0.5125,Log Forging,0,-1,Log Forging
113,92,2,0,5,32,0.0442477876106194,0.2831858407079646,0,12,121,758,397,0,200,20,2,0.1769911504424778,RCE,0,-1,RCE
69,48,5,0,0,14,0.0,0.2028985507246377,0,12,77,707,397,0,404,207,2,3.0,Normal,0,-1,LOG4J
113,92,2,0,5,32,0.0442477876106194,0.2831858407079646,0,12,121,746,397,0,200,20,2,0.1769911504424778,RCE,0,-1,RCE
84,63,12,0,0,40,0.0,0.4761904761904761,0,12,107,753,397,0,200,70,2,0.8333333333333334,Directory Traversal,0,-1,Directory Traversal
78,57,4,0,8,21,0.1025641025641025,0.2692307692307692,0,12,65,713,397,0,200,50,2,0.6410256410256411,RCE,0,-1,RCE
78,20,3,1,3,16,0.0384615384615384,0.2051282051282051,36,12,77,723,397,0,401,41,2,0.5256410256410257,Log Forging,0,-1,Log Forging
30,9,2,0,0,9,0.0,0.3,0,12,77,723,397,0,308,249,3,8.3,Normal,0,-1,LOG4J
69,48,5,0,0,14,0.0,0.2028985507246377,0,12,65,693,397,0,404,207,2,3.0,Normal,0,-1,LOG4J
22,1,0,0,0,8,0.0,0.3636363636363636,0,12,65,690,397,0,200,34,2,1.5454545454545454,Normal,0,-1,LOG4J
71,50,9,0,0,28,0.0,0.3943661971830985,0,12,107,734,397,0,200,57,2,0.8028169014084507,Directory Traversal,0,-1,Directory Traversal
22,1,0,0,0,8,0.0,0.3636363636363636,0,12,100,725,397,0,200,34,2,1.5454545454545454,Normal,0,-1,LOG4J
110,11,2,2,2,20,0.0181818181818181,0.1818181818181818,77,12,107,755,397,0,401,26,2,0.2363636363636363,SQL Injection,0,-1,SQL Injection
70,49,5,0,0,14,0.0,0.2,0,12,103,731,397,0,404,207,2,2.9571428571428573,Normal,0,-1,LOG4J
69,48,5,0,0,14,0.0,0.2028985507246377,0,12,103,773,428,0,404,207,2,3.0,LOG4J,0,-1,LOG4J
33,12,1,0,0,8,0.0,0.2424242424242424,0,14,106,1050,397,0,302,211,4,6.393939393939394,Cookie Injection,1,-1,Cookie Injection
83,62,13,0,0,40,0.0,0.4819277108433735,0,12,81,718,397,0,200,69,2,0.8313253012048193,Directory Traversal,0,-1,Directory Traversal
33,12,1,0,0,8,0.0,0.2424242424242424,0,14,72,1011,397,0,302,211,4,6.393939393939394,Cookie Injection,1,-1,Cookie Injection
30,9,2,0,0,9,0.0,0.3,0,12,100,728,397,0,308,249,3,8.3,Normal,0,-1,LOG4J
78,20,3,1,3,16,0.0384615384615384,0.2051282051282051,36,12,65,711,397,0,401,41,2,0.5256410256410257,Log Forging,0,-1,Log Forging
109,88,2,0,4,35,0.036697247706422,0.3211009174311927,0,12,99,736,397,0,200,48,2,0.4403669724770642,RCE,0,-1,RCE
33,12,1,0,0,8,0.0,0.2424242424242424,0,14,111,1050,397,0,302,211,4,6.393939393939394,Cookie Injection,1,-1,Cookie Injection
109,88,2,0,4,35,0.036697247706422,0.3211009174311927,0,12,72,699,397,0,200,48,2,0.4403669724770642,RCE,0,-1,RCE
30,9,2,0,0,9,0.0,0.3,0,12,112,760,397,0,308,249,3,8.3,Normal,0,-1,LOG4J
105,11,2,2,2,20,0.019047619047619,0.1904761904761904,72,12,99,724,397,0,401,26,2,0.2476190476190476,SQL Injection,0,-1,SQL Injection
69,48,5,0,0,14,0.0,0.2028985507246377,0,12,77,769,441,0,404,207,2,3.0,LOG4J,0,-1,LOG4J
30,9,2,0,0,9,0.0,0.3,0,12,65,704,397,0,308,249,3,8.3,Normal,0,-1,LOG4J
78,57,4,0,8,21,0.1025641025641025,0.2692307692307692,0,12,77,704,397,0,200,50,2,0.6410256410256411,RCE,0,-1,RCE
109,11,2,2,2,20,0.018348623853211,0.1834862385321101,76,12,65,690,397,0,401,26,2,0.2385321100917431,SQL Injection,0,-1,SQL Injection
104,11,2,2,2,20,0.0192307692307692,0.1923076923076923,71,12,65,711,397,0,401,26,2,0.25,SQL Injection,0,-1,SQL Injection
78,57,10,0,0,34,0.0,0.4358974358974359,0,12,107,732,397,0,200,64,2,0.8205128205128205,Directory Traversal,0,-1,Directory Traversal
113,92,2,0,5,32,0.0442477876106194,0.2831858407079646,0,12,107,732,397,0,200,20,2,0.1769911504424778,RCE,0,-1,RCE
69,48,5,0,0,14,0.0,0.2028985507246377,0,12,65,711,397,0,404,207,2,3.0,Normal,0,-1,LOG4J
107,11,2,2,2,20,0.0186915887850467,0.1869158878504672,74,12,66,705,397,0,401,26,2,0.2429906542056074,SQL Injection,0,-1,SQL Injection
80,20,3,1,3,16,0.0375,0.2,38,12,107,755,397,0,401,41,2,0.5125,Log Forging,0,-1,Log Forging
107,11,2,2,2,20,0.0186915887850467,0.1869158878504672,74,12,112,742,397,0,401,26,2,0.2429906542056074,SQL Injection,0,-1,SQL Injection
78,57,10,0,0,34,0.0,0.4358974358974359,0,12,65,695,397,0,200,64,2,0.8205128205128205,Directory Traversal,0,-1,Directory Traversal
33,12,1,0,0,8,0.0,0.2424242424242424,0,14,65,1025,397,0,302,211,4,6.393939393939394,Cookie Injection,1,-1,Cookie Injection
83,62,13,0,0,40,0.0,0.4819277108433735,0,12,81,718,397,0,200,69,2,0.8313253012048193,Directory Traversal,0,-1,Directory Traversal
33,12,1,0,0,8,0.0,0.2424242424242424,0,14,82,1044,397,0,302,211,4,6.393939393939394,Cookie Injection,1,-1,Cookie Injection
33,12,1,0,0,8,0.0,0.2424242424242424,0,14,101,1043,397,0,302,211,4,6.393939393939394,Cookie Injection,1,-1,Cookie Injection
78,57,4,0,8,21,0.1025641025641025,0.2692307692307692,0,12,103,742,397,0,200,50,2,0.6410256410256411,RCE,0,-1,RCE
33,12,1,0,0,8,0.0,0.2424242424242424,0,14,99,1050,397,0,302,211,4,6.393939393939394,Cookie Injection,1,-1,Cookie Injection
33,12,1,0,0,8,0.0,0.2424242424242424,0,14,101,1045,397,0,302,211,4,6.393939393939394,Cookie Injection,1,-1,Cookie Injection
