url_length,path_length,path_depth,query_param_count,encoded_char_count,special_char_count,encoded_ratio,special_char_ratio,query_length,request_header_count,user_agent_length,total_header_length,max_header_value_length,body_length,dollar_count,brace_count,expression_count,jndi_count,status_code,response_body_length,response_header_count,response_body_to_url_ratio,label,method_encoded
81,60,11,0,0,37,0.0,0.4567901234567901,0,12,66,696,397,0,0,0,0,0,200,67,2,0.8271604938271605,Directory Traversal,0
48,27,4,0,0,11,0.0,0.22916666666666666,0,12,69,696,397,0,0,0,0,0,404,36,2,0.75,Normal,0
33,12,1,0,0,8,0.0,0.24242424242424243,0,13,76,1085,397,0,0,0,0,0,200,105,2,3.1818181818181817,Cookie Injection,0
44,23,4,0,0,11,0.0,0.25,0,12,65,695,397,0,0,0,0,0,404,25,2,0.5681818181818182,Normal,0
48,27,4,0,0,11,0.0,0.22916666666666666,0,12,77,792,397,0,1,2,1,1,404,36,2,0.75,LOG4J,0
37,16,3,0,0,10,0.0,0.2702702702702703,0,12,82,707,397,0,0,0,0,0,404,207,2,5.594594594594595,Normal,0
47,26,4,0,0,11,0.0,0.23404255319148937,0,12,72,731,429,0,1,2,1,1,401,26,2,0.5531914893617021,LOG4J,0
113,92,2,0,5,32,0.04424778761061947,0.2831858407079646,0,12,107,744,397,0,0,0,0,0,200,20,2,0.17699115044247787,RCE,0
78,20,3,1,3,16,0.038461538461538464,0.20512820512820512,36,12,65,692,397,0,0,0,0,0,401,41,2,0.5256410256410257,Log Forging,0
33,12,2,0,0,9,0.0,0.2727272727272727,0,12,82,719,397,0,0,0,0,0,200,385,2,11.666666666666666,Normal,0
48,27,4,0,0,11,0.0,0.22916666666666666,0,12,65,690,397,0,0,0,0,0,404,36,2,0.75,Normal,0
48,27,4,0,0,11,0.0,0.22916666666666666,0,12,105,735,397,0,0,0,0,0,404,36,2,0.75,Normal,0
93,19,3,1,4,21,0.043010752688172046,0.22580645161290322,52,12,107,753,397,0,0,0,0,0,200,32,2,0.34408602150537637,SQL Injection,0
92,19,3,1,4,21,0.043478260869565216,0.22826086956521738,51,12,108,735,397,0,0,0,0,0,200,198,2,2.152173913043478,SQL Injection,0
80,20,3,1,3,16,0.0375,0.2,38,12,111,739,397,0,0,0,0,0,401,41,2,0.5125,Log Forging,0
30,9,2,0,0,9,0.0,0.3,0,12,107,755,397,0,0,0,0,0,308,249,3,8.3,Normal,0
75,54,9,0,0,31,0.0,0.41333333333333333,0,12,68,705,397,0,0,0,0,0,200,61,2,0.8133333333333334,Directory Traversal,0
40,19,4,0,0,11,0.0,0.275,0,12,69,696,397,0,0,0,0,0,404,31,2,0.775,Normal,0
22,1,0,0,0,8,0.0,0.36363636363636365,0,12,77,702,397,0,0,0,0,0,200,34,2,1.5454545454545454,Normal,0
33,12,2,0,0,9,0.0,0.2727272727272727,0,12,69,717,397,0,0,0,0,0,200,940,2,28.484848484848484,Normal,0
89,19,3,1,4,21,0.0449438202247191,0.23595505617977527,48,12,107,753,397,0,0,0,0,0,200,307960,2,3460.224719101124,SQL Injection,0
50,29,4,0,0,12,0.0,0.24,0,12,100,739,397,0,0,0,0,0,404,34,2,0.68,Normal,0
33,12,1,0,0,8,0.0,0.24242424242424243,0,14,100,1060,397,0,0,0,0,0,302,211,4,6.393939393939394,Cookie Injection,1
33,12,1,0,0,8,0.0,0.24242424242424243,0,14,107,1051,397,0,0,0,0,0,302,211,4,6.393939393939394,Cookie Injection,1
44,23,4,0,0,11,0.0,0.25,0,12,77,723,397,0,0,0,0,0,200,3320,2,75.45454545454545,Normal,0
73,20,3,1,3,16,0.0410958904109589,0.2191780821917808,31,12,72,700,397,0,0,0,0,0,401,41,2,0.5616438356164384,Log Forging,0
92,19,3,1,4,22,0.043478260869565216,0.2391304347826087,51,12,119,744,397,0,0,0,0,0,200,204,2,2.217391304347826,SQL Injection,0
22,1,0,0,0,8,0.0,0.36363636363636365,0,12,107,753,397,0,0,0,0,0,200,34,2,1.5454545454545454,Normal,0
39,18,2,0,0,10,0.0,0.2564102564102564,0,12,100,746,397,0,0,0,0,0,200,546,2,14.0,Normal,0
40,19,4,0,0,11,0.0,0.275,0,12,100,788,460,0,1,2,1,1,404,31,2,0.775,LOG4J,0
110,11,2,2,2,20,0.01818181818181818,0.18181818181818182,77,12,107,734,397,0,0,0,0,0,401,26,2,0.23636363636363636,SQL Injection,0
45,24,4,0,0,11,0.0,0.24444444444444444,0,12,121,758,397,0,0,0,0,0,404,207,2,4.6,Normal,0
91,19,3,1,4,21,0.04395604395604396,0.23076923076923078,50,12,111,736,397,0,0,0,0,0,200,24,2,0.26373626373626374,SQL Injection,0
48,27,4,0,0,11,0.0,0.22916666666666666,0,12,111,748,397,0,0,0,0,0,404,36,2,0.75,Normal,0
109,88,2,0,4,35,0.03669724770642202,0.3211009174311927,0,12,72,699,397,0,0,0,0,0,200,48,2,0.44036697247706424,RCE,0
33,12,1,0,0,8,0.0,0.24242424242424243,0,13,69,1077,397,0,0,0,0,0,200,103,2,3.121212121212121,Cookie Injection,0
96,19,3,1,4,22,0.041666666666666664,0.22916666666666666,55,12,77,725,397,0,0,0,0,0,200,49565,2,516.3020833333334,SQL Injection,0
48,27,4,0,0,11,0.0,0.22916666666666666,0,12,68,707,397,0,0,0,0,0,404,36,2,0.75,Normal,0
37,16,3,0,0,10,0.0,0.2702702702702703,0,12,100,748,397,0,0,0,0,0,404,207,2,5.594594594594595,Normal,0
33,12,1,0,0,8,0.0,0.24242424242424243,0,14,121,1062,397,0,0,0,0,0,302,211,4,6.393939393939394,Cookie Injection,1
37,16,3,0,0,10,0.0,0.2702702702702703,0,12,77,723,397,0,0,0,0,0,404,207,2,5.594594594594595,Normal,0
92,19,3,1,4,21,0.043478260869565216,0.22826086956521738,51,12,65,711,397,0,0,0,0,0,200,198,2,2.152173913043478,SQL Injection,0
32,11,2,0,0,9,0.0,0.28125,0,12,66,804,397,0,1,2,1,1,200,20,2,0.625,LOG4J,0
44,23,4,0,0,11,0.0,0.25,0,12,119,747,397,0,0,0,0,0,404,25,2,0.5681818181818182,Normal,0
39,18,2,0,0,10,0.0,0.2564102564102564,0,12,72,702,397,0,0,0,0,0,200,385,2,9.871794871794872,Normal,0
33,12,2,0,0,9,0.0,0.2727272727272727,0,12,107,744,397,0,0,0,0,0,200,93,2,2.8181818181818183,Normal,0
83,62,13,0,0,40,0.0,0.4819277108433735,0,12,100,730,397,0,0,0,0,0,200,69,2,0.8313253012048193,Directory Traversal,0
33,12,1,0,0,8,0.0,0.24242424242424243,0,14,108,1047,397,0,0,0,0,0,302,211,4,6.393939393939394,Cookie Injection,1
30,9,2,0,0,9,0.0,0.3,0,12,81,729,397,0,0,0,0,0,308,249,3,8.3,Normal,0
46,25,4,0,0,11,0.0,0.2391304347826087,0,12,72,852,531,0,1,2,1,1,404,207,2,4.5,LOG4J,0
74,20,3,1,3,16,0.04054054054054054,0.21621621621621623,32,12,77,702,397,0,0,0,0,0,401,41,2,0.5540540540540541,Log Forging,0
91,19,3,1,4,21,0.04395604395604396,0.23076923076923078,50,12,65,704,397,0,0,0,0,0,200,24,2,0.26373626373626374,SQL Injection,0
74,53,10,0,0,31,0.0,0.4189189189189189,0,12,101,726,397,0,0,0,0,0,200,60,2,0.8108108108108109,Directory Traversal,0
47,26,4,0,0,11,0.0,0.23404255319148937,0,12,68,693,397,0,0,0,0,0,401,26,2,0.5531914893617021,Normal,0
78,57,4,0,8,21,0.10256410256410256,0.2692307692307692,0,12,77,702,397,0,0,0,0,0,200,50,2,0.6410256410256411,RCE,0
33,12,1,0,0,8,0.0,0.24242424242424243,0,13,119,1129,397,0,0,0,0,0,200,106,2,3.212121212121212,Cookie Injection,0
33,12,2,0,0,9,0.0,0.2727272727272727,0,12,76,706,397,0,0,0,0,0,200,21,2,0.6363636363636364,Normal,0
92,19,3,1,4,22,0.043478260869565216,0.2391304347826087,51,12,65,690,397,0,0,0,0,0,200,204,2,2.217391304347826,SQL Injection,0
89,19,3,1,4,21,0.0449438202247191,0.23595505617977527,48,12,119,765,397,0,0,0,0,0,200,307960,2,3460.224719101124,SQL Injection,0
33,12,2,0,0,9,0.0,0.2727272727272727,0,12,72,700,397,0,0,0,0,0,404,28,2,0.8484848484848485,Normal,0
37,16,3,0,0,10,0.0,0.2702702702702703,0,12,65,690,397,0,0,0,0,0,404,207,2,5.594594594594595,Normal,0
33,12,2,0,0,9,0.0,0.2727272727272727,0,12,77,743,426,0,1,2,1,1,200,1604,2,48.60606060606061,LOG4J,0
47,26,4,0,0,11,0.0,0.23404255319148937,0,12,72,702,397,0,0,0,0,0,401,26,2,0.5531914893617021,Normal,0
81,20,3,1,3,16,0.037037037037037035,0.19753086419753085,39,12,66,712,397,0,0,0,0,0,401,41,2,0.5061728395061729,Log Forging,0
47,26,4,0,0,11,0.0,0.23404255319148937,0,12,77,790,397,0,1,2,1,1,401,26,2,0.5531914893617021,LOG4J,0
33,12,2,0,0,9,0.0,0.2727272727272727,0,12,99,726,397,0,0,0,0,0,200,1162,2,35.21212121212121,Normal,0
91,19,3,1,4,21,0.04395604395604396,0.23076923076923078,50,12,108,756,397,0,0,0,0,0,200,24,2,0.26373626373626374,SQL Injection,0
42,21,3,0,0,10,0.0,0.23809523809523808,0,12,72,699,397,0,0,0,0,0,200,933,2,22.214285714285715,Normal,0
33,12,1,0,0,8,0.0,0.24242424242424243,0,13,77,1107,397,0,0,0,0,0,200,104,2,3.1515151515151514,Cookie Injection,0
96,19,3,1,4,22,0.041666666666666664,0.22916666666666666,55,12,112,751,397,0,0,0,0,0,200,49565,2,516.3020833333334,SQL Injection,0
49,28,4,0,0,12,0.0,0.24489795918367346,0,12,76,701,397,0,0,0,0,0,404,34,2,0.6938775510204082,Normal,0
113,92,2,0,5,32,0.04424778761061947,0.2831858407079646,0,12,107,753,397,0,0,0,0,0,200,20,2,0.17699115044247787,RCE,0
33,12,1,0,0,8,0.0,0.24242424242424243,0,14,82,1017,397,0,0,0,0,0,302,211,4,6.393939393939394,Cookie Injection,1
84,20,3,1,4,17,0.047619047619047616,0.20238095238095238,42,12,107,735,397,0,0,0,0,0,401,41,2,0.4880952380952381,Log Forging,0
40,19,4,0,0,11,0.0,0.275,0,12,105,744,397,0,0,0,0,0,404,31,2,0.775,Normal,0
33,12,2,0,0,9,0.0,0.2727272727272727,0,12,107,737,397,0,0,0,0,0,404,28,2,0.8484848484848485,Normal,0
114,11,2,2,2,20,0.017543859649122806,0.17543859649122806,81,12,65,695,397,0,0,0,0,0,401,26,2,0.22807017543859648,SQL Injection,0
78,20,3,1,3,16,0.038461538461538464,0.20512820512820512,36,12,66,714,397,0,0,0,0,0,401,41,2,0.5256410256410257,Log Forging,0
77,20,3,1,3,16,0.03896103896103896,0.2077922077922078,35,12,77,702,397,0,0,0,0,0,401,41,2,0.5324675324675324,Log Forging,0
50,29,4,0,0,11,0.0,0.22,0,12,121,749,397,0,0,0,0,0,404,38,2,0.76,Normal,0
74,20,3,1,3,16,0.04054054054054054,0.21621621621621623,32,12,111,748,397,0,0,0,0,0,401,41,2,0.5540540540540541,Log Forging,0
46,25,4,0,0,11,0.0,0.2391304347826087,0,12,111,871,397,0,1,2,1,1,404,207,2,4.5,LOG4J,0
31,10,2,0,0,10,0.0,0.3225806451612903,0,12,100,739,397,0,0,0,0,0,200,70,2,2.2580645161290325,Normal,0
46,25,3,0,0,11,0.0,0.2391304347826087,0,12,72,772,469,0,1,2,1,1,200,32,2,0.6956521739130435,LOG4J,0
33,12,1,0,0,8,0.0,0.24242424242424243,0,13,99,1129,397,0,0,0,0,0,200,104,2,3.1515151515151514,Cookie Injection,0
113,92,2,0,5,32,0.04424778761061947,0.2831858407079646,0,12,72,711,397,0,0,0,0,0,200,20,2,0.17699115044247787,RCE,0
46,25,4,0,0,12,0.0,0.2608695652173913,0,12,68,696,397,0,0,0,0,0,404,31,2,0.6739130434782609,Normal,0
31,10,2,0,0,10,0.0,0.3225806451612903,0,12,69,745,397,0,1,2,1,1,200,70,2,2.2580645161290325,LOG4J,0
40,19,4,0,0,11,0.0,0.275,0,12,65,692,397,0,0,0,0,0,404,31,2,0.775,Normal,0
92,19,3,1,4,22,0.043478260869565216,0.2391304347826087,51,12,77,723,397,0,0,0,0,0,200,204,2,2.217391304347826,SQL Injection,0
33,12,1,0,0,8,0.0,0.24242424242424243,0,13,72,1078,397,0,0,0,0,0,200,103,2,3.121212121212121,Cookie Injection,0
33,12,2,0,0,9,0.0,0.2727272727272727,0,12,107,735,397,0,0,0,0,0,404,28,2,0.8484848484848485,Normal,0
33,12,1,0,0,8,0.0,0.24242424242424243,0,13,101,1131,397,0,0,0,0,0,200,106,2,3.212121212121212,Cookie Injection,0
33,12,1,0,0,8,0.0,0.24242424242424243,0,14,101,1054,397,0,0,0,0,0,302,211,4,6.393939393939394,Cookie Injection,1
44,23,4,0,0,11,0.0,0.25,0,12,107,735,397,0,0,0,0,0,200,3320,2,75.45454545454545,Normal,0
69,48,5,0,0,14,0.0,0.2028985507246377,0,12,77,705,397,0,0,0,0,0,404,207,2,3.0,Normal,0
33,12,1,0,0,8,0.0,0.24242424242424243,0,13,69,1090,397,0,0,0,0,0,200,105,2,3.1818181818181817,Cookie Injection,0
83,20,3,1,4,17,0.04819277108433735,0.20481927710843373,41,12,72,699,397,0,0,0,0,0,401,41,2,0.4939759036144578,Log Forging,0
33,12,2,0,0,9,0.0,0.2727272727272727,0,12,72,709,397,0,0,0,0,0,404,28,2,0.8484848484848485,Normal,0
33,12,1,0,0,8,0.0,0.24242424242424243,0,13,107,1117,397,0,0,0,0,0,200,105,2,3.1818181818181817,Cookie Injection,0
30,9,2,0,0,9,0.0,0.3,0,12,108,820,397,0,1,2,1,1,308,249,3,8.3,LOG4J,0
33,12,1,0,0,8,0.0,0.24242424242424243,0,14,100,1053,397,0,0,0,0,0,302,211,4,6.393939393939394,Cookie Injection,1
48,27,4,0,0,11,0.0,0.22916666666666666,0,12,119,767,397,0,0,0,0,0,404,36,2,0.75,Normal,0
42,21,3,0,0,10,0.0,0.23809523809523808,0,12,101,729,397,0,0,0,0,0,200,933,2,22.214285714285715,Normal,0
40,19,4,0,0,11,0.0,0.275,0,12,66,693,397,0,0,0,0,0,404,31,2,0.775,Normal,0
46,25,3,0,0,11,0.0,0.2391304347826087,0,12,81,729,397,0,0,0,0,0,200,32,2,0.6956521739130435,Normal,0
33,12,2,0,0,9,0.0,0.2727272727272727,0,12,101,749,397,0,0,0,0,0,200,447,2,13.545454545454545,Normal,0
33,12,2,0,0,9,0.0,0.2727272727272727,0,12,65,751,435,0,1,2,1,1,404,28,2,0.8484848484848485,LOG4J,0
83,62,13,0,0,40,0.0,0.4819277108433735,0,12,77,723,397,0,0,0,0,0,200,69,2,0.8313253012048193,Directory Traversal,0
92,19,3,1,4,22,0.043478260869565216,0.2391304347826087,51,12,112,737,397,0,0,0,0,0,200,204,2,2.217391304347826,SQL Injection,0
48,27,4,0,0,11,0.0,0.22916666666666666,0,12,82,707,397,0,0,0,0,0,404,36,2,0.75,Normal,0
69,48,5,0,0,14,0.0,0.2028985507246377,0,12,111,738,397,0,0,0,0,0,404,207,2,3.0,Normal,0
46,25,4,0,0,11,0.0,0.2391304347826087,0,12,101,749,397,0,0,0,0,0,404,207,2,4.5,Normal,0
44,23,4,0,0,11,0.0,0.25,0,12,103,731,397,0,0,0,0,0,200,3320,2,75.45454545454545,Normal,0
33,12,1,0,0,8,0.0,0.24242424242424243,0,14,121,1089,397,0,0,0,0,0,302,211,4,6.393939393939394,Cookie Injection,1
33,12,1,0,0,8,0.0,0.24242424242424243,0,14,107,1077,397,0,0,0,0,0,302,211,4,6.393939393939394,Cookie Injection,1
45,24,4,0,0,11,0.0,0.24444444444444444,0,12,72,702,397,0,0,0,0,0,404,207,2,4.6,Normal,0
39,18,2,0,0,10,0.0,0.2564102564102564,0,12,112,742,397,0,0,0,0,0,200,940,2,24.102564102564102,Normal,0
112,11,2,2,2,20,0.017857142857142856,0.17857142857142858,79,12,107,746,397,0,0,0,0,0,401,26,2,0.23214285714285715,SQL Injection,0
44,23,4,0,0,11,0.0,0.25,0,12,100,737,397,0,0,0,0,0,200,3320,2,75.45454545454545,Normal,0
33,12,1,0,0,8,0.0,0.24242424242424243,0,13,107,1119,397,0,0,0,0,0,200,105,2,3.1818181818181817,Cookie Injection,0
92,19,3,1,4,21,0.043478260869565216,0.22826086956521738,51,12,65,704,397,0,0,0,0,0,200,198,2,2.152173913043478,SQL Injection,0
109,88,2,0,4,35,0.03669724770642202,0.3211009174311927,0,12,107,732,397,0,0,0,0,0,200,48,2,0.44036697247706424,RCE,0
91,19,3,1,4,21,0.04395604395604396,0.23076923076923078,50,12,72,711,397,0,0,0,0,0,200,24,2,0.26373626373626374,SQL Injection,0
45,24,4,0,0,11,0.0,0.24444444444444444,0,12,68,716,397,0,0,0,0,0,404,207,2,4.6,Normal,0
47,26,4,0,0,11,0.0,0.23404255319148937,0,12,107,735,397,0,0,0,0,0,401,26,2,0.5531914893617021,Normal,0
50,29,4,0,0,11,0.0,0.22,0,12,65,702,397,0,0,0,0,0,404,38,2,0.76,Normal,0
69,48,5,0,0,14,0.0,0.2028985507246377,0,12,72,718,397,0,0,0,0,0,404,207,2,3.0,Normal,0
22,1,0,0,0,8,0.0,0.36363636363636365,0,12,107,753,397,0,0,0,0,0,200,34,2,1.5454545454545454,Normal,0
69,48,5,0,0,14,0.0,0.2028985507246377,0,12,105,735,397,0,0,0,0,0,404,207,2,3.0,Normal,0
46,25,3,0,0,11,0.0,0.2391304347826087,0,12,108,747,397,0,0,0,0,0,200,32,2,0.6956521739130435,Normal,0
45,24,4,0,0,11,0.0,0.24444444444444444,0,12,105,744,397,0,0,0,0,0,404,25,2,0.5555555555555556,Normal,0
30,9,2,0,0,9,0.0,0.3,0,12,82,707,397,0,0,0,0,0,308,249,3,8.3,Normal,0
46,25,4,0,0,12,0.0,0.2608695652173913,0,12,107,746,397,0,0,0,0,0,404,31,2,0.6739130434782609,Normal,0
33,12,1,0,0,8,0.0,0.24242424242424243,0,14,65,1009,397,0,0,0,0,0,302,211,4,6.393939393939394,Cookie Injection,1
77,56,11,0,0,34,0.0,0.44155844155844154,0,12,77,705,397,0,0,0,0,0,200,63,2,0.8181818181818182,Directory Traversal,0
76,20,3,1,3,16,0.039473684210526314,0.21052631578947367,34,12,107,734,397,0,0,0,0,0,401,41,2,0.5394736842105263,Log Forging,0
80,59,12,0,0,37,0.0,0.4625,0,12,65,702,397,0,0,0,0,0,200,66,2,0.825,Directory Traversal,0
50,29,4,0,0,11,0.0,0.22,0,12,107,744,397,0,0,0,0,0,404,38,2,0.76,Normal,0
44,23,4,0,0,11,0.0,0.25,0,12,111,800,397,0,1,2,1,1,404,25,2,0.5681818181818182,LOG4J,0
50,29,4,0,0,11,0.0,0.22,0,12,65,695,397,0,0,0,0,0,404,38,2,0.76,Normal,0
33,12,1,0,0,8,0.0,0.24242424242424243,0,13,99,1118,397,0,0,0,0,0,200,106,2,3.212121212121212,Cookie Injection,0
77,56,11,0,0,34,0.0,0.44155844155844154,0,12,82,707,397,0,0,0,0,0,200,63,2,0.8181818181818182,Directory Traversal,0
69,48,5,0,0,14,0.0,0.2028985507246377,0,12,66,694,397,0,0,0,0,0,404,207,2,3.0,Normal,0
76,20,3,1,3,16,0.039473684210526314,0.21052631578947367,34,12,72,697,397,0,0,0,0,0,401,41,2,0.5394736842105263,Log Forging,0
78,20,3,1,3,16,0.038461538461538464,0.20512820512820512,36,12,107,753,397,0,0,0,0,0,401,41,2,0.5256410256410257,Log Forging,0
50,29,4,0,0,11,0.0,0.22,0,12,107,737,397,0,0,0,0,0,404,38,2,0.76,Normal,0
30,9,2,0,0,9,0.0,0.3,0,12,77,714,397,0,0,0,0,0,308,249,3,8.3,Normal,0
93,19,3,1,4,21,0.043010752688172046,0.22580645161290322,52,12,119,746,397,0,0,0,0,0,200,32,2,0.34408602150537637,SQL Injection,0
70,49,5,0,0,14,0.0,0.2,0,12,102,741,397,0,0,0,0,0,404,207,2,2.9571428571428573,Normal,0
33,12,1,0,0,8,0.0,0.24242424242424243,0,13,106,1142,397,0,0,0,0,0,200,110,2,3.3333333333333335,Cookie Injection,0
78,57,4,0,8,21,0.10256410256410256,0.2692307692307692,0,12,69,699,397,0,0,0,0,0,200,50,2,0.6410256410256411,RCE,0
33,12,1,0,0,8,0.0,0.24242424242424243,0,14,72,1042,397,0,0,0,0,0,302,211,4,6.393939393939394,Cookie Injection,1
33,12,1,0,0,8,0.0,0.24242424242424243,0,14,77,1024,397,0,0,0,0,0,302,211,4,6.393939393939394,Cookie Injection,1
82,20,3,1,3,16,0.036585365853658534,0.1951219512195122,40,12,105,751,397,0,0,0,0,0,401,41,2,0.5,Log Forging,0
33,12,2,0,0,9,0.0,0.2727272727272727,0,12,69,699,397,0,0,0,0,0,404,28,2,0.8484848484848485,Normal,0
33,12,1,0,0,8,0.0,0.24242424242424243,0,14,111,1052,397,0,0,0,0,0,302,211,4,6.393939393939394,Cookie Injection,1
46,25,4,0,0,11,0.0,0.2391304347826087,0,12,65,702,397,0,0,0,0,0,404,207,2,4.5,Normal,0
71,50,9,0,0,28,0.0,0.39436619718309857,0,12,81,711,397,0,0,0,0,0,200,57,2,0.8028169014084507,Directory Traversal,0
45,24,4,0,0,11,0.0,0.24444444444444444,0,12,107,820,397,0,1,2,1,1,200,3320,2,73.77777777777777,LOG4J,0
33,12,2,0,0,9,0.0,0.2727272727272727,0,12,108,747,397,0,0,0,0,0,404,28,2,0.8484848484848485,Normal,0
50,29,4,0,0,11,0.0,0.22,0,12,72,697,397,0,0,0,0,0,404,38,2,0.76,Normal,0
78,57,10,0,0,34,0.0,0.4358974358974359,0,12,119,767,397,0,0,0,0,0,200,64,2,0.8205128205128205,Directory Traversal,0
46,25,4,0,0,11,0.0,0.2391304347826087,0,12,72,699,397,0,0,0,0,0,404,207,2,4.5,Normal,0
33,12,1,0,0,8,0.0,0.24242424242424243,0,14,102,1046,397,0,0,0,0,0,302,211,4,6.393939393939394,Cookie Injection,1
22,1,0,0,0,8,0.0,0.36363636363636365,0,12,121,760,397,0,0,0,0,0,200,34,2,1.5454545454545454,Normal,0
46,25,3,0,0,11,0.0,0.2391304347826087,0,12,77,716,397,0,0,0,0,0,200,32,2,0.6956521739130435,Normal,0
49,28,4,0,0,12,0.0,0.24489795918367346,0,12,81,831,397,0,1,2,1,1,404,34,2,0.6938775510204082,LOG4J,0
33,12,1,0,0,8,0.0,0.24242424242424243,0,14,72,1021,397,0,0,0,0,0,302,211,4,6.393939393939394,Cookie Injection,1
83,20,3,1,4,17,0.04819277108433735,0.20481927710843373,41,12,77,714,397,0,0,0,0,0,401,41,2,0.4939759036144578,Log Forging,0
22,1,0,0,0,8,0.0,0.36363636363636365,0,12,108,756,397,0,0,0,0,0,200,34,2,1.5454545454545454,Normal,0
44,23,4,0,0,11,0.0,0.25,0,12,99,727,397,0,0,0,0,0,200,3320,2,75.45454545454545,Normal,0
33,12,1,0,0,8,0.0,0.24242424242424243,0,13,65,1086,397,0,0,0,0,0,200,104,2,3.1515151515151514,Cookie Injection,0
119,11,2,2,2,20,0.01680672268907563,0.16806722689075632,86,12,77,704,397,0,0,0,0,0,401,26,2,0.2184873949579832,SQL Injection,0
109,88,2,0,4,35,0.03669724770642202,0.3211009174311927,0,12,107,734,397,0,0,0,0,0,200,48,2,0.44036697247706424,RCE,0
33,12,1,0,0,8,0.0,0.24242424242424243,0,13,100,1121,397,0,0,0,0,0,200,104,2,3.1515151515151514,Cookie Injection,0
22,1,0,0,0,8,0.0,0.36363636363636365,0,12,105,733,397,0,0,0,0,0,200,34,2,1.5454545454545454,Normal,0
104,11,2,2,2,20,0.019230769230769232,0.19230769230769232,71,12,107,732,397,0,0,0,0,0,401,26,2,0.25,SQL Injection,0
109,88,2,0,4,35,0.03669724770642202,0.3211009174311927,0,12,77,716,397,0,0,0,0,0,200,48,2,0.44036697247706424,RCE,0
46,25,4,0,0,11,0.0,0.2391304347826087,0,12,77,705,397,0,0,0,0,0,404,207,2,4.5,Normal,0
77,56,11,0,0,34,0.0,0.44155844155844154,0,12,103,728,397,0,0,0,0,0,200,63,2,0.8181818181818182,Directory Traversal,0
49,28,4,0,0,12,0.0,0.24489795918367346,0,12,107,735,397,0,0,0,0,0,404,34,2,0.6938775510204082,Normal,0
115,11,2,2,2,20,0.017391304347826087,0.17391304347826086,82,12,107,732,397,0,0,0,0,0,401,26,2,0.22608695652173913,SQL Injection,0
41,20,4,0,0,11,0.0,0.2682926829268293,0,12,77,725,397,0,0,0,0,0,404,31,2,0.7560975609756098,Normal,0
96,19,3,1,4,22,0.041666666666666664,0.22916666666666666,55,12,100,730,397,0,0,0,0,0,200,49565,2,516.3020833333334,SQL Injection,0
48,27,4,0,0,11,0.0,0.22916666666666666,0,12,103,740,397,0,0,0,0,0,404,36,2,0.75,Normal,0
33,12,2,0,0,9,0.0,0.2727272727272727,0,12,77,725,397,0,0,0,0,0,404,28,2,0.8484848484848485,Normal,0
78,20,3,1,3,16,0.038461538461538464,0.20512820512820512,36,12,107,744,397,0,0,0,0,0,401,41,2,0.5256410256410257,Log Forging,0
46,25,4,0,0,11,0.0,0.2391304347826087,0,12,72,720,397,0,0,0,0,0,404,207,2,4.5,Normal,0
46,25,4,0,0,11,0.0,0.2391304347826087,0,12,76,724,397,0,0,0,0,0,404,207,2,4.5,Normal,0
78,57,10,0,0,34,0.0,0.4358974358974359,0,12,105,744,397,0,0,0,0,0,200,64,2,0.8205128205128205,Directory Traversal,0
108,11,2,2,2,20,0.018518518518518517,0.18518518518518517,75,12,76,706,397,0,0,0,0,0,401,26,2,0.24074074074074073,SQL Injection,0
39,18,2,0,0,10,0.0,0.2564102564102564,0,12,101,731,397,0,0,0,0,0,200,931,2,23.871794871794872,Normal,0
78,57,4,0,8,21,0.10256410256410256,0.2692307692307692,0,12,72,699,397,0,0,0,0,0,200,50,2,0.6410256410256411,RCE,0
50,29,4,0,0,11,0.0,0.22,0,12,112,758,397,0,0,0,0,0,404,38,2,0.76,Normal,0
47,26,4,0,0,12,0.0,0.2553191489361702,0,12,65,711,397,0,0,0,0,0,404,31,2,0.6595744680851063,Normal,0
109,88,2,0,4,35,0.03669724770642202,0.3211009174311927,0,12,105,742,397,0,0,0,0,0,200,48,2,0.44036697247706424,RCE,0
33,12,1,0,0,8,0.0,0.24242424242424243,0,14,100,1042,397,0,0,0,0,0,302,211,4,6.393939393939394,Cookie Injection,1
39,18,2,0,0,10,0.0,0.2564102564102564,0,12,121,751,397,0,0,0,0,0,200,307,2,7.871794871794871,Normal,0
33,12,2,0,0,9,0.0,0.2727272727272727,0,12,72,702,397,0,0,0,0,0,200,746,2,22.606060606060606,Normal,0
22,1,0,0,0,8,0.0,0.36363636363636365,0,12,66,691,397,0,0,0,0,0,200,34,2,1.5454545454545454,Normal,0
85,20,3,1,4,17,0.047058823529411764,0.2,43,12,68,714,397,0,0,0,0,0,401,41,2,0.4823529411764706,Log Forging,0
33,12,1,0,0,8,0.0,0.24242424242424243,0,14,65,1018,397,0,0,0,0,0,302,211,4,6.393939393939394,Cookie Injection,1
46,25,4,0,0,12,0.0,0.2608695652173913,0,12,72,702,397,0,0,0,0,0,404,31,2,0.6739130434782609,Normal,0
46,25,4,0,0,12,0.0,0.2608695652173913,0,12,65,713,397,0,0,0,0,0,404,31,2,0.6739130434782609,Normal,0
33,12,1,0,0,8,0.0,0.24242424242424243,0,13,100,1119,397,0,0,0,0,0,200,105,2,3.1818181818181817,Cookie Injection,0
47,26,4,0,0,12,0.0,0.2553191489361702,0,12,107,744,397,0,0,0,0,0,404,31,2,0.6595744680851063,Normal,0
46,25,4,0,0,12,0.0,0.2608695652173913,0,12,107,735,397,0,0,0,0,0,404,31,2,0.6739130434782609,Normal,0
69,48,5,0,0,14,0.0,0.2028985507246377,0,12,107,753,397,0,0,0,0,0,404,207,2,3.0,Normal,0
33,12,1,0,0,8,0.0,0.24242424242424243,0,13,106,1125,397,0,0,0,0,0,200,104,2,3.1515151515151514,Cookie Injection,0
76,20,3,1,3,16,0.039473684210526314,0.21052631578947367,34,12,107,734,397,0,0,0,0,0,401,41,2,0.5394736842105263,Log Forging,0
49,28,4,0,0,12,0.0,0.24489795918367346,0,12,82,707,397,0,0,0,0,0,404,34,2,0.6938775510204082,Normal,0
109,88,2,0,4,35,0.03669724770642202,0.3211009174311927,0,12,107,737,397,0,0,0,0,0,200,48,2,0.44036697247706424,RCE,0
44,23,4,0,0,11,0.0,0.25,0,12,69,717,397,0,0,0,0,0,404,25,2,0.5681818181818182,Normal,0
106,11,2,2,2,20,0.018867924528301886,0.18867924528301888,73,12,111,739,397,0,0,0,0,0,401,26,2,0.24528301886792453,SQL Injection,0
22,1,0,0,0,8,0.0,0.36363636363636365,0,12,112,758,397,0,0,0,0,0,200,34,2,1.5454545454545454,Normal,0
33,12,1,0,0,8,0.0,0.24242424242424243,0,13,65,1093,397,0,0,0,0,0,200,105,2,3.1818181818181817,Cookie Injection,0
75,20,3,1,3,16,0.04,0.21333333333333335,33,12,77,705,397,0,0,0,0,0,401,41,2,0.5466666666666666,Log Forging,0
33,12,2,0,0,9,0.0,0.2727272727272727,0,12,105,753,397,0,0,0,0,0,404,28,2,0.8484848484848485,Normal,0
69,48,7,0,0,25,0.0,0.36231884057971014,0,12,72,700,397,0,0,0,0,0,200,55,2,0.7971014492753623,Directory Traversal,0
32,11,2,0,0,9,0.0,0.28125,0,12,107,744,397,0,0,0,0,0,200,20,2,0.625,Normal,0
33,12,2,0,0,9,0.0,0.2727272727272727,0,12,106,736,397,0,0,0,0,0,404,28,2,0.8484848484848485,Normal,0
46,25,4,0,0,12,0.0,0.2608695652173913,0,12,100,739,397,0,0,0,0,0,404,31,2,0.6739130434782609,Normal,0
33,12,1,0,0,8,0.0,0.24242424242424243,0,13,107,1122,397,0,0,0,0,0,200,110,2,3.3333333333333335,Cookie Injection,0
45,24,4,0,0,11,0.0,0.24444444444444444,0,12,107,753,397,0,0,0,0,0,404,207,2,4.6,Normal,0
92,19,3,1,4,21,0.043478260869565216,0.22826086956521738,51,12,103,740,397,0,0,0,0,0,200,198,2,2.152173913043478,SQL Injection,0
33,12,1,0,0,8,0.0,0.24242424242424243,0,14,77,1030,397,0,0,0,0,0,302,211,4,6.393939393939394,Cookie Injection,1
69,48,5,0,0,14,0.0,0.2028985507246377,0,12,99,727,397,0,0,0,0,0,404,207,2,3.0,Normal,0
104,11,2,2,2,20,0.019230769230769232,0.19230769230769232,71,12,68,705,397,0,0,0,0,0,401,26,2,0.25,SQL Injection,0
37,16,3,0,0,10,0.0,0.2702702702702703,0,12,72,699,397,0,0,0,0,0,404,207,2,5.594594594594595,Normal,0
39,18,2,0,0,10,0.0,0.2564102564102564,0,12,99,745,397,0,0,0,0,0,200,2071,2,53.1025641025641,Normal,0
113,11,2,2,2,20,0.017699115044247787,0.17699115044247787,80,12,65,713,397,0,0,0,0,0,401,26,2,0.23008849557522124,SQL Injection,0
47,26,4,0,0,11,0.0,0.23404255319148937,0,12,105,742,397,0,0,0,0,0,401,26,2,0.5531914893617021,Normal,0
47,26,3,0,0,11,0.0,0.23404255319148937,0,12,65,690,397,0,0,0,0,0,200,33,2,0.7021276595744681,Normal,0
46,25,4,0,0,11,0.0,0.2391304347826087,0,12,108,735,397,0,0,0,0,0,404,207,2,4.5,Normal,0
40,19,4,0,0,11,0.0,0.275,0,12,69,699,397,0,0,0,0,0,404,31,2,0.775,Normal,0
46,25,4,0,0,11,0.0,0.2391304347826087,0,12,68,797,478,0,1,2,1,1,404,207,2,4.5,LOG4J,0
47,26,4,0,0,11,0.0,0.23404255319148937,0,12,100,739,397,0,0,0,0,0,401,26,2,0.5531914893617021,Normal,0
33,12,1,0,0,8,0.0,0.24242424242424243,0,13,106,1113,397,0,0,0,0,0,200,105,2,3.1818181818181817,Cookie Injection,0
93,19,3,1,4,21,0.043010752688172046,0.22580645161290322,52,12,107,735,397,0,0,0,0,0,200,32,2,0.34408602150537637,SQL Injection,0
75,20,3,1,3,16,0.04,0.21333333333333335,33,12,111,741,397,0,0,0,0,0,401,41,2,0.5466666666666666,Log Forging,0
32,11,2,0,0,9,0.0,0.28125,0,12,68,716,397,0,0,0,0,0,200,20,2,0.625,Normal,0
91,19,3,1,4,21,0.04395604395604396,0.23076923076923078,50,12,111,750,397,0,0,0,0,0,200,24,2,0.26373626373626374,SQL Injection,0
77,56,11,0,0,34,0.0,0.44155844155844154,0,12,72,711,397,0,0,0,0,0,200,63,2,0.8181818181818182,Directory Traversal,0
30,9,2,0,0,9,0.0,0.3,0,12,112,864,397,0,1,2,1,1,308,249,3,8.3,LOG4J,0
22,1,0,0,0,8,0.0,0.36363636363636365,0,12,77,705,397,0,0,0,0,0,200,34,2,1.5454545454545454,Normal,0
50,29,4,0,0,11,0.0,0.22,0,12,107,804,446,0,1,2,1,1,404,38,2,0.76,LOG4J,0
39,18,2,0,0,10,0.0,0.2564102564102564,0,12,102,741,397,0,0,0,0,0,200,3719,2,95.35897435897436,Normal,0
33,12,2,0,0,9,0.0,0.2727272727272727,0,12,77,705,397,0,0,0,0,0,404,28,2,0.8484848484848485,Normal,0
102,11,2,2,2,20,0.0196078431372549,0.19607843137254902,69,12,106,743,397,0,0,0,0,0,401,26,2,0.2549019607843137,SQL Injection,0
33,12,1,0,0,8,0.0,0.24242424242424243,0,13,77,1107,397,0,0,0,0,0,200,105,2,3.1818181818181817,Cookie Injection,0
33,12,1,0,0,8,0.0,0.24242424242424243,0,13,107,1117,397,0,0,0,0,0,200,106,2,3.212121212121212,Cookie Injection,0
46,25,3,0,0,11,0.0,0.2391304347826087,0,12,111,739,397,0,0,0,0,0,200,32,2,0.6956521739130435,Normal,0
109,88,2,0,4,35,0.03669724770642202,0.3211009174311927,0,12,112,758,397,0,0,0,0,0,200,48,2,0.44036697247706424,RCE,0
113,11,2,2,2,20,0.017699115044247787,0.17699115044247787,80,12,65,702,397,0,0,0,0,0,401,26,2,0.23008849557522124,SQL Injection,0
50,29,4,0,0,11,0.0,0.22,0,12,77,705,397,0,0,0,0,0,404,38,2,0.76,Normal,0
49,28,4,0,0,12,0.0,0.24489795918367346,0,12,77,705,397,0,0,0,0,0,404,34,2,0.6938775510204082,Normal,0
93,19,3,1,4,21,0.043010752688172046,0.22580645161290322,52,12,77,725,397,0,0,0,0,0,200,32,2,0.34408602150537637,SQL Injection,0
74,20,3,1,3,16,0.04054054054054054,0.21621621621621623,32,12,107,755,397,0,0,0,0,0,401,41,2,0.5540540540540541,Log Forging,0
113,92,2,0,5,32,0.04424778761061947,0.2831858407079646,0,12,82,712,397,0,0,0,0,0,200,20,2,0.17699115044247787,RCE,0
33,12,1,0,0,8,0.0,0.24242424242424243,0,14,65,1006,397,0,0,0,0,0,302,211,4,6.393939393939394,Cookie Injection,1
33,12,2,0,0,9,0.0,0.2727272727272727,0,12,81,727,397,0,0,0,0,0,404,28,2,0.8484848484848485,Normal,0
96,19,3,1,4,22,0.041666666666666664,0.22916666666666666,55,12,107,734,397,0,0,0,0,0,200,49565,2,516.3020833333334,SQL Injection,0
30,9,2,0,0,9,0.0,0.3,0,12,107,737,397,0,0,0,0,0,308,249,3,8.3,Normal,0
48,27,4,0,0,11,0.0,0.22916666666666666,0,12,100,739,397,0,0,0,0,0,401,26,2,0.5416666666666666,Normal,0
47,26,4,0,0,12,0.0,0.2553191489361702,0,12,66,693,397,0,0,0,0,0,404,31,2,0.6595744680851063,Normal,0
74,53,10,0,0,31,0.0,0.4189189189189189,0,12,68,695,397,0,0,0,0,0,200,60,2,0.8108108108108109,Directory Traversal,0
77,20,3,1,3,16,0.03896103896103896,0.2077922077922078,35,12,103,728,397,0,0,0,0,0,401,41,2,0.5324675324675324,Log Forging,0
113,92,2,0,5,32,0.04424778761061947,0.2831858407079646,0,12,65,690,397,0,0,0,0,0,200,20,2,0.17699115044247787,RCE,0
83,20,3,1,4,17,0.04819277108433735,0.20481927710843373,41,12,65,704,397,0,0,0,0,0,401,41,2,0.4939759036144578,Log Forging,0
78,57,4,0,8,21,0.10256410256410256,0.2692307692307692,0,12,100,725,397,0,0,0,0,0,200,50,2,0.6410256410256411,RCE,0
40,19,4,0,0,11,0.0,0.275,0,12,72,749,397,0,1,2,1,1,404,31,2,0.775,LOG4J,0
107,11,2,2,2,20,0.018691588785046728,0.18691588785046728,74,12,76,701,397,0,0,0,0,0,401,26,2,0.24299065420560748,SQL Injection,0
39,18,2,0,0,10,0.0,0.2564102564102564,0,12,107,735,397,0,0,0,0,0,200,3719,2,95.35897435897436,Normal,0
78,57,10,0,0,34,0.0,0.4358974358974359,0,12,108,736,397,0,0,0,0,0,200,64,2,0.8205128205128205,Directory Traversal,0
22,1,0,0,0,8,0.0,0.36363636363636365,0,12,107,732,397,0,0,0,0,0,200,34,2,1.5454545454545454,Normal,0
92,19,3,1,4,21,0.043478260869565216,0.22826086956521738,51,12,100,728,397,0,0,0,0,0,200,198,2,2.152173913043478,SQL Injection,0
85,20,3,1,3,16,0.03529411764705882,0.18823529411764706,43,12,68,698,397,0,0,0,0,0,401,41,2,0.4823529411764706,Log Forging,0
92,19,3,1,4,22,0.043478260869565216,0.2391304347826087,51,12,99,738,397,0,0,0,0,0,200,204,2,2.217391304347826,SQL Injection,0
48,27,4,0,0,11,0.0,0.22916666666666666,0,12,77,714,397,0,0,0,0,0,404,36,2,0.75,Normal,0
74,20,3,1,3,16,0.04054054054054054,0.21621621621621623,32,12,77,705,397,0,0,0,0,0,401,41,2,0.5540540540540541,Log Forging,0
50,29,4,0,0,11,0.0,0.22,0,12,102,750,397,0,0,0,0,0,404,38,2,0.76,Normal,0
44,23,4,0,0,11,0.0,0.25,0,12,81,775,397,0,1,2,1,1,200,3320,2,75.45454545454545,LOG4J,0
71,50,9,0,0,28,0.0,0.39436619718309857,0,12,101,729,397,0,0,0,0,0,200,57,2,0.8028169014084507,Directory Traversal,0
44,23,4,0,0,11,0.0,0.25,0,12,99,764,397,0,1,2,1,1,200,3320,2,75.45454545454545,LOG4J,0
93,19,3,1,4,21,0.043010752688172046,0.22580645161290322,52,12,72,697,397,0,0,0,0,0,200,32,2,0.34408602150537637,SQL Injection,0
50,29,4,0,0,11,0.0,0.22,0,12,101,731,397,0,0,0,0,0,404,38,2,0.76,Normal,0
77,20,3,1,3,16,0.03896103896103896,0.2077922077922078,35,12,72,697,397,0,0,0,0,0,401,41,2,0.5324675324675324,Log Forging,0
49,28,4,0,0,12,0.0,0.24489795918367346,0,12,112,758,397,0,0,0,0,0,404,34,2,0.6938775510204082,Normal,0
45,24,4,0,0,11,0.0,0.24444444444444444,0,12,107,755,397,0,0,0,0,0,404,207,2,4.6,Normal,0
30,9,2,0,0,9,0.0,0.3,0,12,65,702,397,0,0,0,0,0,308,249,3,8.3,Normal,0
82,20,3,1,3,16,0.036585365853658534,0.1951219512195122,40,12,77,725,397,0,0,0,0,0,401,41,2,0.5,Log Forging,0
74,20,3,1,3,16,0.04054054054054054,0.21621621621621623,32,12,68,696,397,0,0,0,0,0,401,41,2,0.5540540540540541,Log Forging,0
82,20,3,1,3,16,0.036585365853658534,0.1951219512195122,40,12,72,699,397,0,0,0,0,0,401,41,2,0.5,Log Forging,0
22,1,0,0,0,8,0.0,0.36363636363636365,0,12,106,743,397,0,0,0,0,0,200,34,2,1.5454545454545454,Normal,0
46,25,4,0,0,12,0.0,0.2608695652173913,0,12,103,731,397,0,0,0,0,0,404,31,2,0.6739130434782609,Normal,0
33,12,1,0,0,8,0.0,0.24242424242424243,0,13,65,1086,397,0,0,0,0,0,200,106,2,3.212121212121212,Cookie Injection,0
32,11,2,0,0,9,0.0,0.28125,0,12,72,718,397,0,0,0,0,0,200,20,2,0.625,Normal,0
30,9,2,0,0,9,0.0,0.3,0,12,111,738,397,0,0,0,0,0,308,249,3,8.3,Normal,0
46,25,4,0,0,11,0.0,0.2391304347826087,0,12,81,709,397,0,0,0,0,0,404,207,2,4.5,Normal,0
75,54,9,0,0,31,0.0,0.41333333333333333,0,12,66,714,397,0,0,0,0,0,200,61,2,0.8133333333333334,Directory Traversal,0
37,16,3,0,0,10,0.0,0.2702702702702703,0,12,65,690,397,0,0,0,0,0,404,207,2,5.594594594594595,Normal,0
33,12,2,0,0,9,0.0,0.2727272727272727,0,12,101,729,397,0,0,0,0,0,200,546,2,16.545454545454547,Normal,0
22,1,0,0,0,8,0.0,0.36363636363636365,0,12,111,738,397,0,0,0,0,0,200,34,2,1.5454545454545454,Normal,0
109,88,2,0,4,35,0.03669724770642202,0.3211009174311927,0,12,107,734,397,0,0,0,0,0,200,48,2,0.44036697247706424,RCE,0
113,92,2,0,5,32,0.04424778761061947,0.2831858407079646,0,12,107,746,397,0,0,0,0,0,200,20,2,0.17699115044247787,RCE,0
84,20,3,1,4,17,0.047619047619047616,0.20238095238095238,42,12,81,709,397,0,0,0,0,0,401,41,2,0.4880952380952381,Log Forging,0
68,47,8,0,0,25,0.0,0.36764705882352944,0,12,119,767,397,0,0,0,0,0,200,54,2,0.7941176470588235,Directory Traversal,0
81,20,3,1,3,16,0.037037037037037035,0.19753086419753085,39,12,72,699,397,0,0,0,0,0,401,41,2,0.5061728395061729,Log Forging,0
39,18,2,0,0,10,0.0,0.2564102564102564,0,12,107,755,397,0,0,0,0,0,200,785,2,20.128205128205128,Normal,0
46,25,3,0,0,11,0.0,0.2391304347826087,0,12,82,728,397,0,0,0,0,0,200,32,2,0.6956521739130435,Normal,0
31,10,2,0,0,10,0.0,0.3225806451612903,0,12,102,727,397,0,0,0,0,0,200,70,2,2.2580645161290325,Normal,0
30,9,2,0,0,9,0.0,0.3,0,12,65,695,397,0,0,0,0,0,308,249,3,8.3,Normal,0
75,20,3,1,3,16,0.04,0.21333333333333335,33,12,100,725,397,0,0,0,0,0,401,41,2,0.5466666666666666,Log Forging,0
46,25,3,0,0,11,0.0,0.2391304347826087,0,12,72,702,397,0,0,0,0,0,200,32,2,0.6956521739130435,Normal,0
78,57,4,0,8,21,0.10256410256410256,0.2692307692307692,0,12,112,758,397,0,0,0,0,0,200,50,2,0.6410256410256411,RCE,0
91,19,3,1,4,21,0.04395604395604396,0.23076923076923078,50,12,72,718,397,0,0,0,0,0,200,24,2,0.26373626373626374,SQL Injection,0
33,12,2,0,0,9,0.0,0.2727272727272727,0,12,99,724,397,0,0,0,0,0,404,28,2,0.8484848484848485,Normal,0
112,11,2,2,2,20,0.017857142857142856,0.17857142857142858,79,12,69,694,397,0,0,0,0,0,401,26,2,0.23214285714285715,SQL Injection,0
50,29,4,0,0,11,0.0,0.22,0,12,72,709,397,0,0,0,0,0,404,38,2,0.76,Normal,0
33,12,2,0,0,9,0.0,0.2727272727272727,0,12,121,748,397,0,0,0,0,0,200,1619,2,49.06060606060606,Normal,0
49,28,4,0,0,12,0.0,0.24489795918367346,0,12,119,749,397,0,0,0,0,0,404,34,2,0.6938775510204082,Normal,0
45,24,4,0,0,11,0.0,0.24444444444444444,0,12,72,699,397,0,0,0,0,0,404,207,2,4.6,Normal,0
50,29,4,0,0,11,0.0,0.22,0,12,72,709,397,0,0,0,0,0,404,38,2,0.76,Normal,0
47,26,4,0,0,11,0.0,0.23404255319148937,0,12,105,751,397,0,0,0,0,0,404,207,2,4.404255319148936,Normal,0
33,12,1,0,0,8,0.0,0.24242424242424243,0,13,111,1118,397,0,0,0,0,0,200,106,2,3.212121212121212,Cookie Injection,0
48,27,4,0,0,11,0.0,0.22916666666666666,0,12,65,692,397,0,0,0,0,0,404,36,2,0.75,Normal,0
78,20,3,1,3,16,0.038461538461538464,0.20512820512820512,36,12,112,737,397,0,0,0,0,0,401,41,2,0.5256410256410257,Log Forging,0
46,25,4,0,0,11,0.0,0.2391304347826087,0,12,111,759,397,0,0,0,0,0,404,207,2,4.5,Normal,0
49,28,4,0,0,12,0.0,0.24489795918367346,0,12,107,734,397,0,0,0,0,0,404,34,2,0.6938775510204082,Normal,0
47,26,4,0,0,11,0.0,0.23404255319148937,0,12,77,723,397,0,0,0,0,0,401,26,2,0.5531914893617021,Normal,0
93,19,3,1,4,21,0.043010752688172046,0.22580645161290322,52,12,107,746,397,0,0,0,0,0,200,32,2,0.34408602150537637,SQL Injection,0
39,18,2,0,0,10,0.0,0.2564102564102564,0,12,101,738,397,0,0,0,0,0,200,1604,2,41.12820512820513,Normal,0
37,16,3,0,0,10,0.0,0.2702702702702703,0,12,68,716,397,0,0,0,0,0,404,207,2,5.594594594594595,Normal,0
69,48,5,0,0,14,0.0,0.2028985507246377,0,12,107,755,397,0,0,0,0,0,404,207,2,3.0,Normal,0
69,48,5,0,0,14,0.0,0.2028985507246377,0,12,111,750,397,0,0,0,0,0,404,207,2,3.0,Normal,0
93,19,3,1,4,21,0.043010752688172046,0.22580645161290322,52,12,100,725,397,0,0,0,0,0,200,32,2,0.34408602150537637,SQL Injection,0
33,12,1,0,0,8,0.0,0.24242424242424243,0,13,100,1130,397,0,0,0,0,0,200,105,2,3.1818181818181817,Cookie Injection,0
33,12,1,0,0,8,0.0,0.24242424242424243,0,14,82,1035,397,0,0,0,0,0,302,211,4,6.393939393939394,Cookie Injection,1
69,48,5,0,0,14,0.0,0.2028985507246377,0,12,101,728,397,0,0,0,0,0,404,207,2,3.0,Normal,0
47,26,4,0,0,11,0.0,0.23404255319148937,0,12,72,699,397,0,0,0,0,0,401,26,2,0.5531914893617021,Normal,0
45,24,4,0,0,11,0.0,0.24444444444444444,0,12,100,737,397,0,0,0,0,0,404,207,2,4.6,Normal,0
32,11,2,0,0,9,0.0,0.28125,0,12,107,744,397,0,0,0,0,0,200,20,2,0.625,Normal,0
109,88,2,0,4,35,0.03669724770642202,0.3211009174311927,0,12,72,700,397,0,0,0,0,0,200,48,2,0.44036697247706424,RCE,0
69,48,5,0,0,14,0.0,0.2028985507246377,0,12,100,730,397,0,0,0,0,0,404,207,2,3.0,Normal,0
50,29,4,0,0,11,0.0,0.22,0,12,107,746,397,0,0,0,0,0,404,38,2,0.76,Normal,0
46,25,3,0,0,11,0.0,0.2391304347826087,0,12,76,703,397,0,0,0,0,0,200,32,2,0.6956521739130435,Normal,0
117,11,2,2,2,20,0.017094017094017096,0.17094017094017094,84,12,119,747,397,0,0,0,0,0,401,26,2,0.2222222222222222,SQL Injection,0
31,10,2,0,0,10,0.0,0.3225806451612903,0,12,82,719,397,0,0,0,0,0,200,70,2,2.2580645161290325,Normal,0
22,1,0,0,0,8,0.0,0.36363636363636365,0,12,72,702,397,0,0,0,0,0,200,34,2,1.5454545454545454,Normal,0
33,12,2,0,0,9,0.0,0.2727272727272727,0,12,112,742,397,0,0,0,0,0,200,1604,2,48.60606060606061,Normal,0
44,23,4,0,0,11,0.0,0.25,0,12,72,753,397,0,1,2,1,1,404,25,2,0.5681818181818182,LOG4J,0
37,16,3,0,0,10,0.0,0.2702702702702703,0,12,107,818,460,0,1,2,1,1,404,207,2,5.594594594594595,LOG4J,0
44,23,4,0,0,11,0.0,0.25,0,12,107,753,397,0,0,0,0,0,404,25,2,0.5681818181818182,Normal,0
109,88,2,0,4,35,0.03669724770642202,0.3211009174311927,0,12,105,751,397,0,0,0,0,0,200,48,2,0.44036697247706424,RCE,0
37,16,3,0,0,10,0.0,0.2702702702702703,0,12,107,737,397,0,0,0,0,0,404,207,2,5.594594594594595,Normal,0
33,12,1,0,0,8,0.0,0.24242424242424243,0,14,102,1041,397,0,0,0,0,0,302,211,4,6.393939393939394,Cookie Injection,1
46,25,3,0,0,11,0.0,0.2391304347826087,0,12,77,803,496,0,1,2,1,1,200,32,2,0.6956521739130435,LOG4J,0
38,17,3,0,0,10,0.0,0.2631578947368421,0,12,111,757,397,0,0,0,0,0,404,207,2,5.447368421052632,Normal,0
33,12,1,0,0,8,0.0,0.24242424242424243,0,14,108,1061,397,0,0,0,0,0,302,211,4,6.393939393939394,Cookie Injection,1
51,30,4,0,0,11,0.0,0.21568627450980393,0,12,69,699,397,0,0,0,0,0,404,38,2,0.7450980392156863,Normal,0
31,10,2,0,0,10,0.0,0.3225806451612903,0,12,105,730,397,0,0,0,0,0,200,70,2,2.2580645161290325,Normal,0
33,12,1,0,0,8,0.0,0.24242424242424243,0,14,102,1041,397,0,0,0,0,0,302,211,4,6.393939393939394,Cookie Injection,1
44,23,4,0,0,11,0.0,0.25,0,12,106,736,397,0,0,0,0,0,404,25,2,0.5681818181818182,Normal,0
42,21,3,0,0,10,0.0,0.23809523809523808,0,12,105,753,397,0,0,0,0,0,200,933,2,22.214285714285715,Normal,0
33,12,2,0,0,9,0.0,0.2727272727272727,0,12,65,821,397,0,1,2,1,1,200,720,2,21.818181818181817,LOG4J,0
33,12,1,0,0,8,0.0,0.24242424242424243,0,13,77,1096,397,0,0,0,0,0,200,104,2,3.1515151515151514,Cookie Injection,0
104,11,2,2,2,20,0.019230769230769232,0.19230769230769232,71,12,81,720,397,0,0,0,0,0,401,26,2,0.25,SQL Injection,0
42,21,3,0,0,10,0.0,0.23809523809523808,0,12,106,734,397,0,0,0,0,0,200,933,2,22.214285714285715,Normal,0
44,23,4,0,0,11,0.0,0.25,0,12,72,697,397,0,0,0,0,0,200,3320,2,75.45454545454545,Normal,0
31,10,2,0,0,10,0.0,0.3225806451612903,0,12,100,746,397,0,0,0,0,0,200,70,2,2.2580645161290325,Normal,0
37,16,3,0,0,10,0.0,0.2702702702702703,0,12,69,694,397,0,0,0,0,0,404,207,2,5.594594594594595,Normal,0
41,20,4,0,0,11,0.0,0.2682926829268293,0,12,107,732,397,0,0,0,0,0,404,31,2,0.7560975609756098,Normal,0
83,62,13,0,0,40,0.0,0.4819277108433735,0,12,77,704,397,0,0,0,0,0,200,69,2,0.8313253012048193,Directory Traversal,0
50,29,4,0,0,11,0.0,0.22,0,12,107,744,397,0,0,0,0,0,404,38,2,0.76,Normal,0
32,11,2,0,0,9,0.0,0.28125,0,12,111,736,397,0,0,0,0,0,200,20,2,0.625,Normal,0
39,18,2,0,0,10,0.0,0.2564102564102564,0,12,105,751,397,0,0,0,0,0,200,1619,2,41.51282051282051,Normal,0
32,11,2,0,0,9,0.0,0.28125,0,12,108,745,397,0,0,0,0,0,200,20,2,0.625,Normal,0
109,88,2,0,4,35,0.03669724770642202,0.3211009174311927,0,12,82,721,397,0,0,0,0,0,200,48,2,0.44036697247706424,RCE,0
93,19,3,1,4,21,0.043010752688172046,0.22580645161290322,52,12,108,745,397,0,0,0,0,0,200,32,2,0.34408602150537637,SQL Injection,0
50,29,4,0,0,11,0.0,0.22,0,12,100,748,397,0,0,0,0,0,404,38,2,0.76,Normal,0
33,12,1,0,0,8,0.0,0.24242424242424243,0,14,100,1042,397,0,0,0,0,0,302,211,4,6.393939393939394,Cookie Injection,1
33,12,2,0,0,9,0.0,0.2727272727272727,0,12,100,725,397,0,0,0,0,0,200,746,2,22.606060606060606,Normal,0
33,12,1,0,0,8,0.0,0.24242424242424243,0,14,76,1038,397,0,0,0,0,0,302,211,4,6.393939393939394,Cookie Injection,1
69,48,5,0,0,14,0.0,0.2028985507246377,0,12,77,704,397,0,0,0,0,0,404,207,2,3.0,Normal,0
33,12,1,0,0,8,0.0,0.24242424242424243,0,13,99,1111,397,0,0,0,0,0,200,105,2,3.1818181818181817,Cookie Injection,0
33,12,1,0,0,8,0.0,0.24242424242424243,0,14,72,1013,397,0,0,0,0,0,302,211,4,6.393939393939394,Cookie Injection,1
46,25,4,0,0,11,0.0,0.2391304347826087,0,12,107,746,397,0,0,0,0,0,404,207,2,4.5,Normal,0
113,92,2,0,5,32,0.04424778761061947,0.2831858407079646,0,12,76,724,397,0,0,0,0,0,200,20,2,0.17699115044247787,RCE,0
46,25,3,0,0,11,0.0,0.2391304347826087,0,12,77,705,397,0,0,0,0,0,200,32,2,0.6956521739130435,Normal,0
22,1,0,0,0,8,0.0,0.36363636363636365,0,12,69,694,397,0,0,0,0,0,200,34,2,1.5454545454545454,Normal,0
50,29,4,0,0,11,0.0,0.22,0,12,66,694,397,0,0,0,0,0,404,38,2,0.76,Normal,0
113,92,2,0,5,32,0.04424778761061947,0.2831858407079646,0,12,82,730,397,0,0,0,0,0,200,20,2,0.17699115044247787,RCE,0
33,12,1,0,0,8,0.0,0.24242424242424243,0,13,102,1111,397,0,0,0,0,0,200,105,2,3.1818181818181817,Cookie Injection,0
96,19,3,1,4,22,0.041666666666666664,0.22916666666666666,55,12,72,720,397,0,0,0,0,0,200,49565,2,516.3020833333334,SQL Injection,0
46,25,3,0,0,11,0.0,0.2391304347826087,0,12,108,754,397,0,0,0,0,0,200,32,2,0.6956521739130435,Normal,0
77,56,11,0,0,34,0.0,0.44155844155844154,0,12,102,739,397,0,0,0,0,0,200,63,2,0.8181818181818182,Directory Traversal,0
48,27,4,0,0,11,0.0,0.22916666666666666,0,12,81,784,461,0,1,2,1,1,404,36,2,0.75,LOG4J,0
77,20,3,1,3,16,0.03896103896103896,0.2077922077922078,35,12,65,693,397,0,0,0,0,0,401,41,2,0.5324675324675324,Log Forging,0
91,19,3,1,4,21,0.04395604395604396,0.23076923076923078,50,12,100,748,397,0,0,0,0,0,200,24,2,0.26373626373626374,SQL Injection,0
99,11,2,2,2,20,0.020202020202020204,0.20202020202020202,66,12,68,705,397,0,0,0,0,0,401,26,2,0.26262626262626265,SQL Injection,0
45,24,4,0,0,11,0.0,0.24444444444444444,0,12,68,693,397,0,0,0,0,0,200,3320,2,73.77777777777777,Normal,0
113,92,2,0,5,32,0.04424778761061947,0.2831858407079646,0,12,112,740,397,0,0,0,0,0,200,20,2,0.17699115044247787,RCE,0
46,25,4,0,0,11,0.0,0.2391304347826087,0,12,68,705,397,0,0,0,0,0,404,207,2,4.5,Normal,0
41,20,4,0,0,11,0.0,0.2682926829268293,0,12,105,730,397,0,0,0,0,0,200,377,2,9.195121951219512,Normal,0
32,11,2,0,0,9,0.0,0.28125,0,12,108,738,397,0,0,0,0,0,200,20,2,0.625,Normal,0
116,11,2,2,2,20,0.017241379310344827,0.1724137931034483,83,12,99,736,397,0,0,0,0,0,401,26,2,0.22413793103448276,SQL Injection,0
44,23,4,0,0,11,0.0,0.25,0,12,107,744,397,0,0,0,0,0,200,3320,2,75.45454545454545,Normal,0
38,17,3,0,0,10,0.0,0.2631578947368421,0,12,77,716,397,0,0,0,0,0,404,207,2,5.447368421052632,Normal,0
44,23,4,0,0,11,0.0,0.25,0,12,102,732,397,0,0,0,0,0,404,25,2,0.5681818181818182,Normal,0
117,11,2,2,2,20,0.017094017094017096,0.17094017094017094,84,12,72,702,397,0,0,0,0,0,401,26,2,0.2222222222222222,SQL Injection,0
33,12,1,0,0,8,0.0,0.24242424242424243,0,14,82,1029,397,0,0,0,0,0,302,211,4,6.393939393939394,Cookie Injection,1
79,20,3,1,3,16,0.0379746835443038,0.20253164556962025,37,12,119,747,397,0,0,0,0,0,401,41,2,0.5189873417721519,Log Forging,0
78,20,3,1,3,16,0.038461538461538464,0.20512820512820512,36,12,101,740,397,0,0,0,0,0,401,41,2,0.5256410256410257,Log Forging,0
33,12,2,0,0,9,0.0,0.2727272727272727,0,12,99,820,397,0,1,2,1,1,200,1619,2,49.06060606060606,LOG4J,0
22,1,0,0,0,8,0.0,0.36363636363636365,0,12,65,690,397,0,0,0,0,0,200,34,2,1.5454545454545454,Normal,0
33,12,1,0,0,8,0.0,0.24242424242424243,0,13,72,1102,397,0,0,0,0,0,200,104,2,3.1515151515151514,Cookie Injection,0
78,20,3,1,3,16,0.038461538461538464,0.20512820512820512,36,12,107,744,397,0,0,0,0,0,401,41,2,0.5256410256410257,Log Forging,0
33,12,1,0,0,8,0.0,0.24242424242424243,0,14,66,1005,397,0,0,0,0,0,302,211,4,6.393939393939394,Cookie Injection,1
38,17,3,0,0,10,0.0,0.2631578947368421,0,12,100,739,397,0,0,0,0,0,404,207,2,5.447368421052632,Normal,0
78,57,4,0,8,21,0.10256410256410256,0.2692307692307692,0,12,100,728,397,0,0,0,0,0,200,50,2,0.6410256410256411,RCE,0
91,19,3,1,4,21,0.04395604395604396,0.23076923076923078,50,12,72,697,397,0,0,0,0,0,200,24,2,0.26373626373626374,SQL Injection,0
50,29,4,0,0,11,0.0,0.22,0,12,72,702,397,0,0,0,0,0,404,38,2,0.76,Normal,0
93,19,3,1,4,21,0.043010752688172046,0.22580645161290322,52,12,77,714,397,0,0,0,0,0,200,32,2,0.34408602150537637,SQL Injection,0
39,18,2,0,0,10,0.0,0.2564102564102564,0,12,77,707,397,0,0,0,0,0,200,546,2,14.0,Normal,0
47,26,3,0,0,11,0.0,0.23404255319148937,0,12,108,756,397,0,0,0,0,0,200,33,2,0.7021276595744681,Normal,0
91,19,3,1,4,21,0.04395604395604396,0.23076923076923078,50,12,81,709,397,0,0,0,0,0,200,24,2,0.26373626373626374,SQL Injection,0
33,12,1,0,0,8,0.0,0.24242424242424243,0,14,69,1018,397,0,0,0,0,0,302,211,4,6.393939393939394,Cookie Injection,1
50,29,4,0,0,12,0.0,0.24,0,12,68,695,397,0,0,0,0,0,404,34,2,0.68,Normal,0
75,54,9,0,0,31,0.0,0.41333333333333333,0,12,66,705,397,0,0,0,0,0,200,61,2,0.8133333333333334,Directory Traversal,0
105,11,2,2,2,20,0.01904761904761905,0.19047619047619047,72,12,77,723,397,0,0,0,0,0,401,26,2,0.24761904761904763,SQL Injection,0
91,19,3,1,4,21,0.04395604395604396,0.23076923076923078,50,12,102,750,397,0,0,0,0,0,200,24,2,0.26373626373626374,SQL Injection,0
45,24,4,0,0,11,0.0,0.24444444444444444,0,12,100,725,397,0,0,0,0,0,404,207,2,4.6,Normal,0
47,26,3,0,0,11,0.0,0.23404255319148937,0,12,108,738,397,0,0,0,0,0,200,33,2,0.7021276595744681,Normal,0
33,12,1,0,0,8,0.0,0.24242424242424243,0,13,102,1109,397,0,0,0,0,0,200,106,2,3.212121212121212,Cookie Injection,0
44,23,4,0,0,11,0.0,0.25,0,12,107,737,397,0,0,0,0,0,404,25,2,0.5681818181818182,Normal,0
50,29,4,0,0,12,0.0,0.24,0,12,107,737,397,0,0,0,0,0,404,34,2,0.68,Normal,0
77,20,3,1,3,16,0.03896103896103896,0.2077922077922078,35,12,81,720,397,0,0,0,0,0,401,41,2,0.5324675324675324,Log Forging,0
33,12,1,0,0,8,0.0,0.24242424242424243,0,14,107,1060,397,0,0,0,0,0,302,211,4,6.393939393939394,Cookie Injection,1
50,29,4,0,0,11,0.0,0.22,0,12,77,704,397,0,0,0,0,0,404,38,2,0.76,Normal,0
45,24,4,0,0,11,0.0,0.24444444444444444,0,12,72,855,397,0,1,2,1,1,404,207,2,4.6,LOG4J,0
22,1,0,0,0,8,0.0,0.36363636363636365,0,12,76,704,397,0,0,0,0,0,200,34,2,1.5454545454545454,Normal,0
48,27,4,0,0,11,0.0,0.22916666666666666,0,12,77,723,397,0,0,0,0,0,404,36,2,0.75,Normal,0
33,12,1,0,0,8,0.0,0.24242424242424243,0,14,119,1066,397,0,0,0,0,0,302,211,4,6.393939393939394,Cookie Injection,1
37,16,3,0,0,10,0.0,0.2702702702702703,0,12,76,724,397,0,0,0,0,0,404,207,2,5.594594594594595,Normal,0
89,19,3,1,4,21,0.0449438202247191,0.23595505617977527,48,12,72,711,397,0,0,0,0,0,200,307960,2,3460.224719101124,SQL Injection,0
78,57,4,0,8,21,0.10256410256410256,0.2692307692307692,0,12,81,709,397,0,0,0,0,0,200,50,2,0.6410256410256411,RCE,0
39,18,2,0,0,10,0.0,0.2564102564102564,0,12,121,749,397,0,0,0,0,0,200,3719,2,95.35897435897436,Normal,0
77,20,3,1,3,16,0.03896103896103896,0.2077922077922078,35,12,107,746,397,0,0,0,0,0,401,41,2,0.5324675324675324,Log Forging,0
47,26,3,0,0,11,0.0,0.23404255319148937,0,12,77,707,397,0,0,0,0,0,200,33,2,0.7021276595744681,Normal,0
101,11,2,2,2,20,0.019801980198019802,0.19801980198019803,68,12,107,753,397,0,0,0,0,0,401,26,2,0.25742574257425743,SQL Injection,0
38,17,3,0,0,10,0.0,0.2631578947368421,0,12,66,712,397,0,0,0,0,0,404,207,2,5.447368421052632,Normal,0
34,13,2,0,0,9,0.0,0.2647058823529412,0,12,100,793,462,0,1,2,1,1,404,28,2,0.8235294117647058,LOG4J,0
46,25,3,0,0,11,0.0,0.2391304347826087,0,12,65,690,397,0,0,0,0,0,200,32,2,0.6956521739130435,Normal,0
33,12,2,0,0,9,0.0,0.2727272727272727,0,12,107,744,397,0,0,0,0,0,200,852,2,25.818181818181817,Normal,0
47,26,4,0,0,11,0.0,0.23404255319148937,0,12,102,741,397,0,0,0,0,0,401,26,2,0.5531914893617021,Normal,0
46,25,4,0,0,12,0.0,0.2608695652173913,0,12,68,696,397,0,0,0,0,0,404,31,2,0.6739130434782609,Normal,0
48,27,4,0,0,11,0.0,0.22916666666666666,0,12,69,717,397,0,0,0,0,0,404,36,2,0.75,Normal,0
49,28,4,0,0,12,0.0,0.24489795918367346,0,12,111,750,397,0,0,0,0,0,404,34,2,0.6938775510204082,Normal,0
42,21,3,0,0,10,0.0,0.23809523809523808,0,12,72,720,397,0,0,0,0,0,200,933,2,22.214285714285715,Normal,0
37,16,3,0,0,10,0.0,0.2702702702702703,0,12,112,740,397,0,0,0,0,0,404,207,2,5.594594594594595,Normal,0
76,20,3,1,3,16,0.039473684210526314,0.21052631578947367,34,12,72,709,397,0,0,0,0,0,401,41,2,0.5394736842105263,Log Forging,0
68,47,8,0,0,25,0.0,0.36764705882352944,0,12,121,760,397,0,0,0,0,0,200,54,2,0.7941176470588235,Directory Traversal,0
115,11,2,2,2,20,0.017391304347826087,0.17391304347826086,82,12,82,709,397,0,0,0,0,0,401,26,2,0.22608695652173913,SQL Injection,0
89,19,3,1,4,21,0.0449438202247191,0.23595505617977527,48,12,100,727,397,0,0,0,0,0,200,307960,2,3460.224719101124,SQL Injection,0
45,24,4,0,0,11,0.0,0.24444444444444444,0,12,72,720,397,0,0,0,0,0,200,3320,2,73.77777777777777,Normal,0
33,12,1,0,0,8,0.0,0.24242424242424243,0,13,121,1157,397,0,0,0,0,0,200,110,2,3.3333333333333335,Cookie Injection,0
33,12,1,0,0,8,0.0,0.24242424242424243,0,14,100,1053,397,0,0,0,0,0,302,211,4,6.393939393939394,Cookie Injection,1
33,12,2,0,0,9,0.0,0.2727272727272727,0,12,72,711,397,0,0,0,0,0,200,338,2,10.242424242424242,Normal,0
84,20,3,1,4,17,0.047619047619047616,0.20238095238095238,42,12,68,695,397,0,0,0,0,0,401,41,2,0.4880952380952381,Log Forging,0
37,16,3,0,0,10,0.0,0.2702702702702703,0,12,107,793,458,0,1,2,1,1,404,207,2,5.594594594594595,LOG4J,0
50,29,4,0,0,11,0.0,0.22,0,12,100,737,397,0,0,0,0,0,404,38,2,0.76,Normal,0
31,10,2,0,0,10,0.0,0.3225806451612903,0,12,101,738,397,0,0,0,0,0,200,70,2,2.2580645161290325,Normal,0
68,47,8,0,0,25,0.0,0.36764705882352944,0,12,99,747,397,0,0,0,0,0,200,54,2,0.7941176470588235,Directory Traversal,0
92,19,3,1,4,22,0.043478260869565216,0.2391304347826087,51,12,101,740,397,0,0,0,0,0,200,204,2,2.217391304347826,SQL Injection,0
44,23,4,0,0,11,0.0,0.25,0,12,99,932,584,0,1,2,1,1,404,25,2,0.5681818181818182,LOG4J,0
48,27,4,0,0,11,0.0,0.22916666666666666,0,12,72,757,436,0,1,2,1,1,404,36,2,0.75,LOG4J,0
81,60,11,0,0,37,0.0,0.4567901234567901,0,12,100,748,397,0,0,0,0,0,200,67,2,0.8271604938271605,Directory Traversal,0
110,11,2,2,2,20,0.01818181818181818,0.18181818181818182,77,12,82,728,397,0,0,0,0,0,401,26,2,0.23636363636363636,SQL Injection,0
40,19,4,0,0,11,0.0,0.275,0,12,107,735,397,0,0,0,0,0,404,31,2,0.775,Normal,0
49,28,4,0,0,12,0.0,0.24489795918367346,0,12,102,788,397,0,1,2,1,1,404,34,2,0.6938775510204082,LOG4J,0
33,12,2,0,0,9,0.0,0.2727272727272727,0,12,65,711,397,0,0,0,0,0,200,385,2,11.666666666666666,Normal,0
22,1,0,0,0,8,0.0,0.36363636363636365,0,12,69,694,397,0,0,0,0,0,200,34,2,1.5454545454545454,Normal,0
33,12,2,0,0,9,0.0,0.2727272727272727,0,12,72,752,431,0,1,2,1,1,200,1107,2,33.54545454545455,LOG4J,0
47,26,4,0,0,11,0.0,0.23404255319148937,0,12,107,755,397,0,0,0,0,0,401,26,2,0.5531914893617021,Normal,0
113,92,2,0,5,32,0.04424778761061947,0.2831858407079646,0,12,81,720,397,0,0,0,0,0,200,20,2,0.17699115044247787,RCE,0
33,12,1,0,0,8,0.0,0.24242424242424243,0,13,72,1100,397,0,0,0,0,0,200,105,2,3.1818181818181817,Cookie Injection,0
69,48,7,0,0,25,0.0,0.36231884057971014,0,12,69,717,397,0,0,0,0,0,200,55,2,0.7971014492753623,Directory Traversal,0
31,10,2,0,0,10,0.0,0.3225806451612903,0,12,68,705,397,0,0,0,0,0,200,70,2,2.2580645161290325,Normal,0
42,21,3,0,0,10,0.0,0.23809523809523808,0,12,72,709,397,0,0,0,0,0,200,933,2,22.214285714285715,Normal,0
83,20,3,1,4,17,0.04819277108433735,0.20481927710843373,41,12,65,692,397,0,0,0,0,0,401,41,2,0.4939759036144578,Log Forging,0
39,18,2,0,0,10,0.0,0.2564102564102564,0,12,107,755,397,0,0,0,0,0,200,1163,2,29.82051282051282,Normal,0
45,24,4,0,0,11,0.0,0.24444444444444444,0,12,107,753,397,0,0,0,0,0,404,207,2,4.6,Normal,0
92,19,3,1,4,21,0.043478260869565216,0.22826086956521738,51,12,66,712,397,0,0,0,0,0,200,198,2,2.152173913043478,SQL Injection,0
83,62,13,0,0,40,0.0,0.4819277108433735,0,12,107,734,397,0,0,0,0,0,200,69,2,0.8313253012048193,Directory Traversal,0
50,29,4,0,0,11,0.0,0.22,0,12,103,791,397,0,1,2,1,1,404,38,2,0.76,LOG4J,0
46,25,3,0,0,11,0.0,0.2391304347826087,0,12,68,707,397,0,0,0,0,0,200,32,2,0.6956521739130435,Normal,0
69,48,5,0,0,14,0.0,0.2028985507246377,0,12,68,693,397,0,0,0,0,0,404,207,2,3.0,Normal,0
111,11,2,2,2,20,0.018018018018018018,0.18018018018018017,78,12,107,734,397,0,0,0,0,0,401,26,2,0.23423423423423423,SQL Injection,0
110,11,2,2,2,20,0.01818181818181818,0.18181818181818182,77,12,100,725,397,0,0,0,0,0,401,26,2,0.23636363636363636,SQL Injection,0
44,23,4,0,0,11,0.0,0.25,0,12,107,744,397,0,0,0,0,0,404,25,2,0.5681818181818182,Normal,0
47,26,4,0,0,11,0.0,0.23404255319148937,0,12,65,702,397,0,0,0,0,0,401,26,2,0.5531914893617021,Normal,0
69,48,5,0,0,14,0.0,0.2028985507246377,0,12,103,740,397,0,0,0,0,0,404,207,2,3.0,Normal,0
96,19,3,1,4,22,0.041666666666666664,0.22916666666666666,55,12,77,704,397,0,0,0,0,0,200,49565,2,516.3020833333334,SQL Injection,0
45,24,4,0,0,11,0.0,0.24444444444444444,0,12,111,736,397,0,0,0,0,0,404,207,2,4.6,Normal,0
46,25,3,0,0,11,0.0,0.2391304347826087,0,12,106,743,397,0,0,0,0,0,200,32,2,0.6956521739130435,Normal,0
33,12,1,0,0,8,0.0,0.24242424242424243,0,13,107,1119,397,0,0,0,0,0,200,106,2,3.212121212121212,Cookie Injection,0
33,12,1,0,0,8,0.0,0.24242424242424243,0,13,107,1119,397,0,0,0,0,0,200,104,2,3.1515151515151514,Cookie Injection,0
125,11,2,2,2,20,0.016,0.16,92,12,106,752,397,0,0,0,0,0,401,26,2,0.208,SQL Injection,0
78,57,4,0,8,21,0.10256410256410256,0.2692307692307692,0,12,77,723,397,0,0,0,0,0,200,50,2,0.6410256410256411,RCE,0
102,11,2,2,2,20,0.0196078431372549,0.19607843137254902,69,12,69,708,397,0,0,0,0,0,401,26,2,0.2549019607843137,SQL Injection,0
45,24,4,0,0,11,0.0,0.24444444444444444,0,12,65,711,397,0,0,0,0,0,404,207,2,4.6,Normal,0
84,63,12,0,0,40,0.0,0.47619047619047616,0,12,119,765,397,0,0,0,0,0,200,70,2,0.8333333333333334,Directory Traversal,0
33,12,1,0,0,8,0.0,0.24242424242424243,0,13,108,1120,397,0,0,0,0,0,200,106,2,3.212121212121212,Cookie Injection,0
92,19,3,1,4,22,0.043478260869565216,0.2391304347826087,51,12,102,741,397,0,0,0,0,0,200,204,2,2.217391304347826,SQL Injection,0
44,23,4,0,0,11,0.0,0.25,0,12,77,705,397,0,0,0,0,0,200,3320,2,75.45454545454545,Normal,0
96,19,3,1,4,22,0.041666666666666664,0.22916666666666666,55,12,107,732,397,0,0,0,0,0,200,49565,2,516.3020833333334,SQL Injection,0
49,28,4,0,0,12,0.0,0.24489795918367346,0,12,82,710,397,0,0,0,0,0,404,34,2,0.6938775510204082,Normal,0
34,13,2,0,0,9,0.0,0.2647058823529412,0,12,81,776,464,0,1,2,1,1,404,28,2,0.8235294117647058,LOG4J,0
32,11,2,0,0,9,0.0,0.28125,0,12,77,723,397,0,0,0,0,0,200,20,2,0.625,Normal,0
34,13,2,0,0,9,0.0,0.2647058823529412,0,12,65,702,397,0,0,0,0,0,404,28,2,0.8235294117647058,Normal,0
45,24,4,0,0,11,0.0,0.24444444444444444,0,12,69,775,397,0,1,2,1,1,404,25,2,0.5555555555555556,LOG4J,0
116,11,2,2,2,20,0.017241379310344827,0.1724137931034483,83,12,105,732,397,0,0,0,0,0,401,26,2,0.22413793103448276,SQL Injection,0
46,25,4,0,0,11,0.0,0.2391304347826087,0,12,65,711,397,0,0,0,0,0,404,207,2,4.5,Normal,0
50,29,4,0,0,11,0.0,0.22,0,12,100,730,397,0,0,0,0,0,404,38,2,0.76,Normal,0
33,12,1,0,0,8,0.0,0.24242424242424243,0,13,100,1107,397,0,0,0,0,0,200,104,2,3.1515151515151514,Cookie Injection,0
45,24,4,0,0,11,0.0,0.24444444444444444,0,12,99,727,397,0,0,0,0,0,404,207,2,4.6,Normal,0
92,19,3,1,4,22,0.043478260869565216,0.2391304347826087,51,12,82,721,397,0,0,0,0,0,200,204,2,2.217391304347826,SQL Injection,0
33,12,1,0,0,8,0.0,0.24242424242424243,0,13,82,1101,397,0,0,0,0,0,200,106,2,3.212121212121212,Cookie Injection,0
33,12,1,0,0,8,0.0,0.24242424242424243,0,14,72,1016,397,0,0,0,0,0,302,211,4,6.393939393939394,Cookie Injection,1
48,27,4,0,0,11,0.0,0.22916666666666666,0,12,107,735,397,0,0,0,0,0,404,36,2,0.75,Normal,0
112,11,2,2,2,20,0.017857142857142856,0.17857142857142858,79,12,77,704,397,0,0,0,0,0,401,26,2,0.23214285714285715,SQL Injection,0
113,92,2,0,5,32,0.04424778761061947,0.2831858407079646,0,12,81,706,397,0,0,0,0,0,200,20,2,0.17699115044247787,RCE,0
39,18,2,0,0,10,0.0,0.2564102564102564,0,12,106,745,397,0,0,0,0,0,200,668,2,17.128205128205128,Normal,0
112,11,2,2,2,20,0.017857142857142856,0.17857142857142858,79,12,107,732,397,0,0,0,0,0,401,26,2,0.23214285714285715,SQL Injection,0
69,48,5,0,0,14,0.0,0.2028985507246377,0,12,72,720,397,0,0,0,0,0,404,207,2,3.0,Normal,0
77,20,3,1,3,16,0.03896103896103896,0.2077922077922078,35,12,77,702,397,0,0,0,0,0,401,41,2,0.5324675324675324,Log Forging,0
46,25,3,0,0,11,0.0,0.2391304347826087,0,12,112,801,438,0,1,2,1,1,200,32,2,0.6956521739130435,LOG4J,0
92,19,3,1,4,21,0.043478260869565216,0.22826086956521738,51,12,106,736,397,0,0,0,0,0,200,198,2,2.152173913043478,SQL Injection,0
33,12,2,0,0,9,0.0,0.2727272727272727,0,12,121,769,397,0,0,0,0,0,200,1449,2,43.90909090909091,Normal,0
47,26,4,0,0,12,0.0,0.2553191489361702,0,12,107,732,397,0,0,0,0,0,404,31,2,0.6595744680851063,Normal,0
22,1,0,0,0,8,0.0,0.36363636363636365,0,12,102,750,397,0,0,0,0,0,200,34,2,1.5454545454545454,Normal,0
33,12,1,0,0,8,0.0,0.24242424242424243,0,13,107,1116,397,0,0,0,0,0,200,104,2,3.1515151515151514,Cookie Injection,0
47,26,4,0,0,12,0.0,0.2553191489361702,0,12,107,744,397,0,0,0,0,0,404,31,2,0.6595744680851063,Normal,0
45,24,4,0,0,11,0.0,0.24444444444444444,0,12,82,712,397,0,0,0,0,0,200,3320,2,73.77777777777777,Normal,0
46,25,4,0,0,12,0.0,0.2608695652173913,0,12,72,699,397,0,0,0,0,0,404,31,2,0.6739130434782609,Normal,0
104,11,2,2,2,20,0.019230769230769232,0.19230769230769232,71,12,107,753,397,0,0,0,0,0,401,26,2,0.25,SQL Injection,0
45,24,4,0,0,11,0.0,0.24444444444444444,0,12,108,736,397,0,0,0,0,0,200,3320,2,73.77777777777777,Normal,0
49,28,4,0,0,12,0.0,0.24489795918367346,0,12,107,732,397,0,0,0,0,0,404,34,2,0.6938775510204082,Normal,0
33,12,1,0,0,8,0.0,0.24242424242424243,0,13,106,1112,397,0,0,0,0,0,200,103,2,3.121212121212121,Cookie Injection,0
33,12,1,0,0,8,0.0,0.24242424242424243,0,14,68,1007,397,0,0,0,0,0,302,211,4,6.393939393939394,Cookie Injection,1
39,18,2,0,0,10,0.0,0.2564102564102564,0,12,107,746,397,0,0,0,0,0,200,338,2,8.666666666666666,Normal,0
30,9,2,0,0,9,0.0,0.3,0,12,111,736,397,0,0,0,0,0,308,249,3,8.3,Normal,0
113,92,2,0,5,32,0.04424778761061947,0.2831858407079646,0,12,105,730,397,0,0,0,0,0,200,20,2,0.17699115044247787,RCE,0
33,12,1,0,0,8,0.0,0.24242424242424243,0,13,72,1102,397,0,0,0,0,0,200,104,2,3.1515151515151514,Cookie Injection,0
33,12,1,0,0,8,0.0,0.24242424242424243,0,13,103,1115,397,0,0,0,0,0,200,105,2,3.1818181818181817,Cookie Injection,0
78,20,3,1,3,16,0.038461538461538464,0.20512820512820512,36,12,77,704,397,0,0,0,0,0,401,41,2,0.5256410256410257,Log Forging,0
32,11,2,0,0,9,0.0,0.28125,0,12,107,734,397,0,0,0,0,0,200,20,2,0.625,Normal,0
69,48,5,0,0,14,0.0,0.2028985507246377,0,12,81,718,397,0,0,0,0,0,404,207,2,3.0,Normal,0
72,51,8,0,0,28,0.0,0.3888888888888889,0,12,72,718,397,0,0,0,0,0,200,58,2,0.8055555555555556,Directory Traversal,0
113,92,2,0,5,32,0.04424778761061947,0.2831858407079646,0,12,107,734,397,0,0,0,0,0,200,20,2,0.17699115044247787,RCE,0
107,11,2,2,2,20,0.018691588785046728,0.18691588785046728,74,12,100,730,397,0,0,0,0,0,401,26,2,0.24299065420560748,SQL Injection,0
105,11,2,2,2,20,0.01904761904761905,0.19047619047619047,72,12,121,751,397,0,0,0,0,0,401,26,2,0.24761904761904763,SQL Injection,0
78,20,3,1,3,16,0.038461538461538464,0.20512820512820512,36,12,121,760,397,0,0,0,0,0,401,41,2,0.5256410256410257,Log Forging,0
113,92,2,0,5,32,0.04424778761061947,0.2831858407079646,0,12,119,746,397,0,0,0,0,0,200,20,2,0.17699115044247787,RCE,0
48,27,4,0,0,11,0.0,0.22916666666666666,0,12,102,792,457,0,1,2,1,1,401,26,2,0.5416666666666666,LOG4J,0
31,10,2,0,0,10,0.0,0.3225806451612903,0,12,103,733,397,0,0,0,0,0,200,70,2,2.2580645161290325,Normal,0
47,26,4,0,0,11,0.0,0.23404255319148937,0,12,119,744,397,0,0,0,0,0,401,26,2,0.5531914893617021,Normal,0
32,11,2,0,0,9,0.0,0.28125,0,12,107,734,397,0,0,0,0,0,200,20,2,0.625,Normal,0
37,16,3,0,0,10,0.0,0.2702702702702703,0,12,65,695,397,0,0,0,0,0,404,207,2,5.594594594594595,Normal,0
48,27,4,0,0,11,0.0,0.22916666666666666,0,12,69,708,397,0,0,0,0,0,401,26,2,0.5416666666666666,Normal,0
78,20,3,1,3,16,0.038461538461538464,0.20512820512820512,36,12,66,694,397,0,0,0,0,0,401,41,2,0.5256410256410257,Log Forging,0
33,12,2,0,0,9,0.0,0.2727272727272727,0,12,99,736,397,0,0,0,0,0,200,940,2,28.484848484848484,Normal,0
33,12,2,0,0,9,0.0,0.2727272727272727,0,12,76,715,397,0,0,0,0,0,200,276,2,8.363636363636363,Normal,0
83,62,13,0,0,40,0.0,0.4819277108433735,0,12,76,701,397,0,0,0,0,0,200,69,2,0.8313253012048193,Directory Traversal,0
42,21,3,0,0,10,0.0,0.23809523809523808,0,12,105,732,397,0,0,0,0,0,200,933,2,22.214285714285715,Normal,0
92,19,3,1,4,21,0.043478260869565216,0.22826086956521738,51,12,68,707,397,0,0,0,0,0,200,198,2,2.152173913043478,SQL Injection,0
30,9,2,0,0,9,0.0,0.3,0,12,65,692,397,0,0,0,0,0,308,249,3,8.3,Normal,0
33,12,1,0,0,8,0.0,0.24242424242424243,0,14,106,1050,397,0,0,0,0,0,302,211,4,6.393939393939394,Cookie Injection,1
48,27,4,0,0,11,0.0,0.22916666666666666,0,12,68,755,397,0,1,2,1,1,404,36,2,0.75,LOG4J,0
74,53,10,0,0,31,0.0,0.4189189189189189,0,12,119,758,397,0,0,0,0,0,200,60,2,0.8108108108108109,Directory Traversal,0
33,12,1,0,0,8,0.0,0.24242424242424243,0,13,103,1115,397,0,0,0,0,0,200,106,2,3.212121212121212,Cookie Injection,0
46,25,3,0,0,11,0.0,0.2391304347826087,0,12,99,726,397,0,0,0,0,0,200,32,2,0.6956521739130435,Normal,0
49,28,4,0,0,12,0.0,0.24489795918367346,0,12,100,739,397,0,0,0,0,0,404,34,2,0.6938775510204082,Normal,0
78,57,4,0,8,21,0.10256410256410256,0.2692307692307692,0,12,76,701,397,0,0,0,0,0,200,50,2,0.6410256410256411,RCE,0
41,20,4,0,0,11,0.0,0.2682926829268293,0,12,65,713,397,0,0,0,0,0,200,357,2,8.707317073170731,Normal,0
33,12,1,0,0,8,0.0,0.24242424242424243,0,13,108,1136,397,0,0,0,0,0,200,104,2,3.1515151515151514,Cookie Injection,0
40,19,4,0,0,11,0.0,0.275,0,12,107,802,397,0,1,2,1,1,404,31,2,0.775,LOG4J,0
44,23,4,0,0,11,0.0,0.25,0,12,100,730,397,0,0,0,0,0,404,25,2,0.5681818181818182,Normal,0
50,29,4,0,0,11,0.0,0.22,0,12,65,692,397,0,0,0,0,0,404,38,2,0.76,Normal,0
33,12,1,0,0,8,0.0,0.24242424242424243,0,14,66,1018,397,0,0,0,0,0,302,211,4,6.393939393939394,Cookie Injection,1
93,19,3,1,4,21,0.043010752688172046,0.22580645161290322,52,12,100,739,397,0,0,0,0,0,200,32,2,0.34408602150537637,SQL Injection,0
22,1,0,0,0,8,0.0,0.36363636363636365,0,12,106,731,397,0,0,0,0,0,200,34,2,1.5454545454545454,Normal,0
109,88,2,0,4,35,0.03669724770642202,0.3211009174311927,0,12,102,732,397,0,0,0,0,0,200,48,2,0.44036697247706424,RCE,0
31,10,2,0,0,10,0.0,0.3225806451612903,0,12,77,704,397,0,0,0,0,0,200,70,2,2.2580645161290325,Normal,0
105,11,2,2,2,20,0.01904761904761905,0.19047619047619047,72,12,107,755,397,0,0,0,0,0,401,26,2,0.24761904761904763,SQL Injection,0
46,25,3,0,0,11,0.0,0.2391304347826087,0,12,77,741,434,0,1,2,1,1,200,32,2,0.6956521739130435,LOG4J,0
71,50,9,0,0,28,0.0,0.39436619718309857,0,12,107,744,397,0,0,0,0,0,200,57,2,0.8028169014084507,Directory Traversal,0
78,57,4,0,8,21,0.10256410256410256,0.2692307692307692,0,12,100,739,397,0,0,0,0,0,200,50,2,0.6410256410256411,RCE,0
46,25,3,0,0,11,0.0,0.2391304347826087,0,12,107,746,397,0,0,0,0,0,200,32,2,0.6956521739130435,Normal,0
22,1,0,0,0,8,0.0,0.36363636363636365,0,12,65,897,590,0,1,2,1,1,200,34,2,1.5454545454545454,LOG4J,0
100,11,2,2,2,20,0.02,0.2,67,12,77,723,397,0,0,0,0,0,401,26,2,0.26,SQL Injection,0
33,12,1,0,0,8,0.0,0.24242424242424243,0,13,119,1128,397,0,0,0,0,0,200,105,2,3.1818181818181817,Cookie Injection,0
109,11,2,2,2,20,0.01834862385321101,0.1834862385321101,76,12,119,767,397,0,0,0,0,0,401,26,2,0.23853211009174313,SQL Injection,0
22,1,0,0,0,8,0.0,0.36363636363636365,0,12,106,752,397,0,0,0,0,0,200,34,2,1.5454545454545454,Normal,0
32,11,2,0,0,9,0.0,0.28125,0,12,65,787,397,0,1,2,1,1,200,20,2,0.625,LOG4J,0
103,11,2,2,2,20,0.019417475728155338,0.1941747572815534,70,12,72,700,397,0,0,0,0,0,401,26,2,0.2524271844660194,SQL Injection,0
37,16,3,0,0,10,0.0,0.2702702702702703,0,12,77,725,397,0,0,0,0,0,404,207,2,5.594594594594595,Normal,0
33,12,1,0,0,8,0.0,0.24242424242424243,0,13,102,1111,397,0,0,0,0,0,200,106,2,3.212121212121212,Cookie Injection,0
42,21,3,0,0,10,0.0,0.23809523809523808,0,12,107,735,397,0,0,0,0,0,200,933,2,22.214285714285715,Normal,0
33,12,1,0,0,8,0.0,0.24242424242424243,0,14,100,1068,397,0,0,0,0,0,302,211,4,6.393939393939394,Cookie Injection,1
46,25,4,0,0,11,0.0,0.2391304347826087,0,12,101,740,397,0,0,0,0,0,404,207,2,4.5,Normal,0
81,60,11,0,0,37,0.0,0.4567901234567901,0,12,103,728,397,0,0,0,0,0,200,67,2,0.8271604938271605,Directory Traversal,0
50,29,4,0,0,11,0.0,0.22,0,12,107,753,397,0,0,0,0,0,404,38,2,0.76,Normal,0
40,19,4,0,0,11,0.0,0.275,0,12,111,748,397,0,0,0,0,0,404,31,2,0.775,Normal,0
33,12,1,0,0,8,0.0,0.24242424242424243,0,13,107,1117,397,0,0,0,0,0,200,105,2,3.1818181818181817,Cookie Injection,0
48,27,4,0,0,11,0.0,0.22916666666666666,0,12,107,744,397,0,0,0,0,0,401,26,2,0.5416666666666666,Normal,0
33,12,1,0,0,8,0.0,0.24242424242424243,0,14,105,1075,397,0,0,0,0,0,302,211,4,6.393939393939394,Cookie Injection,1
84,20,3,1,4,17,0.047619047619047616,0.20238095238095238,42,12,77,725,397,0,0,0,0,0,401,41,2,0.4880952380952381,Log Forging,0
109,11,2,2,2,20,0.01834862385321101,0.1834862385321101,76,12,111,738,397,0,0,0,0,0,401,26,2,0.23853211009174313,SQL Injection,0
44,23,4,0,0,11,0.0,0.25,0,12,76,713,397,0,0,0,0,0,404,25,2,0.5681818181818182,Normal,0
33,12,1,0,0,8,0.0,0.24242424242424243,0,14,100,1039,397,0,0,0,0,0,302,211,4,6.393939393939394,Cookie Injection,1
39,18,2,0,0,10,0.0,0.2564102564102564,0,12,77,723,397,0,0,0,0,0,200,1163,2,29.82051282051282,Normal,0
69,48,5,0,0,14,0.0,0.2028985507246377,0,12,119,767,397,0,0,0,0,0,404,207,2,3.0,Normal,0
33,12,1,0,0,8,0.0,0.24242424242424243,0,14,66,1007,397,0,0,0,0,0,302,211,4,6.393939393939394,Cookie Injection,1
105,11,2,2,2,20,0.01904761904761905,0.19047619047619047,72,12,119,767,397,0,0,0,0,0,401,26,2,0.24761904761904763,SQL Injection,0
91,19,3,1,4,21,0.04395604395604396,0.23076923076923078,50,12,107,732,397,0,0,0,0,0,200,24,2,0.26373626373626374,SQL Injection,0
33,12,1,0,0,8,0.0,0.24242424242424243,0,13,100,1106,397,0,0,0,0,0,200,103,2,3.121212121212121,Cookie Injection,0
74,53,10,0,0,31,0.0,0.4189189189189189,0,12,107,746,397,0,0,0,0,0,200,60,2,0.8108108108108109,Directory Traversal,0
22,1,0,0,0,8,0.0,0.36363636363636365,0,12,77,725,397,0,0,0,0,0,200,34,2,1.5454545454545454,Normal,0
31,10,2,0,0,10,0.0,0.3225806451612903,0,12,107,814,456,0,1,2,1,1,200,70,2,2.2580645161290325,LOG4J,0
91,19,3,1,4,21,0.04395604395604396,0.23076923076923078,50,12,66,703,397,0,0,0,0,0,200,24,2,0.26373626373626374,SQL Injection,0
22,1,0,0,0,8,0.0,0.36363636363636365,0,12,77,705,397,0,0,0,0,0,200,34,2,1.5454545454545454,Normal,0
89,19,3,1,4,21,0.0449438202247191,0.23595505617977527,48,12,99,727,397,0,0,0,0,0,200,307960,2,3460.224719101124,SQL Injection,0
118,11,2,2,2,20,0.01694915254237288,0.1694915254237288,85,12,66,712,397,0,0,0,0,0,401,26,2,0.22033898305084745,SQL Injection,0
42,21,3,0,0,10,0.0,0.23809523809523808,0,12,65,695,397,0,0,0,0,0,200,933,2,22.214285714285715,Normal,0
89,19,3,1,4,21,0.0449438202247191,0.23595505617977527,48,12,107,746,397,0,0,0,0,0,200,307960,2,3460.224719101124,SQL Injection,0
44,23,4,0,0,11,0.0,0.25,0,12,106,731,397,0,0,0,0,0,200,3320,2,75.45454545454545,Normal,0
37,16,3,0,0,10,0.0,0.2702702702702703,0,12,66,705,397,0,0,0,0,0,404,207,2,5.594594594594595,Normal,0
44,23,4,0,0,11,0.0,0.25,0,12,106,731,397,0,0,0,0,0,404,25,2,0.5681818181818182,Normal,0
46,25,4,0,0,12,0.0,0.2608695652173913,0,12,112,737,397,0,0,0,0,0,404,31,2,0.6739130434782609,Normal,0
93,19,3,1,4,21,0.043010752688172046,0.22580645161290322,52,12,103,740,397,0,0,0,0,0,200,32,2,0.34408602150537637,SQL Injection,0
37,16,3,0,0,10,0.0,0.2702702702702703,0,12,102,732,397,0,0,0,0,0,404,207,2,5.594594594594595,Normal,0
113,92,2,0,5,32,0.04424778761061947,0.2831858407079646,0,12,72,711,397,0,0,0,0,0,200,20,2,0.17699115044247787,RCE,0
71,50,9,0,0,28,0.0,0.39436619718309857,0,12,105,730,397,0,0,0,0,0,200,57,2,0.8028169014084507,Directory Traversal,0
33,12,1,0,0,8,0.0,0.24242424242424243,0,13,108,1115,397,0,0,0,0,0,200,106,2,3.212121212121212,Cookie Injection,0
78,57,4,0,8,21,0.10256410256410256,0.2692307692307692,0,12,107,732,397,0,0,0,0,0,200,50,2,0.6410256410256411,RCE,0
33,12,2,0,0,9,0.0,0.2727272727272727,0,12,100,737,397,0,0,0,0,0,404,28,2,0.8484848484848485,Normal,0
33,12,1,0,0,8,0.0,0.24242424242424243,0,13,107,1119,397,0,0,0,0,0,200,104,2,3.1515151515151514,Cookie Injection,0
39,18,2,0,0,10,0.0,0.2564102564102564,0,12,77,704,397,0,0,0,0,0,200,3719,2,95.35897435897436,Normal,0
46,25,4,0,0,11,0.0,0.2391304347826087,0,12,107,734,397,0,0,0,0,0,404,207,2,4.5,Normal,0
47,26,4,0,0,12,0.0,0.2553191489361702,0,12,82,728,397,0,0,0,0,0,404,31,2,0.6595744680851063,Normal,0
46,25,4,0,0,11,0.0,0.2391304347826087,0,12,112,758,397,0,0,0,0,0,404,207,2,4.5,Normal,0
22,1,0,0,0,8,0.0,0.36363636363636365,0,12,66,712,397,0,0,0,0,0,200,34,2,1.5454545454545454,Normal,0
46,25,3,0,0,11,0.0,0.2391304347826087,0,12,100,770,439,0,1,2,1,1,200,32,2,0.6956521739130435,LOG4J,0
33,12,1,0,0,8,0.0,0.24242424242424243,0,13,103,1115,397,0,0,0,0,0,200,105,2,3.1818181818181817,Cookie Injection,0
46,25,3,0,0,11,0.0,0.2391304347826087,0,12,105,730,397,0,0,0,0,0,200,32,2,0.6956521739130435,Normal,0
46,25,4,0,0,12,0.0,0.2608695652173913,0,12,107,814,397,0,1,2,1,1,404,31,2,0.6739130434782609,LOG4J,0
78,57,4,0,8,21,0.10256410256410256,0.2692307692307692,0,12,100,727,397,0,0,0,0,0,200,50,2,0.6410256410256411,RCE,0
69,48,5,0,0,14,0.0,0.2028985507246377,0,12,112,737,397,0,0,0,0,0,404,207,2,3.0,Normal,0
37,16,3,0,0,10,0.0,0.2702702702702703,0,12,82,730,397,0,0,0,0,0,404,207,2,5.594594594594595,Normal,0
113,92,2,0,5,32,0.04424778761061947,0.2831858407079646,0,12,119,767,397,0,0,0,0,0,200,20,2,0.17699115044247787,RCE,0
100,11,2,2,2,20,0.02,0.2,67,12,100,725,397,0,0,0,0,0,401,26,2,0.26,SQL Injection,0
75,54,9,0,0,31,0.0,0.41333333333333333,0,12,69,717,397,0,0,0,0,0,200,61,2,0.8133333333333334,Directory Traversal,0
74,20,3,1,3,16,0.04054054054054054,0.21621621621621623,32,12,72,697,397,0,0,0,0,0,401,41,2,0.5540540540540541,Log Forging,0
32,11,2,0,0,9,0.0,0.28125,0,12,68,797,397,0,1,2,1,1,200,20,2,0.625,LOG4J,0
50,29,4,0,0,11,0.0,0.22,0,12,81,727,397,0,0,0,0,0,404,38,2,0.76,Normal,0
33,12,1,0,0,8,0.0,0.24242424242424243,0,13,107,1126,397,0,0,0,0,0,200,105,2,3.1818181818181817,Cookie Injection,0
49,28,4,0,0,11,0.0,0.22448979591836735,0,12,66,703,397,0,0,0,0,0,404,36,2,0.7346938775510204,Normal,0
33,12,2,0,0,9,0.0,0.2727272727272727,0,12,65,692,397,0,0,0,0,0,200,1163,2,35.24242424242424,Normal,0
33,12,1,0,0,8,0.0,0.24242424242424243,0,13,69,1076,397,0,0,0,0,0,200,105,2,3.1818181818181817,Cookie Injection,0
22,1,0,0,0,8,0.0,0.36363636363636365,0,12,103,728,397,0,0,0,0,0,200,34,2,1.5454545454545454,Normal,0
93,19,3,1,4,21,0.043010752688172046,0.22580645161290322,52,12,107,755,397,0,0,0,0,0,200,32,2,0.34408602150537637,SQL Injection,0
33,12,2,0,0,9,0.0,0.2727272727272727,0,12,107,737,397,0,0,0,0,0,404,28,2,0.8484848484848485,Normal,0
47,26,4,0,0,11,0.0,0.23404255319148937,0,12,121,749,397,0,0,0,0,0,404,207,2,4.404255319148936,Normal,0
22,1,0,0,0,8,0.0,0.36363636363636365,0,12,72,700,397,0,0,0,0,0,200,34,2,1.5454545454545454,Normal,0
45,24,4,0,0,11,0.0,0.24444444444444444,0,12,107,735,397,0,0,0,0,0,404,207,2,4.6,Normal,0
104,11,2,2,2,20,0.019230769230769232,0.19230769230769232,71,12,65,704,397,0,0,0,0,0,401,26,2,0.25,SQL Injection,0
106,11,2,2,2,20,0.018867924528301886,0.18867924528301888,73,12,112,751,397,0,0,0,0,0,401,26,2,0.24528301886792453,SQL Injection,0
44,23,4,0,0,11,0.0,0.25,0,12,65,690,397,0,0,0,0,0,404,25,2,0.5681818181818182,Normal,0
75,20,3,1,3,16,0.04,0.21333333333333335,33,12,112,739,397,0,0,0,0,0,401,41,2,0.5466666666666666,Log Forging,0
80,20,3,1,3,16,0.0375,0.2,38,12,69,715,397,0,0,0,0,0,401,41,2,0.5125,Log Forging,0
37,16,3,0,0,10,0.0,0.2702702702702703,0,12,66,742,446,0,1,2,1,1,404,207,2,5.594594594594595,LOG4J,0
77,56,11,0,0,34,0.0,0.44155844155844154,0,12,107,737,397,0,0,0,0,0,200,63,2,0.8181818181818182,Directory Traversal,0
107,11,2,2,2,20,0.018691588785046728,0.18691588785046728,74,12,100,725,397,0,0,0,0,0,401,26,2,0.24299065420560748,SQL Injection,0
109,88,2,0,4,35,0.03669724770642202,0.3211009174311927,0,12,72,720,397,0,0,0,0,0,200,48,2,0.44036697247706424,RCE,0
39,18,2,0,0,10,0.0,0.2564102564102564,0,12,72,709,397,0,0,0,0,0,200,376,2,9.64102564102564,Normal,0
77,20,3,1,3,16,0.03896103896103896,0.2077922077922078,35,12,112,749,397,0,0,0,0,0,401,41,2,0.5324675324675324,Log Forging,0
33,12,1,0,0,8,0.0,0.24242424242424243,0,13,72,1100,397,0,0,0,0,0,200,105,2,3.1818181818181817,Cookie Injection,0
74,53,10,0,0,31,0.0,0.4189189189189189,0,12,66,691,397,0,0,0,0,0,200,60,2,0.8108108108108109,Directory Traversal,0
49,28,4,0,0,12,0.0,0.24489795918367346,0,12,107,753,397,0,0,0,0,0,404,34,2,0.6938775510204082,Normal,0
80,20,3,1,3,16,0.0375,0.2,38,12,99,747,397,0,0,0,0,0,401,41,2,0.5125,Log Forging,0
84,63,12,0,0,40,0.0,0.47619047619047616,0,12,72,711,397,0,0,0,0,0,200,70,2,0.8333333333333334,Directory Traversal,0
44,23,4,0,0,11,0.0,0.25,0,12,66,694,397,0,0,0,0,0,200,3320,2,75.45454545454545,Normal,0
83,20,3,1,4,17,0.04819277108433735,0.20481927710843373,41,12,107,753,397,0,0,0,0,0,401,41,2,0.4939759036144578,Log Forging,0
32,11,2,0,0,9,0.0,0.28125,0,12,72,720,397,0,0,0,0,0,200,20,2,0.625,Normal,0
46,25,3,0,0,11,0.0,0.2391304347826087,0,12,107,788,441,0,1,2,1,1,200,32,2,0.6956521739130435,LOG4J,0
33,12,2,0,0,9,0.0,0.2727272727272727,0,12,107,796,449,0,1,2,1,1,200,1162,2,35.21212121212121,LOG4J,0
89,19,3,1,4,21,0.0449438202247191,0.23595505617977527,48,12,100,737,397,0,0,0,0,0,200,307960,2,3460.224719101124,SQL Injection,0
33,12,1,0,0,8,0.0,0.24242424242424243,0,13,65,1072,397,0,0,0,0,0,200,104,2,3.1515151515151514,Cookie Injection,0
33,12,1,0,0,8,0.0,0.24242424242424243,0,14,107,1051,397,0,0,0,0,0,302,211,4,6.393939393939394,Cookie Injection,1
41,20,4,0,0,11,0.0,0.2682926829268293,0,12,77,716,397,0,0,0,0,0,200,349,2,8.512195121951219,Normal,0
49,28,4,0,0,12,0.0,0.24489795918367346,0,12,107,753,397,0,0,0,0,0,404,34,2,0.6938775510204082,Normal,0
109,88,2,0,4,35,0.03669724770642202,0.3211009174311927,0,12,99,724,397,0,0,0,0,0,200,48,2,0.44036697247706424,RCE,0
40,19,4,0,0,11,0.0,0.275,0,12,77,705,397,0,0,0,0,0,404,31,2,0.775,Normal,0
113,92,2,0,5,32,0.04424778761061947,0.2831858407079646,0,12,68,696,397,0,0,0,0,0,200,20,2,0.17699115044247787,RCE,0
45,24,4,0,0,11,0.0,0.24444444444444444,0,12,107,755,397,0,0,0,0,0,404,207,2,4.6,Normal,0
33,12,1,0,0,8,0.0,0.24242424242424243,0,13,77,1087,397,0,0,0,0,0,200,104,2,3.1515151515151514,Cookie Injection,0
77,20,3,1,3,16,0.03896103896103896,0.2077922077922078,35,12,72,709,397,0,0,0,0,0,401,41,2,0.5324675324675324,Log Forging,0
96,19,3,1,4,22,0.041666666666666664,0.22916666666666666,55,12,107,735,397,0,0,0,0,0,200,49565,2,516.3020833333334,SQL Injection,0
44,23,4,0,0,11,0.0,0.25,0,12,108,745,397,0,0,0,0,0,404,25,2,0.5681818181818182,Normal,0
39,18,2,0,0,10,0.0,0.2564102564102564,0,12,72,711,397,0,0,0,0,0,200,1091,2,27.974358974358974,Normal,0
96,19,3,1,4,22,0.041666666666666664,0.22916666666666666,55,12,66,693,397,0,0,0,0,0,200,49565,2,516.3020833333334,SQL Injection,0
46,25,3,0,0,11,0.0,0.2391304347826087,0,12,107,746,397,0,0,0,0,0,200,32,2,0.6956521739130435,Normal,0
33,12,1,0,0,8,0.0,0.24242424242424243,0,13,102,1132,397,0,0,0,0,0,200,106,2,3.212121212121212,Cookie Injection,0
33,12,2,0,0,9,0.0,0.2727272727272727,0,12,65,693,397,0,0,0,0,0,200,664,2,20.12121212121212,Normal,0
30,9,2,0,0,9,0.0,0.3,0,12,72,697,397,0,0,0,0,0,308,249,3,8.3,Normal,0
22,1,0,0,0,8,0.0,0.36363636363636365,0,12,101,729,397,0,0,0,0,0,200,34,2,1.5454545454545454,Normal,0
46,25,4,0,0,11,0.0,0.2391304347826087,0,12,81,709,397,0,0,0,0,0,404,207,2,4.5,Normal,0
44,23,4,0,0,11,0.0,0.25,0,12,65,711,397,0,0,0,0,0,200,3320,2,75.45454545454545,Normal,0
46,25,4,0,0,11,0.0,0.2391304347826087,0,12,107,755,397,0,0,0,0,0,404,207,2,4.5,Normal,0
107,11,2,2,2,20,0.018691588785046728,0.18691588785046728,74,12,77,702,397,0,0,0,0,0,401,26,2,0.24299065420560748,SQL Injection,0
78,57,4,0,8,21,0.10256410256410256,0.2692307692307692,0,12,119,749,397,0,0,0,0,0,200,50,2,0.6410256410256411,RCE,0
37,16,3,0,0,10,0.0,0.2702702702702703,0,12,107,732,397,0,0,0,0,0,404,207,2,5.594594594594595,Normal,0
51,30,4,0,0,11,0.0,0.21568627450980393,0,12,107,755,397,0,0,0,0,0,404,38,2,0.7450980392156863,Normal,0
30,9,2,0,0,9,0.0,0.3,0,12,107,755,397,0,0,0,0,0,308,249,3,8.3,Normal,0
108,11,2,2,2,20,0.018518518518518517,0.18518518518518517,75,12,99,727,397,0,0,0,0,0,401,26,2,0.24074074074074073,SQL Injection,0
77,56,11,0,0,34,0.0,0.44155844155844154,0,12,65,690,397,0,0,0,0,0,200,63,2,0.8181818181818182,Directory Traversal,0
105,11,2,2,2,20,0.01904761904761905,0.19047619047619047,72,12,76,724,397,0,0,0,0,0,401,26,2,0.24761904761904763,SQL Injection,0
48,27,4,0,0,11,0.0,0.22916666666666666,0,12,107,746,397,0,0,0,0,0,404,36,2,0.75,Normal,0
46,25,4,0,0,12,0.0,0.2608695652173913,0,12,72,700,397,0,0,0,0,0,404,31,2,0.6739130434782609,Normal,0
33,12,1,0,0,8,0.0,0.24242424242424243,0,14,107,1049,397,0,0,0,0,0,302,211,4,6.393939393939394,Cookie Injection,1
76,20,3,1,3,16,0.039473684210526314,0.21052631578947367,34,12,81,727,397,0,0,0,0,0,401,41,2,0.5394736842105263,Log Forging,0
33,12,1,0,0,8,0.0,0.24242424242424243,0,14,100,1061,397,0,0,0,0,0,302,211,4,6.393939393939394,Cookie Injection,1
91,19,3,1,4,21,0.04395604395604396,0.23076923076923078,50,12,77,704,397,0,0,0,0,0,200,24,2,0.26373626373626374,SQL Injection,0
37,16,3,0,0,10,0.0,0.2702702702702703,0,12,111,748,397,0,0,0,0,0,404,207,2,5.594594594594595,Normal,0
84,20,3,1,4,17,0.047619047619047616,0.20238095238095238,42,12,65,695,397,0,0,0,0,0,401,41,2,0.4880952380952381,Log Forging,0
33,12,1,0,0,8,0.0,0.24242424242424243,0,13,65,1095,397,0,0,0,0,0,200,105,2,3.1818181818181817,Cookie Injection,0
33,12,1,0,0,8,0.0,0.24242424242424243,0,14,72,1023,397,0,0,0,0,0,302,211,4,6.393939393939394,Cookie Injection,1
96,19,3,1,4,22,0.041666666666666664,0.22916666666666666,55,12,111,759,397,0,0,0,0,0,200,49565,2,516.3020833333334,SQL Injection,0
33,12,1,0,0,8,0.0,0.24242424242424243,0,13,72,1079,397,0,0,0,0,0,200,106,2,3.212121212121212,Cookie Injection,0
110,11,2,2,2,20,0.01818181818181818,0.18181818181818182,77,12,77,704,397,0,0,0,0,0,401,26,2,0.23636363636363636,SQL Injection,0
80,20,3,1,3,16,0.0375,0.2,38,12,65,692,397,0,0,0,0,0,401,41,2,0.5125,Log Forging,0
111,11,2,2,2,20,0.018018018018018018,0.18018018018018017,78,12,107,735,397,0,0,0,0,0,401,26,2,0.23423423423423423,SQL Injection,0
76,20,3,1,3,16,0.039473684210526314,0.21052631578947367,34,12,102,732,397,0,0,0,0,0,401,41,2,0.5394736842105263,Log Forging,0
46,25,4,0,0,12,0.0,0.2608695652173913,0,12,77,705,397,0,0,0,0,0,404,31,2,0.6739130434782609,Normal,0
33,12,1,0,0,8,0.0,0.24242424242424243,0,14,107,1049,397,0,0,0,0,0,302,211,4,6.393939393939394,Cookie Injection,1
22,1,0,0,0,8,0.0,0.36363636363636365,0,12,108,736,397,0,0,0,0,0,200,34,2,1.5454545454545454,Normal,0
39,18,2,0,0,10,0.0,0.2564102564102564,0,12,107,746,397,0,0,0,0,0,200,1163,2,29.82051282051282,Normal,0
93,19,3,1,4,21,0.043010752688172046,0.22580645161290322,52,12,68,693,397,0,0,0,0,0,200,32,2,0.34408602150537637,SQL Injection,0
42,21,3,0,0,10,0.0,0.23809523809523808,0,12,100,739,397,0,0,0,0,0,200,933,2,22.214285714285715,Normal,0
39,18,2,0,0,10,0.0,0.2564102564102564,0,12,119,767,397,0,0,0,0,0,200,2071,2,53.1025641025641,Normal,0
42,21,3,0,0,10,0.0,0.23809523809523808,0,12,107,734,397,0,0,0,0,0,200,933,2,22.214285714285715,Normal,0
39,18,2,0,0,10,0.0,0.2564102564102564,0,12,72,709,397,0,0,0,0,0,200,350,2,8.974358974358974,Normal,0
33,12,2,0,0,9,0.0,0.2727272727272727,0,12,72,718,397,0,0,0,0,0,404,28,2,0.8484848484848485,Normal,0
78,57,4,0,8,21,0.10256410256410256,0.2692307692307692,0,12,112,760,397,0,0,0,0,0,200,50,2,0.6410256410256411,RCE,0
46,25,4,0,0,12,0.0,0.2608695652173913,0,12,100,739,397,0,0,0,0,0,404,31,2,0.6739130434782609,Normal,0
33,12,1,0,0,8,0.0,0.24242424242424243,0,14,121,1062,397,0,0,0,0,0,302,211,4,6.393939393939394,Cookie Injection,1
47,26,4,0,0,11,0.0,0.23404255319148937,0,12,121,758,397,0,0,0,0,0,401,26,2,0.5531914893617021,Normal,0
113,92,2,0,5,32,0.04424778761061947,0.2831858407079646,0,12,77,716,397,0,0,0,0,0,200,20,2,0.17699115044247787,RCE,0
45,24,4,0,0,11,0.0,0.24444444444444444,0,12,72,700,397,0,0,0,0,0,404,207,2,4.6,Normal,0
33,12,2,0,0,9,0.0,0.2727272727272727,0,12,99,745,397,0,0,0,0,0,404,28,2,0.8484848484848485,Normal,0
68,47,8,0,0,25,0.0,0.36764705882352944,0,12,101,738,397,0,0,0,0,0,200,54,2,0.7941176470588235,Directory Traversal,0
81,60,11,0,0,37,0.0,0.4567901234567901,0,12,100,728,397,0,0,0,0,0,200,67,2,0.8271604938271605,Directory Traversal,0
48,27,4,0,0,11,0.0,0.22916666666666666,0,12,65,713,397,0,0,0,0,0,404,36,2,0.75,Normal,0
76,20,3,1,3,16,0.039473684210526314,0.21052631578947367,34,12,72,718,397,0,0,0,0,0,401,41,2,0.5394736842105263,Log Forging,0
42,21,3,0,0,10,0.0,0.23809523809523808,0,12,121,746,397,0,0,0,0,0,200,933,2,22.214285714285715,Normal,0
33,12,2,0,0,9,0.0,0.2727272727272727,0,12,107,744,397,0,0,0,0,0,404,28,2,0.8484848484848485,Normal,0
31,10,2,0,0,10,0.0,0.3225806451612903,0,12,100,746,397,0,0,0,0,0,200,70,2,2.2580645161290325,Normal,0
45,24,4,0,0,11,0.0,0.24444444444444444,0,12,82,707,397,0,0,0,0,0,404,207,2,4.6,Normal,0
110,11,2,2,2,20,0.01818181818181818,0.18181818181818182,77,12,107,734,397,0,0,0,0,0,401,26,2,0.23636363636363636,SQL Injection,0
33,12,1,0,0,8,0.0,0.24242424242424243,0,14,77,1019,397,0,0,0,0,0,302,211,4,6.393939393939394,Cookie Injection,1
39,18,2,0,0,10,0.0,0.2564102564102564,0,12,112,740,397,0,0,0,0,0,200,852,2,21.846153846153847,Normal,0
32,11,2,0,0,9,0.0,0.28125,0,12,108,747,397,0,0,0,0,0,200,20,2,0.625,Normal,0
80,59,12,0,0,37,0.0,0.4625,0,12,77,723,397,0,0,0,0,0,200,66,2,0.825,Directory Traversal,0
69,48,5,0,0,14,0.0,0.2028985507246377,0,12,82,721,397,0,0,0,0,0,404,207,2,3.0,Normal,0
78,57,4,0,8,21,0.10256410256410256,0.2692307692307692,0,12,77,707,397,0,0,0,0,0,200,50,2,0.6410256410256411,RCE,0
112,11,2,2,2,20,0.017857142857142856,0.17857142857142858,79,12,107,755,397,0,0,0,0,0,401,26,2,0.23214285714285715,SQL Injection,0
116,11,2,2,2,20,0.017241379310344827,0.1724137931034483,83,12,119,747,397,0,0,0,0,0,401,26,2,0.22413793103448276,SQL Injection,0
33,12,1,0,0,8,0.0,0.24242424242424243,0,14,77,1030,397,0,0,0,0,0,302,211,4,6.393939393939394,Cookie Injection,1
46,25,3,0,0,11,0.0,0.2391304347826087,0,12,107,734,397,0,0,0,0,0,200,32,2,0.6956521739130435,Normal,0
47,26,4,0,0,11,0.0,0.23404255319148937,0,12,77,780,397,0,1,2,1,1,401,26,2,0.5531914893617021,LOG4J,0
75,54,9,0,0,31,0.0,0.41333333333333333,0,12,101,726,397,0,0,0,0,0,200,61,2,0.8133333333333334,Directory Traversal,0
22,1,0,0,0,8,0.0,0.36363636363636365,0,12,100,746,397,0,0,0,0,0,200,34,2,1.5454545454545454,Normal,0
22,1,0,0,0,8,0.0,0.36363636363636365,0,12,77,723,397,0,0,0,0,0,200,34,2,1.5454545454545454,Normal,0
44,23,4,0,0,11,0.0,0.25,0,12,119,756,397,0,0,0,0,0,404,25,2,0.5681818181818182,Normal,0
80,59,12,0,0,37,0.0,0.4625,0,12,107,744,397,0,0,0,0,0,200,66,2,0.825,Directory Traversal,0
33,12,1,0,0,8,0.0,0.24242424242424243,0,14,111,1055,397,0,0,0,0,0,302,211,4,6.393939393939394,Cookie Injection,1
44,23,4,0,0,11,0.0,0.25,0,12,77,707,397,0,0,0,0,0,200,3320,2,75.45454545454545,Normal,0
86,20,3,1,4,17,0.046511627906976744,0.19767441860465115,44,12,69,717,397,0,0,0,0,0,401,41,2,0.47674418604651164,Log Forging,0
46,25,4,0,0,11,0.0,0.2391304347826087,0,12,105,763,397,0,1,2,1,1,404,207,2,4.5,LOG4J,0
46,25,3,0,0,11,0.0,0.2391304347826087,0,12,102,780,436,0,1,2,1,1,200,32,2,0.6956521739130435,LOG4J,0
37,16,3,0,0,10,0.0,0.2702702702702703,0,12,69,787,397,0,1,2,1,1,404,207,2,5.594594594594595,LOG4J,0
47,26,4,0,0,12,0.0,0.2553191489361702,0,12,82,721,397,0,0,0,0,0,404,31,2,0.6595744680851063,Normal,0
69,48,5,0,0,14,0.0,0.2028985507246377,0,12,101,726,397,0,0,0,0,0,404,207,2,3.0,Normal,0
48,27,4,0,0,11,0.0,0.22916666666666666,0,12,65,713,397,0,0,0,0,0,401,26,2,0.5416666666666666,Normal,0
33,12,1,0,0,8,0.0,0.24242424242424243,0,13,72,1079,397,0,0,0,0,0,200,104,2,3.1515151515151514,Cookie Injection,0
33,12,1,0,0,8,0.0,0.24242424242424243,0,13,121,1127,397,0,0,0,0,0,200,103,2,3.121212121212121,Cookie Injection,0
47,26,4,0,0,11,0.0,0.23404255319148937,0,12,100,788,437,0,1,2,1,1,401,26,2,0.5531914893617021,LOG4J,0
33,12,1,0,0,8,0.0,0.24242424242424243,0,14,77,1016,397,0,0,0,0,0,302,211,4,6.393939393939394,Cookie Injection,1
33,12,1,0,0,8,0.0,0.24242424242424243,0,14,111,1046,397,0,0,0,0,0,302,211,4,6.393939393939394,Cookie Injection,1
33,12,2,0,0,9,0.0,0.2727272727272727,0,12,103,731,397,0,0,0,0,0,404,28,2,0.8484848484848485,Normal,0
113,92,2,0,5,32,0.04424778761061947,0.2831858407079646,0,12,101,728,397,0,0,0,0,0,200,20,2,0.17699115044247787,RCE,0
48,27,4,0,0,11,0.0,0.22916666666666666,0,12,121,835,397,0,1,2,1,1,404,36,2,0.75,LOG4J,0
48,27,4,0,0,11,0.0,0.22916666666666666,0,12,107,746,397,0,0,0,0,0,404,36,2,0.75,Normal,0
46,25,4,0,0,11,0.0,0.2391304347826087,0,12,106,745,397,0,0,0,0,0,404,207,2,4.5,Normal,0
32,11,2,0,0,9,0.0,0.28125,0,12,77,784,397,0,1,2,1,1,200,20,2,0.625,LOG4J,0
50,29,4,0,0,11,0.0,0.22,0,12,72,699,397,0,0,0,0,0,404,38,2,0.76,Normal,0
78,20,3,1,3,16,0.038461538461538464,0.20512820512820512,36,12,72,699,397,0,0,0,0,0,401,41,2,0.5256410256410257,Log Forging,0
113,92,2,0,5,32,0.04424778761061947,0.2831858407079646,0,12,107,753,397,0,0,0,0,0,200,20,2,0.17699115044247787,RCE,0
33,12,1,0,0,8,0.0,0.24242424242424243,0,14,72,1024,397,0,0,0,0,0,302,211,4,6.393939393939394,Cookie Injection,1
102,11,2,2,2,20,0.0196078431372549,0.19607843137254902,69,12,77,707,397,0,0,0,0,0,401,26,2,0.2549019607843137,SQL Injection,0
45,24,4,0,0,11,0.0,0.24444444444444444,0,12,112,749,397,0,0,0,0,0,404,207,2,4.6,Normal,0
33,12,1,0,0,8,0.0,0.24242424242424243,0,13,68,1098,397,0,0,0,0,0,200,105,2,3.1818181818181817,Cookie Injection,0
96,19,3,1,4,22,0.041666666666666664,0.22916666666666666,55,12,99,747,397,0,0,0,0,0,200,49565,2,516.3020833333334,SQL Injection,0
50,29,4,0,0,12,0.0,0.24,0,12,69,706,397,0,0,0,0,0,404,34,2,0.68,Normal,0
116,11,2,2,2,20,0.017241379310344827,0.1724137931034483,83,12,72,699,397,0,0,0,0,0,401,26,2,0.22413793103448276,SQL Injection,0
69,48,5,0,0,14,0.0,0.2028985507246377,0,12,107,746,397,0,0,0,0,0,404,207,2,3.0,Normal,0
46,25,4,0,0,12,0.0,0.2608695652173913,0,12,107,753,397,0,0,0,0,0,404,31,2,0.6739130434782609,Normal,0
37,16,3,0,0,10,0.0,0.2702702702702703,0,12,106,978,397,0,1,2,1,1,404,207,2,5.594594594594595,LOG4J,0
105,11,2,2,2,20,0.01904761904761905,0.19047619047619047,72,12,112,742,397,0,0,0,0,0,401,26,2,0.24761904761904763,SQL Injection,0
33,12,2,0,0,9,0.0,0.2727272727272727,0,12,77,707,397,0,0,0,0,0,200,3719,2,112.6969696969697,Normal,0
33,12,2,0,0,9,0.0,0.2727272727272727,0,12,77,707,397,0,0,0,0,0,200,2666,2,80.78787878787878,Normal,0
46,25,4,0,0,11,0.0,0.2391304347826087,0,12,72,700,397,0,0,0,0,0,404,207,2,4.5,Normal,0
33,12,1,0,0,8,0.0,0.24242424242424243,0,13,111,1123,397,0,0,0,0,0,200,106,2,3.212121212121212,Cookie Injection,0
49,28,4,0,0,11,0.0,0.22448979591836735,0,12,112,737,397,0,0,0,0,0,404,36,2,0.7346938775510204,Normal,0
74,20,3,1,3,16,0.04054054054054054,0.21621621621621623,32,12,69,706,397,0,0,0,0,0,401,41,2,0.5540540540540541,Log Forging,0
48,27,4,0,0,11,0.0,0.22916666666666666,0,12,77,705,397,0,0,0,0,0,404,36,2,0.75,Normal,0
46,25,4,0,0,12,0.0,0.2608695652173913,0,12,112,737,397,0,0,0,0,0,404,31,2,0.6739130434782609,Normal,0
45,24,4,0,0,11,0.0,0.24444444444444444,0,12,105,751,397,0,0,0,0,0,404,207,2,4.6,Normal,0
113,92,2,0,5,32,0.04424778761061947,0.2831858407079646,0,12,77,714,397,0,0,0,0,0,200,20,2,0.17699115044247787,RCE,0
47,26,4,0,0,11,0.0,0.23404255319148937,0,12,77,746,397,0,1,2,1,1,401,26,2,0.5531914893617021,LOG4J,0
33,12,2,0,0,9,0.0,0.2727272727272727,0,12,108,858,499,0,1,2,1,1,200,664,2,20.12121212121212,LOG4J,0
33,12,1,0,0,8,0.0,0.24242424242424243,0,14,68,1028,397,0,0,0,0,0,302,211,4,6.393939393939394,Cookie Injection,1
33,12,2,0,0,9,0.0,0.2727272727272727,0,12,65,704,397,0,0,0,0,0,200,213,2,6.454545454545454,Normal,0
102,11,2,2,2,20,0.0196078431372549,0.19607843137254902,69,12,107,746,397,0,0,0,0,0,401,26,2,0.2549019607843137,SQL Injection,0
78,20,3,1,3,16,0.038461538461538464,0.20512820512820512,36,12,119,756,397,0,0,0,0,0,401,41,2,0.5256410256410257,Log Forging,0
45,24,4,0,0,11,0.0,0.24444444444444444,0,12,81,720,397,0,0,0,0,0,404,207,2,4.6,Normal,0
38,17,3,0,0,10,0.0,0.2631578947368421,0,12,65,690,397,0,0,0,0,0,404,207,2,5.447368421052632,Normal,0
33,12,2,0,0,9,0.0,0.2727272727272727,0,12,119,749,397,0,0,0,0,0,404,28,2,0.8484848484848485,Normal,0
33,12,2,0,0,9,0.0,0.2727272727272727,0,12,103,742,397,0,0,0,0,0,200,720,2,21.818181818181817,Normal,0
49,28,4,0,0,12,0.0,0.24489795918367346,0,12,72,709,397,0,0,0,0,0,404,34,2,0.6938775510204082,Normal,0
69,48,5,0,0,14,0.0,0.2028985507246377,0,12,101,740,397,0,0,0,0,0,404,207,2,3.0,Normal,0
113,92,2,0,5,32,0.04424778761061947,0.2831858407079646,0,12,72,699,397,0,0,0,0,0,200,20,2,0.17699115044247787,RCE,0
33,12,1,0,0,8,0.0,0.24242424242424243,0,13,65,1074,397,0,0,0,0,0,200,106,2,3.212121212121212,Cookie Injection,0
46,25,4,0,0,12,0.0,0.2608695652173913,0,12,106,743,397,0,0,0,0,0,404,31,2,0.6739130434782609,Normal,0
33,12,1,0,0,8,0.0,0.24242424242424243,0,13,72,1093,397,0,0,0,0,0,200,106,2,3.212121212121212,Cookie Injection,0
44,23,4,0,0,11,0.0,0.25,0,12,111,741,397,0,0,0,0,0,404,25,2,0.5681818181818182,Normal,0
33,12,1,0,0,8,0.0,0.24242424242424243,0,14,101,1042,397,0,0,0,0,0,302,211,4,6.393939393939394,Cookie Injection,1
33,12,1,0,0,8,0.0,0.24242424242424243,0,14,100,1039,397,0,0,0,0,0,302,211,4,6.393939393939394,Cookie Injection,1
74,20,3,1,3,16,0.04054054054054054,0.21621621621621623,32,12,68,714,397,0,0,0,0,0,401,41,2,0.5540540540540541,Log Forging,0
47,26,4,0,0,11,0.0,0.23404255319148937,0,12,102,831,499,0,1,2,1,1,401,26,2,0.5531914893617021,LOG4J,0
48,27,4,0,0,11,0.0,0.22916666666666666,0,12,105,742,397,0,0,0,0,0,404,36,2,0.75,Normal,0
48,27,4,0,0,11,0.0,0.22916666666666666,0,12,100,778,436,0,1,2,1,1,401,26,2,0.5416666666666666,LOG4J,0
46,25,4,0,0,11,0.0,0.2391304347826087,0,12,103,751,397,0,0,0,0,0,404,207,2,4.5,Normal,0
33,12,1,0,0,8,0.0,0.24242424242424243,0,14,107,1054,397,0,0,0,0,0,302,211,4,6.393939393939394,Cookie Injection,1
93,19,3,1,4,21,0.043010752688172046,0.22580645161290322,52,12,77,723,397,0,0,0,0,0,200,32,2,0.34408602150537637,SQL Injection,0
82,20,3,1,3,16,0.036585365853658534,0.1951219512195122,40,12,107,734,397,0,0,0,0,0,401,41,2,0.5,Log Forging,0
33,12,2,0,0,9,0.0,0.2727272727272727,0,12,72,700,397,0,0,0,0,0,404,28,2,0.8484848484848485,Normal,0
89,19,3,1,4,21,0.0449438202247191,0.23595505617977527,48,12,77,704,397,0,0,0,0,0,200,307960,2,3460.224719101124,SQL Injection,0
33,12,1,0,0,8,0.0,0.24242424242424243,0,14,72,1032,397,0,0,0,0,0,302,211,4,6.393939393939394,Cookie Injection,1
45,24,4,0,0,11,0.0,0.24444444444444444,0,12,101,728,397,0,0,0,0,0,404,207,2,4.6,Normal,0
33,12,1,0,0,8,0.0,0.24242424242424243,0,14,102,1053,397,0,0,0,0,0,302,211,4,6.393939393939394,Cookie Injection,1
33,12,1,0,0,8,0.0,0.24242424242424243,0,14,119,1061,397,0,0,0,0,0,302,211,4,6.393939393939394,Cookie Injection,1
33,12,1,0,0,8,0.0,0.24242424242424243,0,14,107,1048,397,0,0,0,0,0,302,211,4,6.393939393939394,Cookie Injection,1
33,12,2,0,0,9,0.0,0.2727272727272727,0,12,102,730,397,0,0,0,0,0,404,28,2,0.8484848484848485,Normal,0
81,60,11,0,0,37,0.0,0.4567901234567901,0,12,105,753,397,0,0,0,0,0,200,67,2,0.8271604938271605,Directory Traversal,0
33,12,1,0,0,8,0.0,0.24242424242424243,0,13,66,1078,397,0,0,0,0,0,200,105,2,3.1818181818181817,Cookie Injection,0
46,25,3,0,0,11,0.0,0.2391304347826087,0,12,76,701,397,0,0,0,0,0,200,32,2,0.6956521739130435,Normal,0
85,20,3,1,3,16,0.03529411764705882,0.18823529411764706,43,12,82,710,397,0,0,0,0,0,401,41,2,0.4823529411764706,Log Forging,0
42,21,3,0,0,10,0.0,0.23809523809523808,0,12,81,729,397,0,0,0,0,0,200,933,2,22.214285714285715,Normal,0
33,12,2,0,0,9,0.0,0.2727272727272727,0,12,66,691,397,0,0,0,0,0,200,183,2,5.545454545454546,Normal,0
33,12,2,0,0,9,0.0,0.2727272727272727,0,12,105,753,397,0,0,0,0,0,200,21,2,0.6363636363636364,Normal,0
50,29,4,0,0,11,0.0,0.22,0,12,121,760,397,0,0,0,0,0,404,38,2,0.76,Normal,0
33,12,1,0,0,8,0.0,0.24242424242424243,0,14,101,1063,397,0,0,0,0,0,302,211,4,6.393939393939394,Cookie Injection,1
33,12,2,0,0,9,0.0,0.2727272727272727,0,12,105,744,397,0,0,0,0,0,404,28,2,0.8484848484848485,Normal,0
69,48,5,0,0,14,0.0,0.2028985507246377,0,12,112,737,397,0,0,0,0,0,404,207,2,3.0,Normal,0
33,12,1,0,0,8,0.0,0.24242424242424243,0,13,65,1075,397,0,0,0,0,0,200,105,2,3.1818181818181817,Cookie Injection,0
46,25,3,0,0,11,0.0,0.2391304347826087,0,12,65,789,397,0,1,2,1,1,200,32,2,0.6956521739130435,LOG4J,0
46,25,4,0,0,11,0.0,0.2391304347826087,0,12,112,749,397,0,0,0,0,0,404,207,2,4.5,Normal,0
37,16,3,0,0,10,0.0,0.2702702702702703,0,12,101,731,397,0,0,0,0,0,404,207,2,5.594594594594595,Normal,0
48,27,4,0,0,11,0.0,0.22916666666666666,0,12,102,741,397,0,0,0,0,0,404,36,2,0.75,Normal,0
46,25,4,0,0,11,0.0,0.2391304347826087,0,12,68,764,456,0,1,2,1,1,404,207,2,4.5,LOG4J,0
33,12,1,0,0,8,0.0,0.24242424242424243,0,14,72,1025,397,0,0,0,0,0,302,211,4,6.393939393939394,Cookie Injection,1
30,9,2,0,0,9,0.0,0.3,0,12,66,714,397,0,0,0,0,0,308,249,3,8.3,Normal,0
80,20,3,1,3,16,0.0375,0.2,38,12,112,758,397,0,0,0,0,0,401,41,2,0.5125,Log Forging,0
93,19,3,1,4,21,0.043010752688172046,0.22580645161290322,52,12,101,728,397,0,0,0,0,0,200,32,2,0.34408602150537637,SQL Injection,0
33,12,2,0,0,9,0.0,0.2727272727272727,0,12,119,758,397,0,0,0,0,0,200,2721,2,82.45454545454545,Normal,0
47,26,4,0,0,11,0.0,0.23404255319148937,0,12,101,726,397,0,0,0,0,0,401,26,2,0.5531914893617021,Normal,0
92,19,3,1,4,21,0.043478260869565216,0.22826086956521738,51,12,72,718,397,0,0,0,0,0,200,198,2,2.152173913043478,SQL Injection,0
92,19,3,1,4,22,0.043478260869565216,0.2391304347826087,51,12,72,699,397,0,0,0,0,0,200,204,2,2.217391304347826,SQL Injection,0
33,12,1,0,0,8,0.0,0.24242424242424243,0,14,119,1057,397,0,0,0,0,0,302,211,4,6.393939393939394,Cookie Injection,1
32,11,2,0,0,9,0.0,0.28125,0,12,77,714,397,0,0,0,0,0,200,20,2,0.625,Normal,0
92,19,3,1,4,22,0.043478260869565216,0.2391304347826087,51,12,72,700,397,0,0,0,0,0,200,204,2,2.217391304347826,SQL Injection,0
33,12,2,0,0,9,0.0,0.2727272727272727,0,12,76,713,397,0,0,0,0,0,404,28,2,0.8484848484848485,Normal,0
31,10,2,0,0,10,0.0,0.3225806451612903,0,12,119,765,397,0,0,0,0,0,200,70,2,2.2580645161290325,Normal,0
39,18,2,0,0,10,0.0,0.2564102564102564,0,12,76,713,397,0,0,0,0,0,200,664,2,17.025641025641026,Normal,0
89,19,3,1,4,21,0.0449438202247191,0.23595505617977527,48,12,107,735,397,0,0,0,0,0,200,307960,2,3460.224719101124,SQL Injection,0
39,18,2,0,0,10,0.0,0.2564102564102564,0,12,77,714,397,0,0,0,0,0,200,668,2,17.128205128205128,Normal,0
44,23,4,0,0,11,0.0,0.25,0,12,107,744,397,0,0,0,0,0,200,3320,2,75.45454545454545,Normal,0
109,11,2,2,2,20,0.01834862385321101,0.1834862385321101,76,12,68,705,397,0,0,0,0,0,401,26,2,0.23853211009174313,SQL Injection,0
49,28,4,0,0,12,0.0,0.24489795918367346,0,12,107,735,397,0,0,0,0,0,404,34,2,0.6938775510204082,Normal,0
31,10,2,0,0,10,0.0,0.3225806451612903,0,12,68,698,397,0,0,0,0,0,200,70,2,2.2580645161290325,Normal,0
46,25,4,0,0,12,0.0,0.2608695652173913,0,12,112,751,397,0,0,0,0,0,404,31,2,0.6739130434782609,Normal,0
31,10,2,0,0,10,0.0,0.3225806451612903,0,12,65,692,397,0,0,0,0,0,200,70,2,2.2580645161290325,Normal,0
109,88,2,0,4,35,0.03669724770642202,0.3211009174311927,0,12,105,732,397,0,0,0,0,0,200,48,2,0.44036697247706424,RCE,0
115,11,2,2,2,20,0.017391304347826087,0.17391304347826086,82,12,102,732,397,0,0,0,0,0,401,26,2,0.22608695652173913,SQL Injection,0
33,12,1,0,0,8,0.0,0.24242424242424243,0,14,72,1025,397,0,0,0,0,0,302,211,4,6.393939393939394,Cookie Injection,1
102,11,2,2,2,20,0.0196078431372549,0.19607843137254902,69,12,105,735,397,0,0,0,0,0,401,26,2,0.2549019607843137,SQL Injection,0
33,12,1,0,0,8,0.0,0.24242424242424243,0,14,65,1016,397,0,0,0,0,0,302,211,4,6.393939393939394,Cookie Injection,1
45,24,4,0,0,11,0.0,0.24444444444444444,0,12,76,704,397,0,0,0,0,0,404,207,2,4.6,Normal,0
92,19,3,1,4,21,0.043478260869565216,0.22826086956521738,51,12,68,693,397,0,0,0,0,0,200,198,2,2.152173913043478,SQL Injection,0
44,23,4,0,0,11,0.0,0.25,0,12,69,694,397,0,0,0,0,0,404,25,2,0.5681818181818182,Normal,0
33,12,1,0,0,8,0.0,0.24242424242424243,0,13,108,1118,397,0,0,0,0,0,200,106,2,3.212121212121212,Cookie Injection,0
92,19,3,1,4,22,0.043478260869565216,0.2391304347826087,51,12,107,737,397,0,0,0,0,0,200,204,2,2.217391304347826,SQL Injection,0
31,10,2,0,0,10,0.0,0.3225806451612903,0,12,65,695,397,0,0,0,0,0,200,70,2,2.2580645161290325,Normal,0
74,53,10,0,0,31,0.0,0.4189189189189189,0,12,105,744,397,0,0,0,0,0,200,60,2,0.8108108108108109,Directory Traversal,0
85,20,3,1,4,17,0.047058823529411764,0.2,43,12,102,732,397,0,0,0,0,0,401,41,2,0.4823529411764706,Log Forging,0
93,19,3,1,4,21,0.043010752688172046,0.22580645161290322,52,12,100,727,397,0,0,0,0,0,200,32,2,0.34408602150537637,SQL Injection,0
39,18,2,0,0,10,0.0,0.2564102564102564,0,12,112,817,463,0,1,2,1,1,200,385,2,9.871794871794872,LOG4J,0
112,11,2,2,2,20,0.017857142857142856,0.17857142857142858,79,12,65,692,397,0,0,0,0,0,401,26,2,0.23214285714285715,SQL Injection,0
31,10,2,0,0,10,0.0,0.3225806451612903,0,12,121,746,397,0,0,0,0,0,200,70,2,2.2580645161290325,Normal,0
33,12,1,0,0,8,0.0,0.24242424242424243,0,14,72,1025,397,0,0,0,0,0,302,211,4,6.393939393939394,Cookie Injection,1
50,29,4,0,0,12,0.0,0.24,0,12,68,693,397,0,0,0,0,0,404,34,2,0.68,Normal,0
69,48,7,0,0,25,0.0,0.36231884057971014,0,12,101,729,397,0,0,0,0,0,200,55,2,0.7971014492753623,Directory Traversal,0
76,20,3,1,3,16,0.039473684210526314,0.21052631578947367,34,12,76,704,397,0,0,0,0,0,401,41,2,0.5394736842105263,Log Forging,0
113,11,2,2,2,20,0.017699115044247787,0.17699115044247787,80,12,107,753,397,0,0,0,0,0,401,26,2,0.23008849557522124,SQL Injection,0
42,21,3,0,0,10,0.0,0.23809523809523808,0,12,101,795,397,0,1,2,1,1,200,933,2,22.214285714285715,LOG4J,0
33,12,2,0,0,9,0.0,0.2727272727272727,0,12,102,730,397,0,0,0,0,0,200,2689,2,81.48484848484848,Normal,0
105,11,2,2,2,20,0.01904761904761905,0.19047619047619047,72,12,107,746,397,0,0,0,0,0,401,26,2,0.24761904761904763,SQL Injection,0
47,26,4,0,0,11,0.0,0.23404255319148937,0,12,65,713,397,0,0,0,0,0,401,26,2,0.5531914893617021,Normal,0
33,12,1,0,0,8,0.0,0.24242424242424243,0,13,105,1117,397,0,0,0,0,0,200,104,2,3.1515151515151514,Cookie Injection,0
33,12,1,0,0,8,0.0,0.24242424242424243,0,13,68,1087,397,0,0,0,0,0,200,105,2,3.1818181818181817,Cookie Injection,0
75,20,3,1,3,16,0.04,0.21333333333333335,33,12,77,707,397,0,0,0,0,0,401,41,2,0.5466666666666666,Log Forging,0
50,29,4,0,0,11,0.0,0.22,0,12,103,751,397,0,0,0,0,0,404,38,2,0.76,Normal,0
46,25,4,0,0,12,0.0,0.2608695652173913,0,12,105,753,397,0,0,0,0,0,404,31,2,0.6739130434782609,Normal,0
46,25,4,0,0,12,0.0,0.2608695652173913,0,12,100,728,397,0,0,0,0,0,404,31,2,0.6739130434782609,Normal,0
46,25,4,0,0,12,0.0,0.2608695652173913,0,12,106,786,440,0,1,2,1,1,404,31,2,0.6739130434782609,LOG4J,0
49,28,4,0,0,12,0.0,0.24489795918367346,0,12,107,810,452,0,1,2,1,1,404,34,2,0.6938775510204082,LOG4J,0
33,12,1,0,0,8,0.0,0.24242424242424243,0,14,65,1016,397,0,0,0,0,0,302,211,4,6.393939393939394,Cookie Injection,1
50,29,4,0,0,11,0.0,0.22,0,12,101,797,397,0,1,2,1,1,404,38,2,0.76,LOG4J,0
46,25,4,0,0,12,0.0,0.2608695652173913,0,12,112,751,397,0,0,0,0,0,404,31,2,0.6739130434782609,Normal,0
33,12,1,0,0,8,0.0,0.24242424242424243,0,14,107,1067,397,0,0,0,0,0,302,211,4,6.393939393939394,Cookie Injection,1
74,20,3,1,3,16,0.04054054054054054,0.21621621621621623,32,12,66,694,397,0,0,0,0,0,401,41,2,0.5540540540540541,Log Forging,0
40,19,4,0,0,11,0.0,0.275,0,12,65,692,397,0,0,0,0,0,404,31,2,0.775,Normal,0
109,11,2,2,2,20,0.01834862385321101,0.1834862385321101,76,12,72,718,397,0,0,0,0,0,401,26,2,0.23853211009174313,SQL Injection,0
109,88,2,0,4,35,0.03669724770642202,0.3211009174311927,0,12,100,725,397,0,0,0,0,0,200,48,2,0.44036697247706424,RCE,0
41,20,4,0,0,11,0.0,0.2682926829268293,0,12,108,800,397,0,1,2,1,1,200,370,2,9.024390243902438,LOG4J,0
84,63,12,0,0,40,0.0,0.47619047619047616,0,12,107,746,397,0,0,0,0,0,200,70,2,0.8333333333333334,Directory Traversal,0
92,19,3,1,4,21,0.043478260869565216,0.22826086956521738,51,12,107,734,397,0,0,0,0,0,200,198,2,2.152173913043478,SQL Injection,0
92,19,3,1,4,21,0.043478260869565216,0.22826086956521738,51,12,100,728,397,0,0,0,0,0,200,198,2,2.152173913043478,SQL Injection,0
109,11,2,2,2,20,0.01834862385321101,0.1834862385321101,76,12,65,713,397,0,0,0,0,0,401,26,2,0.23853211009174313,SQL Injection,0
74,20,3,1,3,16,0.04054054054054054,0.21621621621621623,32,12,72,699,397,0,0,0,0,0,401,41,2,0.5540540540540541,Log Forging,0
69,48,5,0,0,14,0.0,0.2028985507246377,0,12,65,690,397,0,0,0,0,0,404,207,2,3.0,Normal,0
108,11,2,2,2,20,0.018518518518518517,0.18518518518518517,75,12,100,748,397,0,0,0,0,0,401,26,2,0.24074074074074073,SQL Injection,0
75,20,3,1,3,16,0.04,0.21333333333333335,33,12,101,728,397,0,0,0,0,0,401,41,2,0.5466666666666666,Log Forging,0
33,12,1,0,0,8,0.0,0.24242424242424243,0,13,107,1116,397,0,0,0,0,0,200,106,2,3.212121212121212,Cookie Injection,0
39,18,2,0,0,10,0.0,0.2564102564102564,0,12,101,731,397,0,0,0,0,0,200,732,2,18.76923076923077,Normal,0
80,20,3,1,3,16,0.0375,0.2,38,12,107,744,397,0,0,0,0,0,401,41,2,0.5125,Log Forging,0
47,26,4,0,0,11,0.0,0.23404255319148937,0,12,65,690,397,0,0,0,0,0,401,26,2,0.5531914893617021,Normal,0
42,21,3,0,0,10,0.0,0.23809523809523808,0,12,99,726,397,0,0,0,0,0,200,933,2,22.214285714285715,Normal,0
106,11,2,2,2,20,0.018867924528301886,0.18867924528301888,73,12,119,749,397,0,0,0,0,0,401,26,2,0.24528301886792453,SQL Injection,0
78,57,4,0,8,21,0.10256410256410256,0.2692307692307692,0,12,107,732,397,0,0,0,0,0,200,50,2,0.6410256410256411,RCE,0
44,23,4,0,0,11,0.0,0.25,0,12,119,756,397,0,0,0,0,0,404,25,2,0.5681818181818182,Normal,0
44,23,4,0,0,11,0.0,0.25,0,12,66,696,397,0,0,0,0,0,200,3320,2,75.45454545454545,Normal,0
22,1,0,0,0,8,0.0,0.36363636363636365,0,12,107,732,397,0,0,0,0,0,200,34,2,1.5454545454545454,Normal,0
33,12,1,0,0,8,0.0,0.24242424242424243,0,14,111,1073,397,0,0,0,0,0,302,211,4,6.393939393939394,Cookie Injection,1
33,12,2,0,0,9,0.0,0.2727272727272727,0,12,65,713,397,0,0,0,0,0,200,338,2,10.242424242424242,Normal,0
81,60,11,0,0,37,0.0,0.4567901234567901,0,12,102,732,397,0,0,0,0,0,200,67,2,0.8271604938271605,Directory Traversal,0
49,28,4,0,0,12,0.0,0.24489795918367346,0,12,82,719,397,0,0,0,0,0,404,34,2,0.6938775510204082,Normal,0
89,19,3,1,4,21,0.0449438202247191,0.23595505617977527,48,12,107,753,397,0,0,0,0,0,200,307960,2,3460.224719101124,SQL Injection,0
39,18,2,0,0,10,0.0,0.2564102564102564,0,12,119,812,397,0,1,2,1,1,200,1163,2,29.82051282051282,LOG4J,0
44,23,4,0,0,11,0.0,0.25,0,12,111,736,397,0,0,0,0,0,200,3320,2,75.45454545454545,Normal,0
75,54,9,0,0,31,0.0,0.41333333333333333,0,12,65,690,397,0,0,0,0,0,200,61,2,0.8133333333333334,Directory Traversal,0
30,9,2,0,0,9,0.0,0.3,0,12,82,721,397,0,0,0,0,0,308,249,3,8.3,Normal,0
44,23,4,0,0,11,0.0,0.25,0,12,99,729,397,0,0,0,0,0,200,3320,2,75.45454545454545,Normal,0
92,19,3,1,4,22,0.043478260869565216,0.2391304347826087,51,12,100,737,397,0,0,0,0,0,200,204,2,2.217391304347826,SQL Injection,0
33,12,1,0,0,8,0.0,0.24242424242424243,0,14,100,1058,397,0,0,0,0,0,302,211,4,6.393939393939394,Cookie Injection,1
37,16,3,0,0,10,0.0,0.2702702702702703,0,12,77,702,397,0,0,0,0,0,404,207,2,5.594594594594595,Normal,0
37,16,3,0,0,10,0.0,0.2702702702702703,0,12,112,758,397,0,0,0,0,0,404,207,2,5.594594594594595,Normal,0
33,12,1,0,0,8,0.0,0.24242424242424243,0,13,65,1084,397,0,0,0,0,0,200,105,2,3.1818181818181817,Cookie Injection,0
33,12,2,0,0,9,0.0,0.2727272727272727,0,12,65,695,397,0,0,0,0,0,404,28,2,0.8484848484848485,Normal,0
101,11,2,2,2,20,0.019801980198019802,0.19801980198019803,68,12,65,693,397,0,0,0,0,0,401,26,2,0.25742574257425743,SQL Injection,0
48,27,4,0,0,11,0.0,0.22916666666666666,0,12,68,696,397,0,0,0,0,0,404,36,2,0.75,Normal,0
50,29,4,0,0,11,0.0,0.22,0,12,111,741,397,0,0,0,0,0,404,38,2,0.76,Normal,0
105,11,2,2,2,20,0.01904761904761905,0.19047619047619047,72,12,106,734,397,0,0,0,0,0,401,26,2,0.24761904761904763,SQL Injection,0
33,12,1,0,0,8,0.0,0.24242424242424243,0,13,107,1137,397,0,0,0,0,0,200,105,2,3.1818181818181817,Cookie Injection,0
33,12,1,0,0,8,0.0,0.24242424242424243,0,14,65,1025,397,0,0,0,0,0,302,211,4,6.393939393939394,Cookie Injection,1
42,21,3,0,0,10,0.0,0.23809523809523808,0,12,66,714,397,0,0,0,0,0,200,933,2,22.214285714285715,Normal,0
103,11,2,2,2,20,0.019417475728155338,0.1941747572815534,70,12,107,753,397,0,0,0,0,0,401,26,2,0.2524271844660194,SQL Injection,0
46,25,4,0,0,11,0.0,0.2391304347826087,0,12,100,771,397,0,1,2,1,1,404,207,2,4.5,LOG4J,0
89,19,3,1,4,21,0.0449438202247191,0.23595505617977527,48,12,69,694,397,0,0,0,0,0,200,307960,2,3460.224719101124,SQL Injection,0
49,28,4,0,0,12,0.0,0.24489795918367346,0,12,65,695,397,0,0,0,0,0,404,34,2,0.6938775510204082,Normal,0
50,29,4,0,0,11,0.0,0.22,0,12,72,718,397,0,0,0,0,0,404,38,2,0.76,Normal,0
48,27,4,0,0,11,0.0,0.22916666666666666,0,12,100,746,397,0,0,0,0,0,404,36,2,0.75,Normal,0
85,20,3,1,3,16,0.03529411764705882,0.18823529411764706,43,12,77,705,397,0,0,0,0,0,401,41,2,0.4823529411764706,Log Forging,0
46,25,4,0,0,11,0.0,0.2391304347826087,0,12,82,712,397,0,0,0,0,0,404,207,2,4.5,Normal,0
78,57,4,0,8,21,0.10256410256410256,0.2692307692307692,0,12,107,744,397,0,0,0,0,0,200,50,2,0.6410256410256411,RCE,0
48,27,4,0,0,11,0.0,0.22916666666666666,0,12,68,714,397,0,0,0,0,0,404,36,2,0.75,Normal,0
31,10,2,0,0,10,0.0,0.3225806451612903,0,12,108,733,397,0,0,0,0,0,200,70,2,2.2580645161290325,Normal,0
46,25,3,0,0,11,0.0,0.2391304347826087,0,12,106,752,397,0,0,0,0,0,200,32,2,0.6956521739130435,Normal,0
33,12,1,0,0,8,0.0,0.24242424242424243,0,13,72,1084,397,0,0,0,0,0,200,105,2,3.1818181818181817,Cookie Injection,0
40,19,4,0,0,11,0.0,0.275,0,12,82,719,397,0,0,0,0,0,404,31,2,0.775,Normal,0
109,11,2,2,2,20,0.01834862385321101,0.1834862385321101,76,12,108,733,397,0,0,0,0,0,401,26,2,0.23853211009174313,SQL Injection,0
96,19,3,1,4,22,0.041666666666666664,0.22916666666666666,55,12,119,758,397,0,0,0,0,0,200,49565,2,516.3020833333334,SQL Injection,0
91,19,3,1,4,21,0.04395604395604396,0.23076923076923078,50,12,121,769,397,0,0,0,0,0,200,24,2,0.26373626373626374,SQL Injection,0
30,9,2,0,0,9,0.0,0.3,0,12,100,725,397,0,0,0,0,0,308,249,3,8.3,Normal,0
33,12,2,0,0,9,0.0,0.2727272727272727,0,12,119,767,397,0,0,0,0,0,404,28,2,0.8484848484848485,Normal,0
22,1,0,0,0,8,0.0,0.36363636363636365,0,12,69,717,397,0,0,0,0,0,200,34,2,1.5454545454545454,Normal,0
33,12,1,0,0,8,0.0,0.24242424242424243,0,13,65,1072,397,0,0,0,0,0,200,104,2,3.1515151515151514,Cookie Injection,0
69,48,5,0,0,14,0.0,0.2028985507246377,0,12,65,702,397,0,0,0,0,0,404,207,2,3.0,Normal,0
33,12,1,0,0,8,0.0,0.24242424242424243,0,14,77,1017,397,0,0,0,0,0,302,211,4,6.393939393939394,Cookie Injection,1
46,25,3,0,0,11,0.0,0.2391304347826087,0,12,65,795,397,0,1,2,1,1,200,32,2,0.6956521739130435,LOG4J,0
84,63,12,0,0,40,0.0,0.47619047619047616,0,12,100,728,397,0,0,0,0,0,200,70,2,0.8333333333333334,Directory Traversal,0
78,57,4,0,8,21,0.10256410256410256,0.2692307692307692,0,12,107,755,397,0,0,0,0,0,200,50,2,0.6410256410256411,RCE,0
96,19,3,1,4,22,0.041666666666666664,0.22916666666666666,55,12,76,704,397,0,0,0,0,0,200,49565,2,516.3020833333334,SQL Injection,0
78,57,4,0,8,21,0.10256410256410256,0.2692307692307692,0,12,82,709,397,0,0,0,0,0,200,50,2,0.6410256410256411,RCE,0
30,9,2,0,0,9,0.0,0.3,0,12,107,790,397,0,1,2,1,1,308,249,3,8.3,LOG4J,0
40,19,4,0,0,11,0.0,0.275,0,12,76,701,397,0,0,0,0,0,404,31,2,0.775,Normal,0
68,47,8,0,0,25,0.0,0.36764705882352944,0,12,103,740,397,0,0,0,0,0,200,54,2,0.7941176470588235,Directory Traversal,0
47,26,4,0,0,11,0.0,0.23404255319148937,0,12,105,744,397,0,0,0,0,0,401,26,2,0.5531914893617021,Normal,0
39,18,2,0,0,10,0.0,0.2564102564102564,0,12,106,734,397,0,0,0,0,0,200,1162,2,29.794871794871796,Normal,0
33,12,1,0,0,8,0.0,0.24242424242424243,0,13,82,1091,397,0,0,0,0,0,200,104,2,3.1515151515151514,Cookie Injection,0
46,25,4,0,0,11,0.0,0.2391304347826087,0,12,65,690,397,0,0,0,0,0,404,207,2,4.5,Normal,0
33,12,1,0,0,8,0.0,0.24242424242424243,0,13,65,1072,397,0,0,0,0,0,200,104,2,3.1515151515151514,Cookie Injection,0
48,27,4,0,0,11,0.0,0.22916666666666666,0,12,77,707,397,0,0,0,0,0,401,26,2,0.5416666666666666,Normal,0
33,12,1,0,0,8,0.0,0.24242424242424243,0,14,119,1063,397,0,0,0,0,0,302,211,4,6.393939393939394,Cookie Injection,1
33,12,1,0,0,8,0.0,0.24242424242424243,0,14,101,1054,397,0,0,0,0,0,302,211,4,6.393939393939394,Cookie Injection,1
46,25,3,0,0,11,0.0,0.2391304347826087,0,12,105,751,397,0,0,0,0,0,200,32,2,0.6956521739130435,Normal,0
44,23,4,0,0,11,0.0,0.25,0,12,77,725,397,0,0,0,0,0,404,25,2,0.5681818181818182,Normal,0
33,12,1,0,0,8,0.0,0.24242424242424243,0,13,102,1111,397,0,0,0,0,0,200,104,2,3.1515151515151514,Cookie Injection,0
110,11,2,2,2,20,0.01818181818181818,0.18181818181818182,77,12,76,706,397,0,0,0,0,0,401,26,2,0.23636363636363636,SQL Injection,0
102,11,2,2,2,20,0.0196078431372549,0.19607843137254902,69,12,119,765,397,0,0,0,0,0,401,26,2,0.2549019607843137,SQL Injection,0
22,1,0,0,0,8,0.0,0.36363636363636365,0,12,65,713,397,0,0,0,0,0,200,34,2,1.5454545454545454,Normal,0
112,11,2,2,2,20,0.017857142857142856,0.17857142857142858,79,12,77,725,397,0,0,0,0,0,401,26,2,0.23214285714285715,SQL Injection,0
30,9,2,0,0,9,0.0,0.3,0,12,107,732,397,0,0,0,0,0,308,249,3,8.3,Normal,0
44,23,4,0,0,11,0.0,0.25,0,12,106,754,397,0,0,0,0,0,200,3320,2,75.45454545454545,Normal,0
44,23,4,0,0,11,0.0,0.25,0,12,108,754,397,0,0,0,0,0,200,3320,2,75.45454545454545,Normal,0
83,20,3,1,4,17,0.04819277108433735,0.20481927710843373,41,12,65,693,397,0,0,0,0,0,401,41,2,0.4939759036144578,Log Forging,0
71,50,9,0,0,28,0.0,0.39436619718309857,0,12,77,704,397,0,0,0,0,0,200,57,2,0.8028169014084507,Directory Traversal,0
92,19,3,1,4,21,0.043478260869565216,0.22826086956521738,51,12,100,725,397,0,0,0,0,0,200,198,2,2.152173913043478,SQL Injection,0
69,48,5,0,0,14,0.0,0.2028985507246377,0,12,107,744,397,0,0,0,0,0,404,207,2,3.0,Normal,0
44,23,4,0,0,11,0.0,0.25,0,12,102,822,480,0,1,2,1,1,404,25,2,0.5681818181818182,LOG4J,0
96,19,3,1,4,22,0.041666666666666664,0.22916666666666666,55,12,105,753,397,0,0,0,0,0,200,49565,2,516.3020833333334,SQL Injection,0
39,18,2,0,0,10,0.0,0.2564102564102564,0,12,106,733,397,0,0,0,0,0,200,1604,2,41.12820512820513,Normal,0
76,20,3,1,3,16,0.039473684210526314,0.21052631578947367,34,12,112,740,397,0,0,0,0,0,401,41,2,0.5394736842105263,Log Forging,0
120,11,2,2,2,20,0.016666666666666666,0.16666666666666666,87,12,102,750,397,0,0,0,0,0,401,26,2,0.21666666666666667,SQL Injection,0
33,12,1,0,0,8,0.0,0.24242424242424243,0,13,76,1097,397,0,0,0,0,0,200,105,2,3.1818181818181817,Cookie Injection,0
33,12,1,0,0,8,0.0,0.24242424242424243,0,13,108,1118,397,0,0,0,0,0,200,104,2,3.1515151515151514,Cookie Injection,0
42,21,3,0,0,10,0.0,0.23809523809523808,0,12,108,735,397,0,0,0,0,0,200,933,2,22.214285714285715,Normal,0
50,29,4,0,0,12,0.0,0.24,0,12,100,730,397,0,0,0,0,0,404,34,2,0.68,Normal,0
92,19,3,1,4,22,0.043478260869565216,0.2391304347826087,51,12,65,713,397,0,0,0,0,0,200,204,2,2.217391304347826,SQL Injection,0
109,88,2,0,4,35,0.03669724770642202,0.3211009174311927,0,12,65,692,397,0,0,0,0,0,200,48,2,0.44036697247706424,RCE,0
79,20,3,1,3,16,0.0379746835443038,0.20253164556962025,37,12,72,720,397,0,0,0,0,0,401,41,2,0.5189873417721519,Log Forging,0
30,9,2,0,0,9,0.0,0.3,0,12,100,746,397,0,0,0,0,0,308,249,3,8.3,Normal,0
33,12,2,0,0,9,0.0,0.2727272727272727,0,12,121,767,397,0,0,0,0,0,200,1107,2,33.54545454545455,Normal,0
110,11,2,2,2,20,0.01818181818181818,0.18181818181818182,77,12,112,739,397,0,0,0,0,0,401,26,2,0.23636363636363636,SQL Injection,0
33,12,1,0,0,8,0.0,0.24242424242424243,0,14,103,1061,397,0,0,0,0,0,302,211,4,6.393939393939394,Cookie Injection,1
22,1,0,0,0,8,0.0,0.36363636363636365,0,12,100,748,397,0,0,0,0,0,200,34,2,1.5454545454545454,Normal,0
92,19,3,1,4,21,0.043478260869565216,0.22826086956521738,51,12,107,755,397,0,0,0,0,0,200,198,2,2.152173913043478,SQL Injection,0
33,12,1,0,0,8,0.0,0.24242424242424243,0,13,119,1131,397,0,0,0,0,0,200,105,2,3.1818181818181817,Cookie Injection,0
49,28,4,0,0,12,0.0,0.24489795918367346,0,12,112,740,397,0,0,0,0,0,404,34,2,0.6938775510204082,Normal,0
47,26,4,0,0,11,0.0,0.23404255319148937,0,12,81,727,397,0,0,0,0,0,401,26,2,0.5531914893617021,Normal,0
44,23,4,0,0,11,0.0,0.25,0,12,69,715,397,0,0,0,0,0,404,25,2,0.5681818181818182,Normal,0
22,1,0,0,0,8,0.0,0.36363636363636365,0,12,77,705,397,0,0,0,0,0,200,34,2,1.5454545454545454,Normal,0
37,16,3,0,0,10,0.0,0.2702702702702703,0,12,69,696,397,0,0,0,0,0,404,207,2,5.594594594594595,Normal,0
30,9,2,0,0,9,0.0,0.3,0,12,72,718,397,0,0,0,0,0,308,249,3,8.3,Normal,0
30,9,2,0,0,9,0.0,0.3,0,12,99,745,397,0,0,0,0,0,308,249,3,8.3,Normal,0
78,57,4,0,8,21,0.10256410256410256,0.2692307692307692,0,12,121,751,397,0,0,0,0,0,200,50,2,0.6410256410256411,RCE,0
44,23,4,0,0,11,0.0,0.25,0,12,119,765,397,0,0,0,0,0,200,3320,2,75.45454545454545,Normal,0
46,25,3,0,0,11,0.0,0.2391304347826087,0,12,107,735,397,0,0,0,0,0,200,32,2,0.6956521739130435,Normal,0
39,18,2,0,0,10,0.0,0.2564102564102564,0,12,100,725,397,0,0,0,0,0,200,376,2,9.64102564102564,Normal,0
31,10,2,0,0,10,0.0,0.3225806451612903,0,12,107,831,397,0,1,2,1,1,200,70,2,2.2580645161290325,LOG4J,0
44,23,4,0,0,11,0.0,0.25,0,12,99,727,397,0,0,0,0,0,404,25,2,0.5681818181818182,Normal,0
40,19,4,0,0,11,0.0,0.275,0,12,82,710,397,0,0,0,0,0,404,31,2,0.775,Normal,0
37,16,3,0,0,10,0.0,0.2702702702702703,0,12,107,746,397,0,0,0,0,0,404,207,2,5.594594594594595,Normal,0
77,56,11,0,0,34,0.0,0.44155844155844154,0,12,81,718,397,0,0,0,0,0,200,63,2,0.8181818181818182,Directory Traversal,0
39,18,2,0,0,10,0.0,0.2564102564102564,0,12,72,699,397,0,0,0,0,0,200,385,2,9.871794871794872,Normal,0
46,25,3,0,0,11,0.0,0.2391304347826087,0,12,76,701,397,0,0,0,0,0,200,32,2,0.6956521739130435,Normal,0
33,12,1,0,0,8,0.0,0.24242424242424243,0,14,99,1059,397,0,0,0,0,0,302,211,4,6.393939393939394,Cookie Injection,1
33,12,1,0,0,8,0.0,0.24242424242424243,0,14,66,1015,397,0,0,0,0,0,302,211,4,6.393939393939394,Cookie Injection,1
106,11,2,2,2,20,0.018867924528301886,0.18867924528301888,73,12,100,730,397,0,0,0,0,0,401,26,2,0.24528301886792453,SQL Injection,0
33,12,1,0,0,8,0.0,0.24242424242424243,0,14,72,1021,397,0,0,0,0,0,302,211,4,6.393939393939394,Cookie Injection,1
37,16,3,0,0,10,0.0,0.2702702702702703,0,12,65,702,397,0,0,0,0,0,404,207,2,5.594594594594595,Normal,0
48,27,4,0,0,11,0.0,0.22916666666666666,0,12,72,720,397,0,0,0,0,0,404,36,2,0.75,Normal,0
89,19,3,1,4,21,0.0449438202247191,0.23595505617977527,48,12,65,704,397,0,0,0,0,0,200,307960,2,3460.224719101124,SQL Injection,0
33,12,1,0,0,8,0.0,0.24242424242424243,0,14,77,1030,397,0,0,0,0,0,302,211,4,6.393939393939394,Cookie Injection,1
50,29,4,0,0,11,0.0,0.22,0,12,99,736,397,0,0,0,0,0,404,38,2,0.76,Normal,0
44,23,4,0,0,11,0.0,0.25,0,12,77,704,397,0,0,0,0,0,200,3320,2,75.45454545454545,Normal,0
30,9,2,0,0,9,0.0,0.3,0,12,112,758,397,0,0,0,0,0,308,249,3,8.3,Normal,0
78,57,4,0,8,21,0.10256410256410256,0.2692307692307692,0,12,105,742,397,0,0,0,0,0,200,50,2,0.6410256410256411,RCE,0
50,29,4,0,0,11,0.0,0.22,0,12,65,704,397,0,0,0,0,0,404,38,2,0.76,Normal,0
45,24,4,0,0,11,0.0,0.24444444444444444,0,12,66,703,397,0,0,0,0,0,404,207,2,4.6,Normal,0
75,54,9,0,0,31,0.0,0.41333333333333333,0,12,107,755,397,0,0,0,0,0,200,61,2,0.8133333333333334,Directory Traversal,0
33,12,1,0,0,8,0.0,0.24242424242424243,0,13,103,1122,397,0,0,0,0,0,200,106,2,3.212121212121212,Cookie Injection,0
91,19,3,1,4,21,0.04395604395604396,0.23076923076923078,50,12,111,738,397,0,0,0,0,0,200,24,2,0.26373626373626374,SQL Injection,0
33,12,1,0,0,8,0.0,0.24242424242424243,0,14,82,1042,397,0,0,0,0,0,302,211,4,6.393939393939394,Cookie Injection,1
45,24,4,0,0,11,0.0,0.24444444444444444,0,12,99,844,496,0,1,2,1,1,404,207,2,4.6,LOG4J,0
113,92,2,0,5,32,0.04424778761061947,0.2831858407079646,0,12,72,711,397,0,0,0,0,0,200,20,2,0.17699115044247787,RCE,0
70,49,5,0,0,14,0.0,0.2,0,12,107,737,397,0,0,0,0,0,404,207,2,2.9571428571428573,Normal,0
33,12,1,0,0,8,0.0,0.24242424242424243,0,14,65,1007,397,0,0,0,0,0,302,211,4,6.393939393939394,Cookie Injection,1
70,49,5,0,0,14,0.0,0.2,0,12,65,711,397,0,0,0,0,0,404,207,2,2.9571428571428573,Normal,0
46,25,4,0,0,12,0.0,0.2608695652173913,0,12,107,737,397,0,0,0,0,0,404,31,2,0.6739130434782609,Normal,0
48,27,4,0,0,11,0.0,0.22916666666666666,0,12,121,760,397,0,0,0,0,0,404,36,2,0.75,Normal,0
33,12,1,0,0,8,0.0,0.24242424242424243,0,14,121,1072,397,0,0,0,0,0,302,211,4,6.393939393939394,Cookie Injection,1
44,23,4,0,0,11,0.0,0.25,0,12,101,792,449,0,1,2,1,1,404,25,2,0.5681818181818182,LOG4J,0
33,12,1,0,0,8,0.0,0.24242424242424243,0,13,68,1078,397,0,0,0,0,0,200,106,2,3.212121212121212,Cookie Injection,0
75,20,3,1,3,16,0.04,0.21333333333333335,33,12,68,716,397,0,0,0,0,0,401,41,2,0.5466666666666666,Log Forging,0
46,25,4,0,0,12,0.0,0.2608695652173913,0,12,102,739,397,0,0,0,0,0,404,31,2,0.6739130434782609,Normal,0
72,51,8,0,0,28,0.0,0.3888888888888889,0,12,68,695,397,0,0,0,0,0,200,58,2,0.8055555555555556,Directory Traversal,0
46,25,4,0,0,11,0.0,0.2391304347826087,0,12,65,704,397,0,0,0,0,0,404,207,2,4.5,Normal,0
33,12,1,0,0,8,0.0,0.24242424242424243,0,14,103,1042,397,0,0,0,0,0,302,211,4,6.393939393939394,Cookie Injection,1
33,12,1,0,0,8,0.0,0.24242424242424243,0,14,65,1007,397,0,0,0,0,0,302,211,4,6.393939393939394,Cookie Injection,1
69,48,7,0,0,25,0.0,0.36231884057971014,0,12,111,739,397,0,0,0,0,0,200,55,2,0.7971014492753623,Directory Traversal,0
69,48,7,0,0,25,0.0,0.36231884057971014,0,12,106,733,397,0,0,0,0,0,200,55,2,0.7971014492753623,Directory Traversal,0
109,11,2,2,2,20,0.01834862385321101,0.1834862385321101,76,12,107,735,397,0,0,0,0,0,401,26,2,0.23853211009174313,SQL Injection,0
96,19,3,1,4,22,0.041666666666666664,0.22916666666666666,55,12,107,755,397,0,0,0,0,0,200,49565,2,516.3020833333334,SQL Injection,0
77,56,11,0,0,34,0.0,0.44155844155844154,0,12,76,706,397,0,0,0,0,0,200,63,2,0.8181818181818182,Directory Traversal,0
82,20,3,1,4,17,0.04878048780487805,0.2073170731707317,40,12,112,742,397,0,0,0,0,0,401,41,2,0.5,Log Forging,0
22,1,0,0,0,8,0.0,0.36363636363636365,0,12,107,734,397,0,0,0,0,0,200,34,2,1.5454545454545454,Normal,0
44,23,4,0,0,11,0.0,0.25,0,12,69,697,397,0,0,0,0,0,200,3320,2,75.45454545454545,Normal,0
109,88,2,0,4,35,0.03669724770642202,0.3211009174311927,0,12,65,702,397,0,0,0,0,0,200,48,2,0.44036697247706424,RCE,0
22,1,0,0,0,8,0.0,0.36363636363636365,0,12,72,699,397,0,0,0,0,0,200,34,2,1.5454545454545454,Normal,0
46,25,4,0,0,12,0.0,0.2608695652173913,0,12,68,714,397,0,0,0,0,0,404,31,2,0.6739130434782609,Normal,0
109,11,2,2,2,20,0.01834862385321101,0.1834862385321101,76,12,76,722,397,0,0,0,0,0,401,26,2,0.23853211009174313,SQL Injection,0
100,11,2,2,2,20,0.02,0.2,67,12,107,746,397,0,0,0,0,0,401,26,2,0.26,SQL Injection,0
33,12,2,0,0,9,0.0,0.2727272727272727,0,12,105,744,397,0,0,0,0,0,200,2689,2,81.48484848484848,Normal,0
108,11,2,2,2,20,0.018518518518518517,0.18518518518518517,75,12,121,760,397,0,0,0,0,0,401,26,2,0.24074074074074073,SQL Injection,0
78,20,3,1,3,16,0.038461538461538464,0.20512820512820512,36,12,100,730,397,0,0,0,0,0,401,41,2,0.5256410256410257,Log Forging,0
32,11,2,0,0,9,0.0,0.28125,0,12,82,772,397,0,1,2,1,1,200,20,2,0.625,LOG4J,0
32,11,2,0,0,9,0.0,0.28125,0,12,107,744,397,0,0,0,0,0,200,20,2,0.625,Normal,0
32,11,2,0,0,9,0.0,0.28125,0,12,77,723,397,0,0,0,0,0,200,20,2,0.625,Normal,0
82,20,3,1,3,16,0.036585365853658534,0.1951219512195122,40,12,103,733,397,0,0,0,0,0,401,41,2,0.5,Log Forging,0
30,9,2,0,0,9,0.0,0.3,0,12,68,714,397,0,0,0,0,0,308,249,3,8.3,Normal,0
77,20,3,1,3,16,0.03896103896103896,0.2077922077922078,35,12,77,707,397,0,0,0,0,0,401,41,2,0.5324675324675324,Log Forging,0
85,20,3,1,4,17,0.047058823529411764,0.2,43,12,100,728,397,0,0,0,0,0,401,41,2,0.4823529411764706,Log Forging,0
104,11,2,2,2,20,0.019230769230769232,0.19230769230769232,71,12,72,711,397,0,0,0,0,0,401,26,2,0.25,SQL Injection,0
91,19,3,1,4,21,0.04395604395604396,0.23076923076923078,50,12,107,737,397,0,0,0,0,0,200,24,2,0.26373626373626374,SQL Injection,0
106,11,2,2,2,20,0.018867924528301886,0.18867924528301888,73,12,65,713,397,0,0,0,0,0,401,26,2,0.24528301886792453,SQL Injection,0
33,12,1,0,0,8,0.0,0.24242424242424243,0,14,100,1062,397,0,0,0,0,0,302,211,4,6.393939393939394,Cookie Injection,1
47,26,4,0,0,11,0.0,0.23404255319148937,0,12,107,746,397,0,0,0,0,0,401,26,2,0.5531914893617021,Normal,0
69,48,5,0,0,14,0.0,0.2028985507246377,0,12,100,728,397,0,0,0,0,0,404,207,2,3.0,Normal,0
33,12,1,0,0,8,0.0,0.24242424242424243,0,13,107,1137,397,0,0,0,0,0,200,104,2,3.1515151515151514,Cookie Injection,0
32,11,2,0,0,9,0.0,0.28125,0,12,112,760,397,0,0,0,0,0,200,20,2,0.625,Normal,0
78,57,10,0,0,34,0.0,0.4358974358974359,0,12,77,707,397,0,0,0,0,0,200,64,2,0.8205128205128205,Directory Traversal,0
33,12,1,0,0,8,0.0,0.24242424242424243,0,14,108,1057,397,0,0,0,0,0,302,211,4,6.393939393939394,Cookie Injection,1
50,29,4,0,0,11,0.0,0.22,0,12,119,747,397,0,0,0,0,0,404,38,2,0.76,Normal,0
44,23,4,0,0,11,0.0,0.25,0,12,107,732,397,0,0,0,0,0,404,25,2,0.5681818181818182,Normal,0
109,88,2,0,4,35,0.03669724770642202,0.3211009174311927,0,12,72,720,397,0,0,0,0,0,200,48,2,0.44036697247706424,RCE,0
44,23,4,0,0,11,0.0,0.25,0,12,77,729,422,0,1,2,1,1,200,3320,2,75.45454545454545,LOG4J,0
42,21,3,0,0,10,0.0,0.23809523809523808,0,12,82,712,397,0,0,0,0,0,200,933,2,22.214285714285715,Normal,0
50,29,4,0,0,11,0.0,0.22,0,12,69,717,397,0,0,0,0,0,404,38,2,0.76,Normal,0
78,57,4,0,8,21,0.10256410256410256,0.2692307692307692,0,12,77,702,397,0,0,0,0,0,200,50,2,0.6410256410256411,RCE,0
45,24,4,0,0,11,0.0,0.24444444444444444,0,12,112,749,397,0,0,0,0,0,404,207,2,4.6,Normal,0
77,20,3,1,3,16,0.03896103896103896,0.2077922077922078,35,12,65,702,397,0,0,0,0,0,401,41,2,0.5324675324675324,Log Forging,0
45,24,4,0,0,11,0.0,0.24444444444444444,0,12,108,747,397,0,0,0,0,0,404,207,2,4.6,Normal,0
47,26,4,0,0,11,0.0,0.23404255319148937,0,12,68,698,397,0,0,0,0,0,401,26,2,0.5531914893617021,Normal,0
46,25,4,0,0,11,0.0,0.2391304347826087,0,12,81,718,397,0,0,0,0,0,404,207,2,4.5,Normal,0
76,20,3,1,3,16,0.039473684210526314,0.21052631578947367,34,12,106,733,397,0,0,0,0,0,401,41,2,0.5394736842105263,Log Forging,0
37,16,3,0,0,10,0.0,0.2702702702702703,0,12,72,700,397,0,0,0,0,0,404,207,2,5.594594594594595,Normal,0
32,11,2,0,0,9,0.0,0.28125,0,12,100,728,397,0,0,0,0,0,200,20,2,0.625,Normal,0
80,59,12,0,0,37,0.0,0.4625,0,12,102,727,397,0,0,0,0,0,200,66,2,0.825,Directory Traversal,0
44,23,4,0,0,11,0.0,0.25,0,12,65,711,397,0,0,0,0,0,404,25,2,0.5681818181818182,Normal,0
33,12,2,0,0,9,0.0,0.2727272727272727,0,12,107,744,397,0,0,0,0,0,200,904,2,27.393939393939394,Normal,0
44,23,4,0,0,11,0.0,0.25,0,12,66,691,397,0,0,0,0,0,200,3320,2,75.45454545454545,Normal,0
33,12,1,0,0,8,0.0,0.24242424242424243,0,14,65,1018,397,0,0,0,0,0,302,211,4,6.393939393939394,Cookie Injection,1
92,19,3,1,4,22,0.043478260869565216,0.2391304347826087,51,12,82,721,397,0,0,0,0,0,200,204,2,2.217391304347826,SQL Injection,0
47,26,4,0,0,11,0.0,0.23404255319148937,0,12,107,746,397,0,0,0,0,0,401,26,2,0.5531914893617021,Normal,0
42,21,3,0,0,10,0.0,0.23809523809523808,0,12,100,730,397,0,0,0,0,0,200,933,2,22.214285714285715,Normal,0
48,27,4,0,0,11,0.0,0.22916666666666666,0,12,72,700,397,0,0,0,0,0,404,36,2,0.75,Normal,0
33,12,1,0,0,8,0.0,0.24242424242424243,0,14,65,1027,397,0,0,0,0,0,302,211,4,6.393939393939394,Cookie Injection,1
50,29,4,0,0,11,0.0,0.22,0,12,72,700,397,0,0,0,0,0,404,38,2,0.76,Normal,0
44,23,4,0,0,11,0.0,0.25,0,12,77,714,397,0,0,0,0,0,200,3320,2,75.45454545454545,Normal,0
33,12,1,0,0,8,0.0,0.24242424242424243,0,14,99,1038,397,0,0,0,0,0,302,211,4,6.393939393939394,Cookie Injection,1
109,88,2,0,4,35,0.03669724770642202,0.3211009174311927,0,12,107,734,397,0,0,0,0,0,200,48,2,0.44036697247706424,RCE,0
33,12,2,0,0,9,0.0,0.2727272727272727,0,12,77,716,397,0,0,0,0,0,404,28,2,0.8484848484848485,Normal,0
45,24,4,0,0,11,0.0,0.24444444444444444,0,12,65,736,441,0,1,2,1,1,404,207,2,4.6,LOG4J,0
33,12,2,0,0,9,0.0,0.2727272727272727,0,12,77,704,397,0,0,0,0,0,200,21,2,0.6363636363636364,Normal,0
33,12,2,0,0,9,0.0,0.2727272727272727,0,12,105,742,397,0,0,0,0,0,404,28,2,0.8484848484848485,Normal,0
46,25,4,0,0,12,0.0,0.2608695652173913,0,12,119,790,438,0,1,2,1,1,404,31,2,0.6739130434782609,LOG4J,0
32,11,2,0,0,9,0.0,0.28125,0,12,100,763,397,0,1,2,1,1,200,20,2,0.625,LOG4J,0
80,59,12,0,0,37,0.0,0.4625,0,12,72,699,397,0,0,0,0,0,200,66,2,0.825,Directory Traversal,0
69,48,5,0,0,14,0.0,0.2028985507246377,0,12,99,724,397,0,0,0,0,0,404,207,2,3.0,Normal,0
49,28,4,0,0,12,0.0,0.24489795918367346,0,12,102,730,397,0,0,0,0,0,404,34,2,0.6938775510204082,Normal,0
78,57,4,0,8,21,0.10256410256410256,0.2692307692307692,0,12,101,728,397,0,0,0,0,0,200,50,2,0.6410256410256411,RCE,0
33,12,1,0,0,8,0.0,0.24242424242424243,0,14,82,1044,397,0,0,0,0,0,302,211,4,6.393939393939394,Cookie Injection,1
106,11,2,2,2,20,0.018867924528301886,0.18867924528301888,73,12,66,693,397,0,0,0,0,0,401,26,2,0.24528301886792453,SQL Injection,0
33,12,1,0,0,8,0.0,0.24242424242424243,0,14,107,1046,397,0,0,0,0,0,302,211,4,6.393939393939394,Cookie Injection,1
33,12,2,0,0,9,0.0,0.2727272727272727,0,12,105,774,439,0,1,2,1,1,404,28,2,0.8484848484848485,LOG4J,0
33,12,1,0,0,8,0.0,0.24242424242424243,0,13,111,1119,397,0,0,0,0,0,200,103,2,3.121212121212121,Cookie Injection,0
39,18,2,0,0,10,0.0,0.2564102564102564,0,12,121,791,397,0,1,2,1,1,200,546,2,14.0,LOG4J,0
46,25,4,0,0,11,0.0,0.2391304347826087,0,12,82,709,397,0,0,0,0,0,404,207,2,4.5,Normal,0
113,92,2,0,5,32,0.04424778761061947,0.2831858407079646,0,12,72,697,397,0,0,0,0,0,200,20,2,0.17699115044247787,RCE,0
33,12,2,0,0,9,0.0,0.2727272727272727,0,12,99,727,397,0,0,0,0,0,200,746,2,22.606060606060606,Normal,0
33,12,1,0,0,8,0.0,0.24242424242424243,0,13,100,1119,397,0,0,0,0,0,200,104,2,3.1515151515151514,Cookie Injection,0
33,12,1,0,0,8,0.0,0.24242424242424243,0,13,101,1122,397,0,0,0,0,0,200,106,2,3.212121212121212,Cookie Injection,0
79,20,3,1,3,16,0.0379746835443038,0.20253164556962025,37,12,76,703,397,0,0,0,0,0,401,41,2,0.5189873417721519,Log Forging,0
49,28,4,0,0,11,0.0,0.22448979591836735,0,12,106,731,397,0,0,0,0,0,404,36,2,0.7346938775510204,Normal,0
33,12,1,0,0,8,0.0,0.24242424242424243,0,13,121,1128,397,0,0,0,0,0,200,104,2,3.1515151515151514,Cookie Injection,0
44,23,4,0,0,11,0.0,0.25,0,12,65,713,397,0,0,0,0,0,200,3320,2,75.45454545454545,Normal,0
37,16,3,0,0,10,0.0,0.2702702702702703,0,12,107,746,397,0,0,0,0,0,404,207,2,5.594594594594595,Normal,0
78,57,4,0,8,21,0.10256410256410256,0.2692307692307692,0,12,69,708,397,0,0,0,0,0,200,50,2,0.6410256410256411,RCE,0
33,12,1,0,0,8,0.0,0.24242424242424243,0,14,107,1054,397,0,0,0,0,0,302,211,4,6.393939393939394,Cookie Injection,1
89,19,3,1,4,21,0.0449438202247191,0.23595505617977527,48,12,65,693,397,0,0,0,0,0,200,307960,2,3460.224719101124,SQL Injection,0
46,25,4,0,0,11,0.0,0.2391304347826087,0,12,107,746,397,0,0,0,0,0,404,207,2,4.5,Normal,0
81,20,3,1,3,16,0.037037037037037035,0.19753086419753085,39,12,100,728,397,0,0,0,0,0,401,41,2,0.5061728395061729,Log Forging,0
48,27,4,0,0,11,0.0,0.22916666666666666,0,12,106,768,434,0,1,2,1,1,404,36,2,0.75,LOG4J,0
76,20,3,1,3,16,0.039473684210526314,0.21052631578947367,34,12,72,718,397,0,0,0,0,0,401,41,2,0.5394736842105263,Log Forging,0
69,48,7,0,0,25,0.0,0.36231884057971014,0,12,103,733,397,0,0,0,0,0,200,55,2,0.7971014492753623,Directory Traversal,0
33,12,1,0,0,8,0.0,0.24242424242424243,0,13,107,1119,397,0,0,0,0,0,200,105,2,3.1818181818181817,Cookie Injection,0
44,23,4,0,0,11,0.0,0.25,0,12,82,772,397,0,1,2,1,1,200,3320,2,75.45454545454545,LOG4J,0
83,62,13,0,0,40,0.0,0.4819277108433735,0,12,81,729,397,0,0,0,0,0,200,69,2,0.8313253012048193,Directory Traversal,0
74,20,3,1,3,16,0.04054054054054054,0.21621621621621623,32,12,76,703,397,0,0,0,0,0,401,41,2,0.5540540540540541,Log Forging,0
33,12,1,0,0,8,0.0,0.24242424242424243,0,14,66,1010,397,0,0,0,0,0,302,211,4,6.393939393939394,Cookie Injection,1
77,20,3,1,3,16,0.03896103896103896,0.2077922077922078,35,12,107,744,397,0,0,0,0,0,401,41,2,0.5324675324675324,Log Forging,0
106,11,2,2,2,20,0.018867924528301886,0.18867924528301888,73,12,99,747,397,0,0,0,0,0,401,26,2,0.24528301886792453,SQL Injection,0
92,19,3,1,4,21,0.043478260869565216,0.22826086956521738,51,12,105,735,397,0,0,0,0,0,200,198,2,2.152173913043478,SQL Injection,0
89,19,3,1,4,21,0.0449438202247191,0.23595505617977527,48,12,107,746,397,0,0,0,0,0,200,307960,2,3460.224719101124,SQL Injection,0
50,29,4,0,0,12,0.0,0.24,0,12,107,744,397,0,0,0,0,0,404,34,2,0.68,Normal,0
31,10,2,0,0,10,0.0,0.3225806451612903,0,12,76,703,397,0,0,0,0,0,200,70,2,2.2580645161290325,Normal,0
50,29,4,0,0,11,0.0,0.22,0,12,72,718,397,0,0,0,0,0,404,38,2,0.76,Normal,0
33,12,1,0,0,8,0.0,0.24242424242424243,0,13,119,1134,397,0,0,0,0,0,200,103,2,3.121212121212121,Cookie Injection,0
78,20,3,1,3,16,0.038461538461538464,0.20512820512820512,36,12,107,734,397,0,0,0,0,0,401,41,2,0.5256410256410257,Log Forging,0
69,48,5,0,0,14,0.0,0.2028985507246377,0,12,76,704,397,0,0,0,0,0,404,207,2,3.0,Normal,0
33,12,2,0,0,9,0.0,0.2727272727272727,0,12,82,728,397,0,0,0,0,0,404,28,2,0.8484848484848485,Normal,0
33,12,1,0,0,8,0.0,0.24242424242424243,0,14,112,1074,397,0,0,0,0,0,302,211,4,6.393939393939394,Cookie Injection,1
39,18,2,0,0,10,0.0,0.2564102564102564,0,12,103,760,397,0,1,2,1,1,200,3719,2,95.35897435897436,LOG4J,0
32,11,2,0,0,9,0.0,0.28125,0,12,100,725,397,0,0,0,0,0,200,20,2,0.625,Normal,0
33,12,1,0,0,8,0.0,0.24242424242424243,0,14,105,1061,397,0,0,0,0,0,302,211,4,6.393939393939394,Cookie Injection,1
39,18,2,0,0,10,0.0,0.2564102564102564,0,12,76,722,397,0,0,0,0,0,200,413,2,10.58974358974359,Normal,0
33,12,1,0,0,8,0.0,0.24242424242424243,0,13,99,1109,397,0,0,0,0,0,200,104,2,3.1515151515151514,Cookie Injection,0
33,12,2,0,0,9,0.0,0.2727272727272727,0,12,81,718,397,0,0,0,0,0,404,28,2,0.8484848484848485,Normal,0
33,12,2,0,0,9,0.0,0.2727272727272727,0,12,112,737,397,0,0,0,0,0,404,28,2,0.8484848484848485,Normal,0
106,11,2,2,2,20,0.018867924528301886,0.18867924528301888,73,12,107,755,397,0,0,0,0,0,401,26,2,0.24528301886792453,SQL Injection,0
46,25,3,0,0,11,0.0,0.2391304347826087,0,12,72,702,397,0,0,0,0,0,200,32,2,0.6956521739130435,Normal,0
33,12,1,0,0,8,0.0,0.24242424242424243,0,13,107,1128,397,0,0,0,0,0,200,104,2,3.1515151515151514,Cookie Injection,0
32,11,2,0,0,9,0.0,0.28125,0,12,72,699,397,0,0,0,0,0,200,20,2,0.625,Normal,0
22,1,0,0,0,8,0.0,0.36363636363636365,0,12,119,744,397,0,0,0,0,0,200,34,2,1.5454545454545454,Normal,0
46,25,4,0,0,11,0.0,0.2391304347826087,0,12,100,748,397,0,0,0,0,0,404,207,2,4.5,Normal,0
48,27,4,0,0,11,0.0,0.22916666666666666,0,12,99,747,397,0,0,0,0,0,404,36,2,0.75,Normal,0
44,23,4,0,0,11,0.0,0.25,0,12,112,760,397,0,0,0,0,0,200,3320,2,75.45454545454545,Normal,0
47,26,4,0,0,11,0.0,0.23404255319148937,0,12,65,692,397,0,0,0,0,0,401,26,2,0.5531914893617021,Normal,0
69,48,5,0,0,14,0.0,0.2028985507246377,0,12,72,801,397,0,1,2,1,1,404,207,2,3.0,LOG4J,0
40,19,4,0,0,11,0.0,0.275,0,12,77,714,397,0,0,0,0,0,404,31,2,0.775,Normal,0
78,20,3,1,3,16,0.038461538461538464,0.20512820512820512,36,12,111,757,397,0,0,0,0,0,401,41,2,0.5256410256410257,Log Forging,0
33,12,1,0,0,8,0.0,0.24242424242424243,0,14,106,1068,397,0,0,0,0,0,302,211,4,6.393939393939394,Cookie Injection,1
78,57,4,0,8,21,0.10256410256410256,0.2692307692307692,0,12,65,704,397,0,0,0,0,0,200,50,2,0.6410256410256411,RCE,0
33,12,1,0,0,8,0.0,0.24242424242424243,0,13,119,1129,397,0,0,0,0,0,200,104,2,3.1515151515151514,Cookie Injection,0
91,19,3,1,4,21,0.04395604395604396,0.23076923076923078,50,12,106,752,397,0,0,0,0,0,200,24,2,0.26373626373626374,SQL Injection,0
31,10,2,0,0,10,0.0,0.3225806451612903,0,12,72,720,397,0,1,2,1,1,200,70,2,2.2580645161290325,LOG4J,0
91,19,3,1,4,21,0.04395604395604396,0.23076923076923078,50,12,103,731,397,0,0,0,0,0,200,24,2,0.26373626373626374,SQL Injection,0
49,28,4,0,0,12,0.0,0.24489795918367346,0,12,111,748,397,0,0,0,0,0,404,34,2,0.6938775510204082,Normal,0
84,20,3,1,4,17,0.047619047619047616,0.20238095238095238,42,12,119,756,397,0,0,0,0,0,401,41,2,0.4880952380952381,Log Forging,0
46,25,4,0,0,12,0.0,0.2608695652173913,0,12,77,716,397,0,0,0,0,0,404,31,2,0.6739130434782609,Normal,0
75,20,3,1,3,16,0.04,0.21333333333333335,33,12,112,742,397,0,0,0,0,0,401,41,2,0.5466666666666666,Log Forging,0
105,11,2,2,2,20,0.01904761904761905,0.19047619047619047,72,12,111,750,397,0,0,0,0,0,401,26,2,0.24761904761904763,SQL Injection,0
101,11,2,2,2,20,0.019801980198019802,0.19801980198019803,68,12,65,692,397,0,0,0,0,0,401,26,2,0.25742574257425743,SQL Injection,0
96,19,3,1,4,22,0.041666666666666664,0.22916666666666666,55,12,102,741,397,0,0,0,0,0,200,49565,2,516.3020833333334,SQL Injection,0
81,60,11,0,0,37,0.0,0.4567901234567901,0,12,107,734,397,0,0,0,0,0,200,67,2,0.8271604938271605,Directory Traversal,0
33,12,2,0,0,9,0.0,0.2727272727272727,0,12,65,704,397,0,0,0,0,0,200,664,2,20.12121212121212,Normal,0
30,9,2,0,0,9,0.0,0.3,0,12,65,713,397,0,0,0,0,0,308,249,3,8.3,Normal,0
111,11,2,2,2,20,0.018018018018018018,0.18018018018018017,78,12,68,696,397,0,0,0,0,0,401,26,2,0.23423423423423423,SQL Injection,0
33,12,1,0,0,8,0.0,0.24242424242424243,0,14,103,1044,397,0,0,0,0,0,302,211,4,6.393939393939394,Cookie Injection,1
69,48,5,0,0,14,0.0,0.2028985507246377,0,12,108,733,397,0,0,0,0,0,404,207,2,3.0,Normal,0
110,11,2,2,2,20,0.01818181818181818,0.18181818181818182,77,12,65,704,397,0,0,0,0,0,401,26,2,0.23636363636363636,SQL Injection,0
22,1,0,0,0,8,0.0,0.36363636363636365,0,12,66,703,397,0,0,0,0,0,200,34,2,1.5454545454545454,Normal,0
39,18,2,0,0,10,0.0,0.2564102564102564,0,12,66,693,397,0,0,0,0,0,200,852,2,21.846153846153847,Normal,0
91,19,3,1,4,21,0.04395604395604396,0.23076923076923078,50,12,111,741,397,0,0,0,0,0,200,24,2,0.26373626373626374,SQL Injection,0
33,12,1,0,0,8,0.0,0.24242424242424243,0,13,77,1107,397,0,0,0,0,0,200,105,2,3.1818181818181817,Cookie Injection,0
82,20,3,1,3,16,0.036585365853658534,0.1951219512195122,40,12,105,744,397,0,0,0,0,0,401,41,2,0.5,Log Forging,0
40,19,4,0,0,11,0.0,0.275,0,12,99,745,397,0,0,0,0,0,404,31,2,0.775,Normal,0
32,11,2,0,0,9,0.0,0.28125,0,12,107,732,397,0,0,0,0,0,200,20,2,0.625,Normal,0
33,12,2,0,0,9,0.0,0.2727272727272727,0,12,69,696,397,0,0,0,0,0,200,852,2,25.818181818181817,Normal,0
82,20,3,1,4,17,0.04878048780487805,0.2073170731707317,40,12,81,720,397,0,0,0,0,0,401,41,2,0.5,Log Forging,0
39,18,2,0,0,10,0.0,0.2564102564102564,0,12,72,702,397,0,0,0,0,0,200,785,2,20.128205128205128,Normal,0
89,19,3,1,4,21,0.0449438202247191,0.23595505617977527,48,12,107,735,397,0,0,0,0,0,200,307960,2,3460.224719101124,SQL Injection,0
78,57,10,0,0,34,0.0,0.4358974358974359,0,12,105,733,397,0,0,0,0,0,200,64,2,0.8205128205128205,Directory Traversal,0
92,19,3,1,4,21,0.043478260869565216,0.22826086956521738,51,12,103,740,397,0,0,0,0,0,200,198,2,2.152173913043478,SQL Injection,0
33,12,1,0,0,8,0.0,0.24242424242424243,0,13,100,1109,397,0,0,0,0,0,200,105,2,3.1818181818181817,Cookie Injection,0
32,11,2,0,0,9,0.0,0.28125,0,12,101,747,397,0,0,0,0,0,200,20,2,0.625,Normal,0
83,20,3,1,4,17,0.04819277108433735,0.20481927710843373,41,12,77,723,397,0,0,0,0,0,401,41,2,0.4939759036144578,Log Forging,0
45,24,4,0,0,11,0.0,0.24444444444444444,0,12,107,737,397,0,0,0,0,0,404,207,2,4.6,Normal,0
40,19,4,0,0,11,0.0,0.275,0,12,111,830,468,0,1,2,1,1,404,31,2,0.775,LOG4J,0
46,25,4,0,0,11,0.0,0.2391304347826087,0,12,77,723,397,0,0,0,0,0,404,207,2,4.5,Normal,0
109,88,2,0,4,35,0.03669724770642202,0.3211009174311927,0,12,107,753,397,0,0,0,0,0,200,48,2,0.44036697247706424,RCE,0
33,12,1,0,0,8,0.0,0.24242424242424243,0,13,65,1086,397,0,0,0,0,0,200,105,2,3.1818181818181817,Cookie Injection,0
69,48,5,0,0,14,0.0,0.2028985507246377,0,12,65,713,397,0,0,0,0,0,404,207,2,3.0,Normal,0
40,19,4,0,0,11,0.0,0.275,0,12,100,737,397,0,0,0,0,0,404,31,2,0.775,Normal,0
47,26,4,0,0,11,0.0,0.23404255319148937,0,12,112,739,397,0,0,0,0,0,404,207,2,4.404255319148936,Normal,0
45,24,4,0,0,11,0.0,0.24444444444444444,0,12,121,751,397,0,0,0,0,0,404,207,2,4.6,Normal,0
33,12,1,0,0,8,0.0,0.24242424242424243,0,13,108,1120,397,0,0,0,0,0,200,106,2,3.212121212121212,Cookie Injection,0
46,25,3,0,0,11,0.0,0.2391304347826087,0,12,111,757,397,0,0,0,0,0,200,32,2,0.6956521739130435,Normal,0
30,9,2,0,0,9,0.0,0.3,0,12,102,732,397,0,0,0,0,0,308,249,3,8.3,Normal,0
42,21,3,0,0,10,0.0,0.23809523809523808,0,12,107,734,397,0,0,0,0,0,200,933,2,22.214285714285715,Normal,0
44,23,4,0,0,11,0.0,0.25,0,12,101,747,397,0,0,0,0,0,404,25,2,0.5681818181818182,Normal,0
44,23,4,0,0,11,0.0,0.25,0,12,72,718,397,0,0,0,0,0,200,3320,2,75.45454545454545,Normal,0
33,12,1,0,0,8,0.0,0.24242424242424243,0,14,107,1067,397,0,0,0,0,0,302,211,4,6.393939393939394,Cookie Injection,1
76,20,3,1,3,16,0.039473684210526314,0.21052631578947367,34,12,65,702,397,0,0,0,0,0,401,41,2,0.5394736842105263,Log Forging,0
33,12,1,0,0,8,0.0,0.24242424242424243,0,13,81,1089,397,0,0,0,0,0,200,103,2,3.121212121212121,Cookie Injection,0
50,29,4,0,0,11,0.0,0.22,0,12,103,733,397,0,0,0,0,0,404,38,2,0.76,Normal,0
22,1,0,0,0,8,0.0,0.36363636363636365,0,12,106,815,478,0,1,2,1,1,200,34,2,1.5454545454545454,LOG4J,0
39,18,2,0,0,10,0.0,0.2564102564102564,0,12,101,783,454,0,1,2,1,1,200,664,2,17.025641025641026,LOG4J,0
31,10,2,0,0,10,0.0,0.3225806451612903,0,12,81,706,397,0,0,0,0,0,200,70,2,2.2580645161290325,Normal,0
93,19,3,1,4,21,0.043010752688172046,0.22580645161290322,52,12,107,732,397,0,0,0,0,0,200,32,2,0.34408602150537637,SQL Injection,0
78,57,4,0,8,21,0.10256410256410256,0.2692307692307692,0,12,72,718,397,0,0,0,0,0,200,50,2,0.6410256410256411,RCE,0
109,11,2,2,2,20,0.01834862385321101,0.1834862385321101,76,12,106,736,397,0,0,0,0,0,401,26,2,0.23853211009174313,SQL Injection,0
44,23,4,0,0,11,0.0,0.25,0,12,82,709,397,0,0,0,0,0,404,25,2,0.5681818181818182,Normal,0
76,20,3,1,3,16,0.039473684210526314,0.21052631578947367,34,12,102,727,397,0,0,0,0,0,401,41,2,0.5394736842105263,Log Forging,0
96,19,3,1,4,22,0.041666666666666664,0.22916666666666666,55,12,68,705,397,0,0,0,0,0,200,49565,2,516.3020833333334,SQL Injection,0
72,51,8,0,0,28,0.0,0.3888888888888889,0,12,107,744,397,0,0,0,0,0,200,58,2,0.8055555555555556,Directory Traversal,0
30,9,2,0,0,9,0.0,0.3,0,12,82,719,397,0,0,0,0,0,308,249,3,8.3,Normal,0
109,11,2,2,2,20,0.01834862385321101,0.1834862385321101,76,12,111,738,397,0,0,0,0,0,401,26,2,0.23853211009174313,SQL Injection,0
50,29,4,0,0,11,0.0,0.22,0,12,107,753,397,0,0,0,0,0,404,38,2,0.76,Normal,0
22,1,0,0,0,8,0.0,0.36363636363636365,0,12,72,774,397,0,1,2,1,1,200,34,2,1.5454545454545454,LOG4J,0
33,12,2,0,0,9,0.0,0.2727272727272727,0,12,65,693,397,0,0,0,0,0,404,28,2,0.8484848484848485,Normal,0
33,12,1,0,0,8,0.0,0.24242424242424243,0,14,107,1058,397,0,0,0,0,0,302,211,4,6.393939393939394,Cookie Injection,1
78,57,4,0,8,21,0.10256410256410256,0.2692307692307692,0,12,107,732,397,0,0,0,0,0,200,50,2,0.6410256410256411,RCE,0
44,23,4,0,0,11,0.0,0.25,0,12,102,741,397,0,0,0,0,0,404,25,2,0.5681818181818182,Normal,0
31,10,2,0,0,10,0.0,0.3225806451612903,0,12,68,707,397,0,0,0,0,0,200,70,2,2.2580645161290325,Normal,0
33,12,1,0,0,8,0.0,0.24242424242424243,0,13,81,1088,397,0,0,0,0,0,200,104,2,3.1515151515151514,Cookie Injection,0
45,24,4,0,0,11,0.0,0.24444444444444444,0,12,119,744,397,0,0,0,0,0,404,207,2,4.6,Normal,0
51,30,4,0,0,11,0.0,0.21568627450980393,0,12,100,800,467,0,1,2,1,1,404,38,2,0.7450980392156863,LOG4J,0
46,25,3,0,0,11,0.0,0.2391304347826087,0,12,66,703,397,0,0,0,0,0,200,32,2,0.6956521739130435,Normal,0
46,25,4,0,0,11,0.0,0.2391304347826087,0,12,107,819,463,0,1,2,1,1,404,207,2,4.5,LOG4J,0
33,12,1,0,0,8,0.0,0.24242424242424243,0,13,72,1110,397,0,0,0,0,0,200,110,2,3.3333333333333335,Cookie Injection,0
44,23,4,0,0,11,0.0,0.25,0,12,107,737,397,0,0,0,0,0,404,25,2,0.5681818181818182,Normal,0
50,29,4,0,0,11,0.0,0.22,0,12,66,694,397,0,0,0,0,0,404,38,2,0.76,Normal,0
37,16,3,0,0,10,0.0,0.2702702702702703,0,12,107,744,397,0,0,0,0,0,404,207,2,5.594594594594595,Normal,0
44,23,4,0,0,11,0.0,0.25,0,12,65,693,397,0,0,0,0,0,200,3320,2,75.45454545454545,Normal,0
33,12,1,0,0,8,0.0,0.24242424242424243,0,14,82,1026,397,0,0,0,0,0,302,211,4,6.393939393939394,Cookie Injection,1
48,27,4,0,0,11,0.0,0.22916666666666666,0,12,107,737,397,0,0,0,0,0,404,36,2,0.75,Normal,0
22,1,0,0,0,8,0.0,0.36363636363636365,0,12,65,693,397,0,0,0,0,0,200,34,2,1.5454545454545454,Normal,0
47,26,4,0,0,12,0.0,0.2553191489361702,0,12,99,724,397,0,0,0,0,0,404,31,2,0.6595744680851063,Normal,0
46,25,4,0,0,11,0.0,0.2391304347826087,0,12,76,728,397,0,1,2,1,1,404,207,2,4.5,LOG4J,0
109,88,2,0,4,35,0.03669724770642202,0.3211009174311927,0,12,119,744,397,0,0,0,0,0,200,48,2,0.44036697247706424,RCE,0
77,20,3,1,3,16,0.03896103896103896,0.2077922077922078,35,12,107,737,397,0,0,0,0,0,401,41,2,0.5324675324675324,Log Forging,0
101,11,2,2,2,20,0.019801980198019802,0.19801980198019803,68,12,99,729,397,0,0,0,0,0,401,26,2,0.25742574257425743,SQL Injection,0
34,13,2,0,0,9,0.0,0.2647058823529412,0,12,107,753,397,0,0,0,0,0,404,28,2,0.8235294117647058,Normal,0
79,20,3,1,3,16,0.0379746835443038,0.20253164556962025,37,12,107,746,397,0,0,0,0,0,401,41,2,0.5189873417721519,Log Forging,0
113,92,2,0,5,32,0.04424778761061947,0.2831858407079646,0,12,111,757,397,0,0,0,0,0,200,20,2,0.17699115044247787,RCE,0
39,18,2,0,0,10,0.0,0.2564102564102564,0,12,106,734,397,0,0,0,0,0,200,1586,2,40.666666666666664,Normal,0
33,12,1,0,0,8,0.0,0.24242424242424243,0,13,107,1128,397,0,0,0,0,0,200,106,2,3.212121212121212,Cookie Injection,0
33,12,2,0,0,9,0.0,0.2727272727272727,0,12,65,822,397,0,1,2,1,1,404,28,2,0.8484848484848485,LOG4J,0
78,57,4,0,8,21,0.10256410256410256,0.2692307692307692,0,12,81,709,397,0,0,0,0,0,200,50,2,0.6410256410256411,RCE,0
33,12,1,0,0,8,0.0,0.24242424242424243,0,14,105,1066,397,0,0,0,0,0,302,211,4,6.393939393939394,Cookie Injection,1
83,62,13,0,0,40,0.0,0.4819277108433735,0,12,77,705,397,0,0,0,0,0,200,69,2,0.8313253012048193,Directory Traversal,0
83,62,13,0,0,40,0.0,0.4819277108433735,0,12,66,694,397,0,0,0,0,0,200,69,2,0.8313253012048193,Directory Traversal,0
33,12,1,0,0,8,0.0,0.24242424242424243,0,14,107,1051,397,0,0,0,0,0,302,211,4,6.393939393939394,Cookie Injection,1
49,28,4,0,0,12,0.0,0.24489795918367346,0,12,99,724,397,0,0,0,0,0,404,34,2,0.6938775510204082,Normal,0
30,9,2,0,0,9,0.0,0.3,0,12,77,723,397,0,0,0,0,0,308,249,3,8.3,Normal,0
69,48,7,0,0,25,0.0,0.36231884057971014,0,12,99,727,397,0,0,0,0,0,200,55,2,0.7971014492753623,Directory Traversal,0
33,12,1,0,0,8,0.0,0.24242424242424243,0,13,65,1095,397,0,0,0,0,0,200,106,2,3.212121212121212,Cookie Injection,0
74,20,3,1,3,16,0.04054054054054054,0.21621621621621623,32,12,101,749,397,0,0,0,0,0,401,41,2,0.5540540540540541,Log Forging,0
42,21,3,0,0,10,0.0,0.23809523809523808,0,12,72,800,397,0,1,2,1,1,200,933,2,22.214285714285715,LOG4J,0
91,19,3,1,4,21,0.04395604395604396,0.23076923076923078,50,12,102,732,397,0,0,0,0,0,200,24,2,0.26373626373626374,SQL Injection,0
45,24,4,0,0,11,0.0,0.24444444444444444,0,12,107,744,397,0,0,0,0,0,404,207,2,4.6,Normal,0
69,48,5,0,0,14,0.0,0.2028985507246377,0,12,107,744,397,0,0,0,0,0,404,207,2,3.0,Normal,0
33,12,1,0,0,8,0.0,0.24242424242424243,0,13,72,1091,397,0,0,0,0,0,200,105,2,3.1818181818181817,Cookie Injection,0
33,12,1,0,0,8,0.0,0.24242424242424243,0,14,100,1044,397,0,0,0,0,0,302,211,4,6.393939393939394,Cookie Injection,1
48,27,4,0,0,11,0.0,0.22916666666666666,0,12,72,756,397,0,1,2,1,1,404,36,2,0.75,LOG4J,0
68,47,8,0,0,25,0.0,0.36764705882352944,0,12,76,703,397,0,0,0,0,0,200,54,2,0.7941176470588235,Directory Traversal,0
33,12,1,0,0,8,0.0,0.24242424242424243,0,14,121,1062,397,0,0,0,0,0,302,211,4,6.393939393939394,Cookie Injection,1
74,53,10,0,0,31,0.0,0.4189189189189189,0,12,77,702,397,0,0,0,0,0,200,60,2,0.8108108108108109,Directory Traversal,0
44,23,4,0,0,11,0.0,0.25,0,12,100,730,397,0,0,0,0,0,200,3320,2,75.45454545454545,Normal,0
44,23,4,0,0,11,0.0,0.25,0,12,72,709,397,0,0,0,0,0,404,25,2,0.5681818181818182,Normal,0
22,1,0,0,0,8,0.0,0.36363636363636365,0,12,68,746,397,0,1,2,1,1,200,34,2,1.5454545454545454,LOG4J,0
33,12,1,0,0,8,0.0,0.24242424242424243,0,13,121,1151,397,0,0,0,0,0,200,104,2,3.1515151515151514,Cookie Injection,0
42,21,3,0,0,10,0.0,0.23809523809523808,0,12,72,790,467,0,1,2,1,1,200,933,2,22.214285714285715,LOG4J,0
44,23,4,0,0,11,0.0,0.25,0,12,105,732,397,0,0,0,0,0,200,3320,2,75.45454545454545,Normal,0
68,47,8,0,0,25,0.0,0.36764705882352944,0,12,69,694,397,0,0,0,0,0,200,54,2,0.7941176470588235,Directory Traversal,0
33,12,1,0,0,8,0.0,0.24242424242424243,0,14,107,1042,397,0,0,0,0,0,302,211,4,6.393939393939394,Cookie Injection,1
91,19,3,1,4,21,0.04395604395604396,0.23076923076923078,50,12,101,749,397,0,0,0,0,0,200,24,2,0.26373626373626374,SQL Injection,0
113,92,2,0,5,32,0.04424778761061947,0.2831858407079646,0,12,106,733,397,0,0,0,0,0,200,20,2,0.17699115044247787,RCE,0
44,23,4,0,0,11,0.0,0.25,0,12,107,746,397,0,0,0,0,0,404,25,2,0.5681818181818182,Normal,0
37,16,3,0,0,10,0.0,0.2702702702702703,0,12,77,702,397,0,0,0,0,0,404,207,2,5.594594594594595,Normal,0
46,25,4,0,0,12,0.0,0.2608695652173913,0,12,107,737,397,0,0,0,0,0,404,31,2,0.6739130434782609,Normal,0
37,16,3,0,0,10,0.0,0.2702702702702703,0,12,68,696,397,0,0,0,0,0,404,207,2,5.594594594594595,Normal,0
37,16,3,0,0,10,0.0,0.2702702702702703,0,12,65,711,397,0,0,0,0,0,404,207,2,5.594594594594595,Normal,0
49,28,4,0,0,12,0.0,0.24489795918367346,0,12,107,732,397,0,0,0,0,0,404,34,2,0.6938775510204082,Normal,0
83,62,13,0,0,40,0.0,0.4819277108433735,0,12,69,699,397,0,0,0,0,0,200,69,2,0.8313253012048193,Directory Traversal,0
32,11,2,0,0,9,0.0,0.28125,0,12,77,716,397,0,0,0,0,0,200,20,2,0.625,Normal,0
42,21,3,0,0,10,0.0,0.23809523809523808,0,12,66,811,496,0,1,2,1,1,200,933,2,22.214285714285715,LOG4J,0
33,12,2,0,0,9,0.0,0.2727272727272727,0,12,112,740,397,0,0,0,0,0,200,931,2,28.21212121212121,Normal,0
37,16,3,0,0,10,0.0,0.2702702702702703,0,12,65,690,397,0,0,0,0,0,404,207,2,5.594594594594595,Normal,0
33,12,1,0,0,8,0.0,0.24242424242424243,0,14,106,1048,397,0,0,0,0,0,302,211,4,6.393939393939394,Cookie Injection,1
46,25,4,0,0,11,0.0,0.2391304347826087,0,12,100,728,397,0,0,0,0,0,404,207,2,4.5,Normal,0
31,10,2,0,0,10,0.0,0.3225806451612903,0,12,121,746,397,0,0,0,0,0,200,70,2,2.2580645161290325,Normal,0
46,25,4,0,0,12,0.0,0.2608695652173913,0,12,107,732,397,0,0,0,0,0,404,31,2,0.6739130434782609,Normal,0
70,49,5,0,0,14,0.0,0.2,0,12,107,734,397,0,0,0,0,0,404,207,2,2.9571428571428573,Normal,0
39,18,2,0,0,10,0.0,0.2564102564102564,0,12,66,718,397,0,1,2,1,1,200,213,2,5.461538461538462,LOG4J,0
33,12,1,0,0,8,0.0,0.24242424242424243,0,14,77,1030,397,0,0,0,0,0,302,211,4,6.393939393939394,Cookie Injection,1
78,57,10,0,0,34,0.0,0.4358974358974359,0,12,100,725,397,0,0,0,0,0,200,64,2,0.8205128205128205,Directory Traversal,0
48,27,4,0,0,11,0.0,0.22916666666666666,0,12,108,733,397,0,0,0,0,0,404,36,2,0.75,Normal,0
33,12,1,0,0,8,0.0,0.24242424242424243,0,13,77,1086,397,0,0,0,0,0,200,105,2,3.1818181818181817,Cookie Injection,0
37,16,3,0,0,10,0.0,0.2702702702702703,0,12,107,835,397,0,1,2,1,1,404,207,2,5.594594594594595,LOG4J,0
33,12,1,0,0,8,0.0,0.24242424242424243,0,14,107,1066,397,0,0,0,0,0,302,211,4,6.393939393939394,Cookie Injection,1
78,57,4,0,8,21,0.10256410256410256,0.2692307692307692,0,12,101,731,397,0,0,0,0,0,200,50,2,0.6410256410256411,RCE,0
33,12,1,0,0,8,0.0,0.24242424242424243,0,13,77,1084,397,0,0,0,0,0,200,106,2,3.212121212121212,Cookie Injection,0
92,19,3,1,4,21,0.043478260869565216,0.22826086956521738,51,12,69,699,397,0,0,0,0,0,200,198,2,2.152173913043478,SQL Injection,0
48,27,4,0,0,11,0.0,0.22916666666666666,0,12,107,746,397,0,0,0,0,0,404,36,2,0.75,Normal,0
50,29,4,0,0,11,0.0,0.22,0,12,103,740,397,0,0,0,0,0,404,38,2,0.76,Normal,0
50,29,4,0,0,11,0.0,0.22,0,12,100,823,481,0,1,2,1,1,404,38,2,0.76,LOG4J,0
33,12,1,0,0,8,0.0,0.24242424242424243,0,13,69,1081,397,0,0,0,0,0,200,104,2,3.1515151515151514,Cookie Injection,0
39,18,2,0,0,10,0.0,0.2564102564102564,0,12,107,735,397,0,0,0,0,0,200,213,2,5.461538461538462,Normal,0
81,20,3,1,3,16,0.037037037037037035,0.19753086419753085,39,12,107,753,397,0,0,0,0,0,401,41,2,0.5061728395061729,Log Forging,0
40,19,4,0,0,11,0.0,0.275,0,12,112,739,397,0,0,0,0,0,404,31,2,0.775,Normal,0
37,16,3,0,0,10,0.0,0.2702702702702703,0,12,101,731,397,0,0,0,0,0,404,207,2,5.594594594594595,Normal,0
42,21,3,0,0,10,0.0,0.23809523809523808,0,12,107,734,397,0,0,0,0,0,200,933,2,22.214285714285715,Normal,0
78,57,4,0,8,21,0.10256410256410256,0.2692307692307692,0,12,103,730,397,0,0,0,0,0,200,50,2,0.6410256410256411,RCE,0
44,23,4,0,0,11,0.0,0.25,0,12,72,709,397,0,0,0,0,0,404,25,2,0.5681818181818182,Normal,0
49,28,4,0,0,12,0.0,0.24489795918367346,0,12,105,735,397,0,0,0,0,0,404,34,2,0.6938775510204082,Normal,0
102,11,2,2,2,20,0.0196078431372549,0.19607843137254902,69,12,65,702,397,0,0,0,0,0,401,26,2,0.2549019607843137,SQL Injection,0
47,26,4,0,0,11,0.0,0.23404255319148937,0,12,107,732,397,0,0,0,0,0,401,26,2,0.5531914893617021,Normal,0
81,60,11,0,0,37,0.0,0.4567901234567901,0,12,72,697,397,0,0,0,0,0,200,67,2,0.8271604938271605,Directory Traversal,0
39,18,2,0,0,10,0.0,0.2564102564102564,0,12,77,716,397,0,0,0,0,0,200,2071,2,53.1025641025641,Normal,0
47,26,4,0,0,11,0.0,0.23404255319148937,0,12,65,746,397,0,1,2,1,1,401,26,2,0.5531914893617021,LOG4J,0
22,1,0,0,0,8,0.0,0.36363636363636365,0,12,100,730,397,0,0,0,0,0,200,34,2,1.5454545454545454,Normal,0
112,11,2,2,2,20,0.017857142857142856,0.17857142857142858,79,12,111,757,397,0,0,0,0,0,401,26,2,0.23214285714285715,SQL Injection,0
48,27,4,0,0,11,0.0,0.22916666666666666,0,12,102,727,397,0,0,0,0,0,404,36,2,0.75,Normal,0
83,20,3,1,4,17,0.04819277108433735,0.20481927710843373,41,12,121,769,397,0,0,0,0,0,401,41,2,0.4939759036144578,Log Forging,0
49,28,4,0,0,12,0.0,0.24489795918367346,0,12,111,771,427,0,1,2,1,1,404,34,2,0.6938775510204082,LOG4J,0
46,25,3,0,0,11,0.0,0.2391304347826087,0,12,77,716,397,0,0,0,0,0,200,32,2,0.6956521739130435,Normal,0
76,20,3,1,3,16,0.039473684210526314,0.21052631578947367,34,12,119,746,397,0,0,0,0,0,401,41,2,0.5394736842105263,Log Forging,0
78,20,3,1,3,16,0.038461538461538464,0.20512820512820512,36,12,121,751,397,0,0,0,0,0,401,41,2,0.5256410256410257,Log Forging,0
39,18,2,0,0,10,0.0,0.2564102564102564,0,12,112,740,397,0,0,0,0,0,200,1053,2,27.0,Normal,0
79,20,3,1,3,16,0.0379746835443038,0.20253164556962025,37,12,77,723,397,0,0,0,0,0,401,41,2,0.5189873417721519,Log Forging,0
33,12,2,0,0,9,0.0,0.2727272727272727,0,12,101,749,397,0,0,0,0,0,404,28,2,0.8484848484848485,Normal,0
92,19,3,1,4,21,0.043478260869565216,0.22826086956521738,51,12,107,735,397,0,0,0,0,0,200,198,2,2.152173913043478,SQL Injection,0
46,25,4,0,0,11,0.0,0.2391304347826087,0,12,77,716,397,0,0,0,0,0,404,207,2,4.5,Normal,0
78,20,3,1,3,16,0.038461538461538464,0.20512820512820512,36,12,77,714,397,0,0,0,0,0,401,41,2,0.5256410256410257,Log Forging,0
85,20,3,1,4,17,0.047058823529411764,0.2,43,12,101,738,397,0,0,0,0,0,401,41,2,0.4823529411764706,Log Forging,0
70,49,5,0,0,14,0.0,0.2,0,12,102,750,397,0,0,0,0,0,404,207,2,2.9571428571428573,Normal,0
69,48,7,0,0,25,0.0,0.36231884057971014,0,12,81,727,397,0,0,0,0,0,200,55,2,0.7971014492753623,Directory Traversal,0
74,53,10,0,0,31,0.0,0.4189189189189189,0,12,112,749,397,0,0,0,0,0,200,60,2,0.8108108108108109,Directory Traversal,0
50,29,4,0,0,11,0.0,0.22,0,12,103,733,397,0,0,0,0,0,404,38,2,0.76,Normal,0
33,12,1,0,0,8,0.0,0.24242424242424243,0,13,65,1092,397,0,0,0,0,0,200,110,2,3.3333333333333335,Cookie Injection,0
69,48,7,0,0,25,0.0,0.36231884057971014,0,12,72,697,397,0,0,0,0,0,200,55,2,0.7971014492753623,Directory Traversal,0
91,19,3,1,4,21,0.04395604395604396,0.23076923076923078,50,12,105,730,397,0,0,0,0,0,200,24,2,0.26373626373626374,SQL Injection,0
78,20,3,1,3,16,0.038461538461538464,0.20512820512820512,36,12,66,712,397,0,0,0,0,0,401,41,2,0.5256410256410257,Log Forging,0
33,12,1,0,0,8,0.0,0.24242424242424243,0,13,100,1112,397,0,0,0,0,0,200,105,2,3.1818181818181817,Cookie Injection,0
42,21,3,0,0,10,0.0,0.23809523809523808,0,12,72,751,437,0,1,2,1,1,200,933,2,22.214285714285715,LOG4J,0
32,11,2,0,0,9,0.0,0.28125,0,12,121,751,397,0,0,0,0,0,200,20,2,0.625,Normal,0
33,12,1,0,0,8,0.0,0.24242424242424243,0,14,65,1018,397,0,0,0,0,0,302,211,4,6.393939393939394,Cookie Injection,1
33,12,1,0,0,8,0.0,0.24242424242424243,0,14,100,1039,397,0,0,0,0,0,302,211,4,6.393939393939394,Cookie Injection,1
75,54,9,0,0,31,0.0,0.41333333333333333,0,12,82,730,397,0,0,0,0,0,200,61,2,0.8133333333333334,Directory Traversal,0
47,26,4,0,0,11,0.0,0.23404255319148937,0,12,66,694,397,0,0,0,0,0,401,26,2,0.5531914893617021,Normal,0
40,19,4,0,0,11,0.0,0.275,0,12,119,749,397,0,0,0,0,0,404,31,2,0.775,Normal,0
33,12,2,0,0,9,0.0,0.2727272727272727,0,12,68,695,397,0,0,0,0,0,404,28,2,0.8484848484848485,Normal,0
46,25,4,0,0,11,0.0,0.2391304347826087,0,12,81,720,397,0,0,0,0,0,404,207,2,4.5,Normal,0
104,11,2,2,2,20,0.019230769230769232,0.19230769230769232,71,12,66,696,397,0,0,0,0,0,401,26,2,0.25,SQL Injection,0
109,88,2,0,4,35,0.03669724770642202,0.3211009174311927,0,12,68,698,397,0,0,0,0,0,200,48,2,0.44036697247706424,RCE,0
48,27,4,0,0,11,0.0,0.22916666666666666,0,12,99,782,397,0,1,2,1,1,404,36,2,0.75,LOG4J,0
109,88,2,0,4,35,0.03669724770642202,0.3211009174311927,0,12,99,736,397,0,0,0,0,0,200,48,2,0.44036697247706424,RCE,0
46,25,4,0,0,11,0.0,0.2391304347826087,0,12,112,739,397,0,0,0,0,0,404,207,2,4.5,Normal,0
77,20,3,1,3,16,0.03896103896103896,0.2077922077922078,35,12,99,747,397,0,0,0,0,0,401,41,2,0.5324675324675324,Log Forging,0
74,20,3,1,3,16,0.04054054054054054,0.21621621621621623,32,12,108,735,397,0,0,0,0,0,401,41,2,0.5540540540540541,Log Forging,0
46,25,4,0,0,12,0.0,0.2608695652173913,0,12,82,712,397,0,0,0,0,0,404,31,2,0.6739130434782609,Normal,0
96,19,3,1,4,22,0.041666666666666664,0.22916666666666666,55,12,76,703,397,0,0,0,0,0,200,49565,2,516.3020833333334,SQL Injection,0
78,57,4,0,8,21,0.10256410256410256,0.2692307692307692,0,12,121,769,397,0,0,0,0,0,200,50,2,0.6410256410256411,RCE,0
32,11,2,0,0,9,0.0,0.28125,0,12,107,803,465,0,1,2,1,1,200,20,2,0.625,LOG4J,0
80,20,3,1,3,16,0.0375,0.2,38,12,77,705,397,0,0,0,0,0,401,41,2,0.5125,Log Forging,0
109,88,2,0,4,35,0.03669724770642202,0.3211009174311927,0,12,72,697,397,0,0,0,0,0,200,48,2,0.44036697247706424,RCE,0
42,21,3,0,0,10,0.0,0.23809523809523808,0,12,107,744,397,0,0,0,0,0,200,933,2,22.214285714285715,Normal,0
33,12,1,0,0,8,0.0,0.24242424242424243,0,14,72,1011,397,0,0,0,0,0,302,211,4,6.393939393939394,Cookie Injection,1
92,19,3,1,4,22,0.043478260869565216,0.2391304347826087,51,12,82,707,397,0,0,0,0,0,200,204,2,2.217391304347826,SQL Injection,0
101,11,2,2,2,20,0.019801980198019802,0.19801980198019803,68,12,82,710,397,0,0,0,0,0,401,26,2,0.25742574257425743,SQL Injection,0
33,12,1,0,0,8,0.0,0.24242424242424243,0,14,66,1017,397,0,0,0,0,0,302,211,4,6.393939393939394,Cookie Injection,1
75,20,3,1,3,16,0.04,0.21333333333333335,33,12,103,740,397,0,0,0,0,0,401,41,2,0.5466666666666666,Log Forging,0
33,12,1,0,0,8,0.0,0.24242424242424243,0,13,72,1079,397,0,0,0,0,0,200,105,2,3.1818181818181817,Cookie Injection,0
40,19,4,0,0,11,0.0,0.275,0,12,76,760,442,0,1,2,1,1,404,31,2,0.775,LOG4J,0
69,48,5,0,0,14,0.0,0.2028985507246377,0,12,76,706,397,0,0,0,0,0,404,207,2,3.0,Normal,0
109,88,2,0,4,35,0.03669724770642202,0.3211009174311927,0,12,69,697,397,0,0,0,0,0,200,48,2,0.44036697247706424,RCE,0
46,25,4,0,0,11,0.0,0.2391304347826087,0,12,107,755,397,0,0,0,0,0,404,207,2,4.5,Normal,0
40,19,4,0,0,11,0.0,0.275,0,12,101,747,397,0,0,0,0,0,404,31,2,0.775,Normal,0
33,12,1,0,0,8,0.0,0.24242424242424243,0,14,105,1073,397,0,0,0,0,0,302,211,4,6.393939393939394,Cookie Injection,1
33,12,2,0,0,9,0.0,0.2727272727272727,0,12,82,728,397,0,0,0,0,0,200,1586,2,48.06060606060606,Normal,0
22,1,0,0,0,8,0.0,0.36363636363636365,0,12,111,759,397,0,0,0,0,0,200,34,2,1.5454545454545454,Normal,0
37,16,3,0,0,10,0.0,0.2702702702702703,0,12,100,739,397,0,0,0,0,0,404,207,2,5.594594594594595,Normal,0
80,59,12,0,0,37,0.0,0.4625,0,12,107,735,397,0,0,0,0,0,200,66,2,0.825,Directory Traversal,0
31,10,2,0,0,10,0.0,0.3225806451612903,0,12,77,716,397,0,0,0,0,0,200,70,2,2.2580645161290325,Normal,0
48,27,4,0,0,11,0.0,0.22916666666666666,0,12,102,748,397,0,0,0,0,0,404,36,2,0.75,Normal,0
44,23,4,0,0,11,0.0,0.25,0,12,107,737,397,0,0,0,0,0,200,3320,2,75.45454545454545,Normal,0
33,12,1,0,0,8,0.0,0.24242424242424243,0,13,100,1109,397,0,0,0,0,0,200,104,2,3.1515151515151514,Cookie Injection,0
39,18,2,0,0,10,0.0,0.2564102564102564,0,12,100,728,397,0,0,0,0,0,200,668,2,17.128205128205128,Normal,0
49,28,4,0,0,11,0.0,0.22448979591836735,0,12,65,692,397,0,0,0,0,0,404,36,2,0.7346938775510204,Normal,0
92,19,3,1,4,21,0.043478260869565216,0.22826086956521738,51,12,72,697,397,0,0,0,0,0,200,198,2,2.152173913043478,SQL Injection,0
75,20,3,1,3,16,0.04,0.21333333333333335,33,12,107,746,397,0,0,0,0,0,401,41,2,0.5466666666666666,Log Forging,0
69,48,5,0,0,14,0.0,0.2028985507246377,0,12,119,765,397,0,0,0,0,0,404,207,2,3.0,Normal,0
72,51,8,0,0,28,0.0,0.3888888888888889,0,12,100,739,397,0,0,0,0,0,200,58,2,0.8055555555555556,Directory Traversal,0
32,11,2,0,0,9,0.0,0.28125,0,12,107,744,397,0,0,0,0,0,200,20,2,0.625,Normal,0
47,26,4,0,0,11,0.0,0.23404255319148937,0,12,100,801,397,0,1,2,1,1,401,26,2,0.5531914893617021,LOG4J,0
42,21,3,0,0,10,0.0,0.23809523809523808,0,12,81,708,397,0,0,0,0,0,200,933,2,22.214285714285715,Normal,0
46,25,4,0,0,11,0.0,0.2391304347826087,0,12,77,702,397,0,0,0,0,0,404,207,2,4.5,Normal,0
33,12,1,0,0,8,0.0,0.24242424242424243,0,13,107,1117,397,0,0,0,0,0,200,105,2,3.1818181818181817,Cookie Injection,0
50,29,4,0,0,11,0.0,0.22,0,12,107,755,397,0,0,0,0,0,404,38,2,0.76,Normal,0
83,62,13,0,0,40,0.0,0.4819277108433735,0,12,111,738,397,0,0,0,0,0,200,69,2,0.8313253012048193,Directory Traversal,0
81,20,3,1,3,16,0.037037037037037035,0.19753086419753085,39,12,106,743,397,0,0,0,0,0,401,41,2,0.5061728395061729,Log Forging,0
47,26,3,0,0,11,0.0,0.23404255319148937,0,12,72,756,397,0,1,2,1,1,200,33,2,0.7021276595744681,LOG4J,0
33,12,1,0,0,8,0.0,0.24242424242424243,0,13,65,1072,397,0,0,0,0,0,200,105,2,3.1818181818181817,Cookie Injection,0
44,23,4,0,0,11,0.0,0.25,0,12,72,720,397,0,0,0,0,0,200,3320,2,75.45454545454545,Normal,0
75,54,9,0,0,31,0.0,0.41333333333333333,0,12,112,749,397,0,0,0,0,0,200,61,2,0.8133333333333334,Directory Traversal,0
44,23,4,0,0,11,0.0,0.25,0,12,106,745,397,0,0,0,0,0,200,3320,2,75.45454545454545,Normal,0
78,20,3,1,3,16,0.038461538461538464,0.20512820512820512,36,12,76,722,397,0,0,0,0,0,401,41,2,0.5256410256410257,Log Forging,0
91,19,3,1,4,21,0.04395604395604396,0.23076923076923078,50,12,107,753,397,0,0,0,0,0,200,24,2,0.26373626373626374,SQL Injection,0
39,18,2,0,0,10,0.0,0.2564102564102564,0,12,100,728,397,0,0,0,0,0,200,746,2,19.128205128205128,Normal,0
48,27,4,0,0,11,0.0,0.22916666666666666,0,12,107,735,397,0,0,0,0,0,404,36,2,0.75,Normal,0
100,11,2,2,2,20,0.02,0.2,67,12,103,740,397,0,0,0,0,0,401,26,2,0.26,SQL Injection,0
33,12,1,0,0,8,0.0,0.24242424242424243,0,13,99,1111,397,0,0,0,0,0,200,106,2,3.212121212121212,Cookie Injection,0
46,25,3,0,0,11,0.0,0.2391304347826087,0,12,107,753,397,0,0,0,0,0,200,32,2,0.6956521739130435,Normal,0
31,10,2,0,0,10,0.0,0.3225806451612903,0,12,107,735,397,0,0,0,0,0,200,70,2,2.2580645161290325,Normal,0
121,11,2,2,2,20,0.01652892561983471,0.1652892561983471,88,12,81,727,397,0,0,0,0,0,401,26,2,0.21487603305785125,SQL Injection,0
33,12,1,0,0,8,0.0,0.24242424242424243,0,13,107,1135,397,0,0,0,0,0,200,104,2,3.1515151515151514,Cookie Injection,0
49,28,4,0,0,12,0.0,0.24489795918367346,0,12,72,700,397,0,0,0,0,0,404,34,2,0.6938775510204082,Normal,0
106,11,2,2,2,20,0.018867924528301886,0.18867924528301888,73,12,102,750,397,0,0,0,0,0,401,26,2,0.24528301886792453,SQL Injection,0
33,12,1,0,0,8,0.0,0.24242424242424243,0,13,107,1135,397,0,0,0,0,0,200,106,2,3.212121212121212,Cookie Injection,0
46,25,4,0,0,12,0.0,0.2608695652173913,0,12,107,831,397,0,1,2,1,1,404,31,2,0.6739130434782609,LOG4J,0
31,10,2,0,0,10,0.0,0.3225806451612903,0,12,111,757,397,0,0,0,0,0,200,70,2,2.2580645161290325,Normal,0
50,29,4,0,0,12,0.0,0.24,0,12,121,751,397,0,0,0,0,0,404,34,2,0.68,Normal,0
78,57,4,0,8,21,0.10256410256410256,0.2692307692307692,0,12,107,746,397,0,0,0,0,0,200,50,2,0.6410256410256411,RCE,0
33,12,1,0,0,8,0.0,0.24242424242424243,0,14,68,1003,397,0,0,0,0,0,302,211,4,6.393939393939394,Cookie Injection,1
45,24,4,0,0,11,0.0,0.24444444444444444,0,12,107,732,397,0,0,0,0,0,404,207,2,4.6,Normal,0
83,62,13,0,0,40,0.0,0.4819277108433735,0,12,107,744,397,0,0,0,0,0,200,69,2,0.8313253012048193,Directory Traversal,0
49,28,4,0,0,12,0.0,0.24489795918367346,0,12,99,736,397,0,0,0,0,0,404,34,2,0.6938775510204082,Normal,0
33,12,2,0,0,9,0.0,0.2727272727272727,0,12,100,748,397,0,0,0,0,0,200,276,2,8.363636363636363,Normal,0
71,50,9,0,0,28,0.0,0.39436619718309857,0,12,77,702,397,0,0,0,0,0,200,57,2,0.8028169014084507,Directory Traversal,0
33,12,1,0,0,8,0.0,0.24242424242424243,0,14,77,1014,397,0,0,0,0,0,302,211,4,6.393939393939394,Cookie Injection,1
42,21,3,0,0,10,0.0,0.23809523809523808,0,12,72,699,397,0,0,0,0,0,200,933,2,22.214285714285715,Normal,0
49,28,4,0,0,12,0.0,0.24489795918367346,0,12,77,725,397,0,0,0,0,0,404,34,2,0.6938775510204082,Normal,0
81,60,11,0,0,37,0.0,0.4567901234567901,0,12,101,729,397,0,0,0,0,0,200,67,2,0.8271604938271605,Directory Traversal,0
83,62,13,0,0,40,0.0,0.4819277108433735,0,12,77,714,397,0,0,0,0,0,200,69,2,0.8313253012048193,Directory Traversal,0
92,19,3,1,4,21,0.043478260869565216,0.22826086956521738,51,12,65,692,397,0,0,0,0,0,200,198,2,2.152173913043478,SQL Injection,0
33,12,2,0,0,9,0.0,0.2727272727272727,0,12,65,713,397,0,0,0,0,0,404,28,2,0.8484848484848485,Normal,0
44,23,4,0,0,11,0.0,0.25,0,12,66,714,397,0,0,0,0,0,200,3320,2,75.45454545454545,Normal,0
80,20,3,1,3,16,0.0375,0.2,38,12,72,718,397,0,0,0,0,0,401,41,2,0.5125,Log Forging,0
33,12,1,0,0,8,0.0,0.24242424242424243,0,14,107,1058,397,0,0,0,0,0,302,211,4,6.393939393939394,Cookie Injection,1
111,11,2,2,2,20,0.018018018018018018,0.18018018018018017,78,12,99,736,397,0,0,0,0,0,401,26,2,0.23423423423423423,SQL Injection,0
78,57,4,0,8,21,0.10256410256410256,0.2692307692307692,0,12,65,704,397,0,0,0,0,0,200,50,2,0.6410256410256411,RCE,0
31,10,2,0,0,10,0.0,0.3225806451612903,0,12,72,702,397,0,0,0,0,0,200,70,2,2.2580645161290325,Normal,0
109,88,2,0,4,35,0.03669724770642202,0.3211009174311927,0,12,72,720,397,0,0,0,0,0,200,48,2,0.44036697247706424,RCE,0
121,11,2,2,2,20,0.01652892561983471,0.1652892561983471,88,12,77,725,397,0,0,0,0,0,401,26,2,0.21487603305785125,SQL Injection,0
109,88,2,0,4,35,0.03669724770642202,0.3211009174311927,0,12,76,715,397,0,0,0,0,0,200,48,2,0.44036697247706424,RCE,0
33,12,1,0,0,8,0.0,0.24242424242424243,0,14,107,1046,397,0,0,0,0,0,302,211,4,6.393939393939394,Cookie Injection,1
32,11,2,0,0,9,0.0,0.28125,0,12,103,733,397,0,0,0,0,0,200,20,2,0.625,Normal,0
111,11,2,2,2,20,0.018018018018018018,0.18018018018018017,78,12,65,690,397,0,0,0,0,0,401,26,2,0.23423423423423423,SQL Injection,0
85,20,3,1,4,17,0.047058823529411764,0.2,43,12,81,711,397,0,0,0,0,0,401,41,2,0.4823529411764706,Log Forging,0
46,25,3,0,0,11,0.0,0.2391304347826087,0,12,111,757,397,0,0,0,0,0,200,32,2,0.6956521739130435,Normal,0
22,1,0,0,0,8,0.0,0.36363636363636365,0,12,102,750,397,0,0,0,0,0,200,34,2,1.5454545454545454,Normal,0
46,25,4,0,0,11,0.0,0.2391304347826087,0,12,100,728,397,0,0,0,0,0,404,207,2,4.5,Normal,0
69,48,5,0,0,14,0.0,0.2028985507246377,0,12,100,748,397,0,0,0,0,0,404,207,2,3.0,Normal,0
33,12,2,0,0,9,0.0,0.2727272727272727,0,12,69,697,397,0,0,0,0,0,200,21,2,0.6363636363636364,Normal,0
80,20,3,1,3,16,0.0375,0.2,38,12,103,742,397,0,0,0,0,0,401,41,2,0.5125,Log Forging,0
22,1,0,0,0,8,0.0,0.36363636363636365,0,12,105,849,397,0,1,2,1,1,200,34,2,1.5454545454545454,LOG4J,0
109,88,2,0,4,35,0.03669724770642202,0.3211009174311927,0,12,66,705,397,0,0,0,0,0,200,48,2,0.44036697247706424,RCE,0
31,10,2,0,0,10,0.0,0.3225806451612903,0,12,68,693,397,0,0,0,0,0,200,70,2,2.2580645161290325,Normal,0
118,11,2,2,2,20,0.01694915254237288,0.1694915254237288,85,12,77,702,397,0,0,0,0,0,401,26,2,0.22033898305084745,SQL Injection,0
40,19,4,0,0,11,0.0,0.275,0,12,72,709,397,0,0,0,0,0,404,31,2,0.775,Normal,0
44,23,4,0,0,11,0.0,0.25,0,12,102,730,397,0,0,0,0,0,404,25,2,0.5681818181818182,Normal,0
39,18,2,0,0,10,0.0,0.2564102564102564,0,12,119,767,397,0,0,0,0,0,200,732,2,18.76923076923077,Normal,0
48,27,4,0,0,11,0.0,0.22916666666666666,0,12,112,758,397,0,0,0,0,0,404,36,2,0.75,Normal,0
76,20,3,1,3,16,0.039473684210526314,0.21052631578947367,34,12,112,740,397,0,0,0,0,0,401,41,2,0.5394736842105263,Log Forging,0
77,20,3,1,3,16,0.03896103896103896,0.2077922077922078,35,12,65,704,397,0,0,0,0,0,401,41,2,0.5324675324675324,Log Forging,0
40,19,4,0,0,11,0.0,0.275,0,12,107,744,397,0,0,0,0,0,404,31,2,0.775,Normal,0
46,25,4,0,0,11,0.0,0.2391304347826087,0,12,68,707,397,0,0,0,0,0,404,207,2,4.5,Normal,0
38,17,3,0,0,10,0.0,0.2631578947368421,0,12,77,716,397,0,0,0,0,0,404,207,2,5.447368421052632,Normal,0
44,23,4,0,0,11,0.0,0.25,0,12,81,718,397,0,0,0,0,0,200,3320,2,75.45454545454545,Normal,0
46,25,4,0,0,11,0.0,0.2391304347826087,0,12,100,839,499,0,1,2,1,1,404,207,2,4.5,LOG4J,0
33,12,2,0,0,9,0.0,0.2727272727272727,0,12,107,753,397,0,0,0,0,0,200,904,2,27.393939393939394,Normal,0
32,11,2,0,0,9,0.0,0.28125,0,12,100,730,397,0,0,0,0,0,200,20,2,0.625,Normal,0
49,28,4,0,0,12,0.0,0.24489795918367346,0,12,99,747,397,0,0,0,0,0,404,34,2,0.6938775510204082,Normal,0
93,19,3,1,4,21,0.043010752688172046,0.22580645161290322,52,12,107,744,397,0,0,0,0,0,200,32,2,0.34408602150537637,SQL Injection,0
42,21,3,0,0,10,0.0,0.23809523809523808,0,12,99,727,397,0,0,0,0,0,200,933,2,22.214285714285715,Normal,0
45,24,4,0,0,11,0.0,0.24444444444444444,0,12,107,792,397,0,1,2,1,1,404,207,2,4.6,LOG4J,0
33,12,1,0,0,8,0.0,0.24242424242424243,0,13,111,1120,397,0,0,0,0,0,200,104,2,3.1515151515151514,Cookie Injection,0
44,23,4,0,0,11,0.0,0.25,0,12,111,736,397,0,0,0,0,0,404,25,2,0.5681818181818182,Normal,0
33,12,2,0,0,9,0.0,0.2727272727272727,0,12,66,712,397,0,0,0,0,0,404,28,2,0.8484848484848485,Normal,0
45,24,4,0,0,11,0.0,0.24444444444444444,0,12,82,719,397,0,0,0,0,0,404,207,2,4.6,Normal,0
33,12,1,0,0,8,0.0,0.24242424242424243,0,13,69,1099,397,0,0,0,0,0,200,105,2,3.1818181818181817,Cookie Injection,0
93,19,3,1,4,21,0.043010752688172046,0.22580645161290322,52,12,121,760,397,0,0,0,0,0,200,32,2,0.34408602150537637,SQL Injection,0
30,9,2,0,0,9,0.0,0.3,0,12,72,709,397,0,0,0,0,0,308,249,3,8.3,Normal,0
84,63,12,0,0,40,0.0,0.47619047619047616,0,12,68,698,397,0,0,0,0,0,200,70,2,0.8333333333333334,Directory Traversal,0
49,28,4,0,0,12,0.0,0.24489795918367346,0,12,82,707,397,0,0,0,0,0,404,34,2,0.6938775510204082,Normal,0
113,92,2,0,5,32,0.04424778761061947,0.2831858407079646,0,12,107,732,397,0,0,0,0,0,200,20,2,0.17699115044247787,RCE,0
33,12,1,0,0,8,0.0,0.24242424242424243,0,14,105,1045,397,0,0,0,0,0,302,211,4,6.393939393939394,Cookie Injection,1
76,20,3,1,3,16,0.039473684210526314,0.21052631578947367,34,12,107,737,397,0,0,0,0,0,401,41,2,0.5394736842105263,Log Forging,0
70,49,5,0,0,14,0.0,0.2,0,12,81,727,397,0,0,0,0,0,404,207,2,2.9571428571428573,Normal,0
40,19,4,0,0,11,0.0,0.275,0,12,69,708,397,0,0,0,0,0,404,31,2,0.775,Normal,0
91,19,3,1,4,21,0.04395604395604396,0.23076923076923078,50,12,82,719,397,0,0,0,0,0,200,24,2,0.26373626373626374,SQL Injection,0
92,19,3,1,4,21,0.043478260869565216,0.22826086956521738,51,12,99,738,397,0,0,0,0,0,200,198,2,2.152173913043478,SQL Injection,0
42,21,3,0,0,10,0.0,0.23809523809523808,0,12,107,753,397,0,0,0,0,0,200,933,2,22.214285714285715,Normal,0
30,9,2,0,0,9,0.0,0.3,0,12,102,730,397,0,0,0,0,0,308,249,3,8.3,Normal,0
33,12,1,0,0,8,0.0,0.24242424242424243,0,14,76,1014,397,0,0,0,0,0,302,211,4,6.393939393939394,Cookie Injection,1
46,25,3,0,0,11,0.0,0.2391304347826087,0,12,102,741,397,0,0,0,0,0,200,32,2,0.6956521739130435,Normal,0
30,9,2,0,0,9,0.0,0.3,0,12,108,745,397,0,0,0,0,0,308,249,3,8.3,Normal,0
101,11,2,2,2,20,0.019801980198019802,0.19801980198019803,68,12,112,760,397,0,0,0,0,0,401,26,2,0.25742574257425743,SQL Injection,0
44,23,4,0,0,11,0.0,0.25,0,12,106,754,397,0,0,0,0,0,404,25,2,0.5681818181818182,Normal,0
37,16,3,0,0,10,0.0,0.2702702702702703,0,12,81,708,397,0,0,0,0,0,404,207,2,5.594594594594595,Normal,0
33,12,1,0,0,8,0.0,0.24242424242424243,0,13,81,1091,397,0,0,0,0,0,200,105,2,3.1818181818181817,Cookie Injection,0
113,92,2,0,5,32,0.04424778761061947,0.2831858407079646,0,12,111,739,397,0,0,0,0,0,200,20,2,0.17699115044247787,RCE,0
80,59,12,0,0,37,0.0,0.4625,0,12,106,745,397,0,0,0,0,0,200,66,2,0.825,Directory Traversal,0
33,12,1,0,0,8,0.0,0.24242424242424243,0,14,69,1013,397,0,0,0,0,0,302,211,4,6.393939393939394,Cookie Injection,1
22,1,0,0,0,8,0.0,0.36363636363636365,0,12,106,736,397,0,0,0,0,0,200,34,2,1.5454545454545454,Normal,0
33,12,1,0,0,8,0.0,0.24242424242424243,0,13,111,1121,397,0,0,0,0,0,200,104,2,3.1515151515151514,Cookie Injection,0
103,11,2,2,2,20,0.019417475728155338,0.1941747572815534,70,12,107,732,397,0,0,0,0,0,401,26,2,0.2524271844660194,SQL Injection,0
37,16,3,0,0,10,0.0,0.2702702702702703,0,12,103,749,397,0,0,0,0,0,404,207,2,5.594594594594595,Normal,0
46,25,4,0,0,12,0.0,0.2608695652173913,0,12,77,702,397,0,0,0,0,0,404,31,2,0.6739130434782609,Normal,0
34,13,2,0,0,9,0.0,0.2647058823529412,0,12,112,792,440,0,1,2,1,1,404,28,2,0.8235294117647058,LOG4J,0
104,11,2,2,2,20,0.019230769230769232,0.19230769230769232,71,12,107,744,397,0,0,0,0,0,401,26,2,0.25,SQL Injection,0
96,19,3,1,4,22,0.041666666666666664,0.22916666666666666,55,12,103,731,397,0,0,0,0,0,200,49565,2,516.3020833333334,SQL Injection,0
22,1,0,0,0,8,0.0,0.36363636363636365,0,12,100,728,397,0,0,0,0,0,200,34,2,1.5454545454545454,Normal,0
106,11,2,2,2,20,0.018867924528301886,0.18867924528301888,73,12,82,709,397,0,0,0,0,0,401,26,2,0.24528301886792453,SQL Injection,0
107,11,2,2,2,20,0.018691588785046728,0.18691588785046728,74,12,112,740,397,0,0,0,0,0,401,26,2,0.24299065420560748,SQL Injection,0
33,12,1,0,0,8,0.0,0.24242424242424243,0,14,111,1052,397,0,0,0,0,0,302,211,4,6.393939393939394,Cookie Injection,1
49,28,4,0,0,12,0.0,0.24489795918367346,0,12,106,736,397,0,0,0,0,0,404,34,2,0.6938775510204082,Normal,0
81,20,3,1,3,16,0.037037037037037035,0.19753086419753085,39,12,77,716,397,0,0,0,0,0,401,41,2,0.5061728395061729,Log Forging,0
33,12,1,0,0,8,0.0,0.24242424242424243,0,13,81,1109,397,0,0,0,0,0,200,106,2,3.212121212121212,Cookie Injection,0
49,28,4,0,0,12,0.0,0.24489795918367346,0,12,66,696,397,0,0,0,0,0,404,34,2,0.6938775510204082,Normal,0
77,20,3,1,3,16,0.03896103896103896,0.2077922077922078,35,12,107,735,397,0,0,0,0,0,401,41,2,0.5324675324675324,Log Forging,0
78,20,3,1,3,16,0.038461538461538464,0.20512820512820512,36,12,99,727,397,0,0,0,0,0,401,41,2,0.5256410256410257,Log Forging,0
47,26,4,0,0,11,0.0,0.23404255319148937,0,12,77,702,397,0,0,0,0,0,401,26,2,0.5531914893617021,Normal,0
44,23,4,0,0,11,0.0,0.25,0,12,82,709,397,0,0,0,0,0,200,3320,2,75.45454545454545,Normal,0
42,21,3,0,0,10,0.0,0.23809523809523808,0,12,119,747,397,0,0,0,0,0,200,933,2,22.214285714285715,Normal,0
33,12,1,0,0,8,0.0,0.24242424242424243,0,14,107,1048,397,0,0,0,0,0,302,211,4,6.393939393939394,Cookie Injection,1
89,19,3,1,4,21,0.0449438202247191,0.23595505617977527,48,12,111,759,397,0,0,0,0,0,200,307960,2,3460.224719101124,SQL Injection,0
50,29,4,0,0,12,0.0,0.24,0,12,107,737,397,0,0,0,0,0,404,34,2,0.68,Normal,0
22,1,0,0,0,8,0.0,0.36363636363636365,0,12,107,746,397,0,0,0,0,0,200,34,2,1.5454545454545454,Normal,0
80,20,3,1,3,16,0.0375,0.2,38,12,66,703,397,0,0,0,0,0,401,41,2,0.5125,Log Forging,0
108,11,2,2,2,20,0.018518518518518517,0.18518518518518517,75,12,82,721,397,0,0,0,0,0,401,26,2,0.24074074074074073,SQL Injection,0
77,20,3,1,3,16,0.03896103896103896,0.2077922077922078,35,12,100,746,397,0,0,0,0,0,401,41,2,0.5324675324675324,Log Forging,0
33,12,1,0,0,8,0.0,0.24242424242424243,0,13,65,1086,397,0,0,0,0,0,200,106,2,3.212121212121212,Cookie Injection,0
44,23,4,0,0,11,0.0,0.25,0,12,100,728,397,0,0,0,0,0,404,25,2,0.5681818181818182,Normal,0
44,23,4,0,0,11,0.0,0.25,0,12,99,745,397,0,0,0,0,0,404,25,2,0.5681818181818182,Normal,0
31,10,2,0,0,10,0.0,0.3225806451612903,0,12,103,731,397,0,0,0,0,0,200,70,2,2.2580645161290325,Normal,0
69,48,5,0,0,14,0.0,0.2028985507246377,0,12,107,755,397,0,0,0,0,0,404,207,2,3.0,Normal,0
33,12,1,0,0,8,0.0,0.24242424242424243,0,14,81,1022,397,0,0,0,0,0,302,211,4,6.393939393939394,Cookie Injection,1
69,48,5,0,0,14,0.0,0.2028985507246377,0,12,72,699,397,0,0,0,0,0,404,207,2,3.0,Normal,0
46,25,4,0,0,11,0.0,0.2391304347826087,0,12,72,718,397,0,0,0,0,0,404,207,2,4.5,Normal,0
92,19,3,1,4,22,0.043478260869565216,0.2391304347826087,51,12,105,735,397,0,0,0,0,0,200,204,2,2.217391304347826,SQL Injection,0
106,11,2,2,2,20,0.018867924528301886,0.18867924528301888,73,12,72,709,397,0,0,0,0,0,401,26,2,0.24528301886792453,SQL Injection,0
47,26,4,0,0,11,0.0,0.23404255319148937,0,12,82,709,397,0,0,0,0,0,401,26,2,0.5531914893617021,Normal,0
44,23,4,0,0,11,0.0,0.25,0,12,77,705,397,0,0,0,0,0,200,3320,2,75.45454545454545,Normal,0
49,28,4,0,0,12,0.0,0.24489795918367346,0,12,105,735,397,0,0,0,0,0,404,34,2,0.6938775510204082,Normal,0
31,10,2,0,0,10,0.0,0.3225806451612903,0,12,111,741,397,0,0,0,0,0,200,70,2,2.2580645161290325,Normal,0
116,11,2,2,2,20,0.017241379310344827,0.1724137931034483,83,12,65,704,397,0,0,0,0,0,401,26,2,0.22413793103448276,SQL Injection,0
69,48,5,0,0,14,0.0,0.2028985507246377,0,12,77,716,397,0,0,0,0,0,404,207,2,3.0,Normal,0
42,21,3,0,0,10,0.0,0.23809523809523808,0,12,106,733,397,0,0,0,0,0,200,933,2,22.214285714285715,Normal,0
30,9,2,0,0,9,0.0,0.3,0,12,72,757,397,0,1,2,1,1,308,249,3,8.3,LOG4J,0
93,19,3,1,4,21,0.043010752688172046,0.22580645161290322,52,12,77,723,397,0,0,0,0,0,200,32,2,0.34408602150537637,SQL Injection,0
46,25,4,0,0,11,0.0,0.2391304347826087,0,12,111,738,397,0,0,0,0,0,404,207,2,4.5,Normal,0
49,28,4,0,0,12,0.0,0.24489795918367346,0,12,112,737,397,0,0,0,0,0,404,34,2,0.6938775510204082,Normal,0
69,48,5,0,0,14,0.0,0.2028985507246377,0,12,72,702,397,0,0,0,0,0,404,207,2,3.0,Normal,0
33,12,1,0,0,8,0.0,0.24242424242424243,0,14,66,1036,397,0,0,0,0,0,302,211,4,6.393939393939394,Cookie Injection,1
33,12,1,0,0,8,0.0,0.24242424242424243,0,14,102,1062,397,0,0,0,0,0,302,211,4,6.393939393939394,Cookie Injection,1
84,20,3,1,4,17,0.047619047619047616,0.20238095238095238,42,12,77,725,397,0,0,0,0,0,401,41,2,0.4880952380952381,Log Forging,0
50,29,4,0,0,11,0.0,0.22,0,12,65,695,397,0,0,0,0,0,404,38,2,0.76,Normal,0
47,26,4,0,0,11,0.0,0.23404255319148937,0,12,101,729,397,0,0,0,0,0,401,26,2,0.5531914893617021,Normal,0
103,11,2,2,2,20,0.019417475728155338,0.1941747572815534,70,12,68,696,397,0,0,0,0,0,401,26,2,0.2524271844660194,SQL Injection,0
47,26,4,0,0,11,0.0,0.23404255319148937,0,12,72,697,397,0,0,0,0,0,401,26,2,0.5531914893617021,Normal,0
33,12,1,0,0,8,0.0,0.24242424242424243,0,14,81,1032,397,0,0,0,0,0,302,211,4,6.393939393939394,Cookie Injection,1
50,29,4,0,0,12,0.0,0.24,0,12,107,744,397,0,0,0,0,0,404,34,2,0.68,Normal,0
22,1,0,0,0,8,0.0,0.36363636363636365,0,12,65,850,397,0,1,2,1,1,200,34,2,1.5454545454545454,LOG4J,0
49,28,4,0,0,12,0.0,0.24489795918367346,0,12,100,737,397,0,0,0,0,0,404,34,2,0.6938775510204082,Normal,0
39,18,2,0,0,10,0.0,0.2564102564102564,0,12,107,737,397,0,0,0,0,0,200,1107,2,28.384615384615383,Normal,0
46,25,4,0,0,12,0.0,0.2608695652173913,0,12,81,708,397,0,0,0,0,0,404,31,2,0.6739130434782609,Normal,0
48,27,4,0,0,11,0.0,0.22916666666666666,0,12,77,702,397,0,0,0,0,0,404,36,2,0.75,Normal,0
44,23,4,0,0,11,0.0,0.25,0,12,108,754,397,0,0,0,0,0,404,25,2,0.5681818181818182,Normal,0
31,10,2,0,0,10,0.0,0.3225806451612903,0,12,112,737,397,0,0,0,0,0,200,70,2,2.2580645161290325,Normal,0
92,19,3,1,4,22,0.043478260869565216,0.2391304347826087,51,12,105,742,397,0,0,0,0,0,200,204,2,2.217391304347826,SQL Injection,0
33,12,1,0,0,8,0.0,0.24242424242424243,0,13,101,1129,397,0,0,0,0,0,200,106,2,3.212121212121212,Cookie Injection,0
45,24,4,0,0,11,0.0,0.24444444444444444,0,12,106,754,397,0,0,0,0,0,404,207,2,4.6,Normal,0
31,10,2,0,0,10,0.0,0.3225806451612903,0,12,107,753,397,0,0,0,0,0,200,70,2,2.2580645161290325,Normal,0
81,60,11,0,0,37,0.0,0.4567901234567901,0,12,77,705,397,0,0,0,0,0,200,67,2,0.8271604938271605,Directory Traversal,0
106,11,2,2,2,20,0.018867924528301886,0.18867924528301888,73,12,72,718,397,0,0,0,0,0,401,26,2,0.24528301886792453,SQL Injection,0
30,9,2,0,0,9,0.0,0.3,0,12,76,701,397,0,0,0,0,0,308,249,3,8.3,Normal,0
32,11,2,0,0,9,0.0,0.28125,0,12,65,690,397,0,0,0,0,0,200,20,2,0.625,Normal,0
50,29,4,0,0,11,0.0,0.22,0,12,107,737,397,0,0,0,0,0,404,38,2,0.76,Normal,0
74,53,10,0,0,31,0.0,0.4189189189189189,0,12,68,716,397,0,0,0,0,0,200,60,2,0.8108108108108109,Directory Traversal,0
33,12,1,0,0,8,0.0,0.24242424242424243,0,14,81,1049,397,0,0,0,0,0,302,211,4,6.393939393939394,Cookie Injection,1
33,12,1,0,0,8,0.0,0.24242424242424243,0,14,65,1007,397,0,0,0,0,0,302,211,4,6.393939393939394,Cookie Injection,1
32,11,2,0,0,9,0.0,0.28125,0,12,107,732,397,0,0,0,0,0,200,20,2,0.625,Normal,0
33,12,1,0,0,8,0.0,0.24242424242424243,0,14,72,1014,397,0,0,0,0,0,302,211,4,6.393939393939394,Cookie Injection,1
33,12,2,0,0,9,0.0,0.2727272727272727,0,12,111,801,457,0,1,2,1,1,200,1053,2,31.90909090909091,LOG4J,0
77,20,3,1,3,16,0.03896103896103896,0.2077922077922078,35,12,65,695,397,0,0,0,0,0,401,41,2,0.5324675324675324,Log Forging,0
48,27,4,0,0,11,0.0,0.22916666666666666,0,12,72,720,397,0,0,0,0,0,404,36,2,0.75,Normal,0
33,12,2,0,0,9,0.0,0.2727272727272727,0,12,106,762,428,0,1,2,1,1,404,28,2,0.8484848484848485,LOG4J,0
32,11,2,0,0,9,0.0,0.28125,0,12,119,765,397,0,0,0,0,0,200,20,2,0.625,Normal,0
40,19,4,0,0,11,0.0,0.275,0,12,107,746,397,0,0,0,0,0,404,31,2,0.775,Normal,0
82,20,3,1,3,16,0.036585365853658534,0.1951219512195122,40,12,107,755,397,0,0,0,0,0,401,41,2,0.5,Log Forging,0
113,92,2,0,5,32,0.04424778761061947,0.2831858407079646,0,12,107,732,397,0,0,0,0,0,200,20,2,0.17699115044247787,RCE,0
92,19,3,1,4,22,0.043478260869565216,0.2391304347826087,51,12,111,736,397,0,0,0,0,0,200,204,2,2.217391304347826,SQL Injection,0
47,26,4,0,0,12,0.0,0.2553191489361702,0,12,99,792,397,0,1,2,1,1,404,31,2,0.6595744680851063,LOG4J,0
113,92,2,0,5,32,0.04424778761061947,0.2831858407079646,0,12,103,740,397,0,0,0,0,0,200,20,2,0.17699115044247787,RCE,0
78,57,4,0,8,21,0.10256410256410256,0.2692307692307692,0,12,111,750,397,0,0,0,0,0,200,50,2,0.6410256410256411,RCE,0
109,88,2,0,4,35,0.03669724770642202,0.3211009174311927,0,12,107,744,397,0,0,0,0,0,200,48,2,0.44036697247706424,RCE,0
44,23,4,0,0,11,0.0,0.25,0,12,100,748,397,0,0,0,0,0,404,25,2,0.5681818181818182,Normal,0
46,25,3,0,0,11,0.0,0.2391304347826087,0,12,77,705,397,0,0,0,0,0,200,32,2,0.6956521739130435,Normal,0
39,18,2,0,0,10,0.0,0.2564102564102564,0,12,108,736,397,0,0,0,0,0,200,852,2,21.846153846153847,Normal,0
33,12,1,0,0,8,0.0,0.24242424242424243,0,14,72,1014,397,0,0,0,0,0,302,211,4,6.393939393939394,Cookie Injection,1
69,48,5,0,0,14,0.0,0.2028985507246377,0,12,72,720,397,0,0,0,0,0,404,207,2,3.0,Normal,0
78,20,3,1,3,16,0.038461538461538464,0.20512820512820512,36,12,100,730,397,0,0,0,0,0,401,41,2,0.5256410256410257,Log Forging,0
33,12,1,0,0,8,0.0,0.24242424242424243,0,13,101,1120,397,0,0,0,0,0,200,105,2,3.1818181818181817,Cookie Injection,0
69,48,7,0,0,25,0.0,0.36231884057971014,0,12,82,707,397,0,0,0,0,0,200,55,2,0.7971014492753623,Directory Traversal,0
113,92,2,0,5,32,0.04424778761061947,0.2831858407079646,0,12,65,693,397,0,0,0,0,0,200,20,2,0.17699115044247787,RCE,0
78,57,4,0,8,21,0.10256410256410256,0.2692307692307692,0,12,76,703,397,0,0,0,0,0,200,50,2,0.6410256410256411,RCE,0
45,24,4,0,0,11,0.0,0.24444444444444444,0,12,68,693,397,0,0,0,0,0,404,207,2,4.6,Normal,0
108,11,2,2,2,20,0.018518518518518517,0.18518518518518517,75,12,68,705,397,0,0,0,0,0,401,26,2,0.24074074074074073,SQL Injection,0
109,11,2,2,2,20,0.01834862385321101,0.1834862385321101,76,12,72,700,397,0,0,0,0,0,401,26,2,0.23853211009174313,SQL Injection,0
46,25,4,0,0,12,0.0,0.2608695652173913,0,12,72,697,397,0,0,0,0,0,404,31,2,0.6739130434782609,Normal,0
69,48,5,0,0,14,0.0,0.2028985507246377,0,12,68,714,397,0,0,0,0,0,404,207,2,3.0,Normal,0
50,29,4,0,0,11,0.0,0.22,0,12,119,767,397,0,0,0,0,0,404,38,2,0.76,Normal,0
100,11,2,2,2,20,0.02,0.2,67,12,107,755,397,0,0,0,0,0,401,26,2,0.26,SQL Injection,0
108,11,2,2,2,20,0.018518518518518517,0.18518518518518517,75,12,102,727,397,0,0,0,0,0,401,26,2,0.24074074074074073,SQL Injection,0
30,9,2,0,0,9,0.0,0.3,0,12,72,711,397,0,0,0,0,0,308,249,3,8.3,Normal,0
30,9,2,0,0,9,0.0,0.3,0,12,65,744,397,0,1,2,1,1,308,249,3,8.3,LOG4J,0
51,30,4,0,0,11,0.0,0.21568627450980393,0,12,107,755,397,0,0,0,0,0,404,38,2,0.7450980392156863,Normal,0
51,30,4,0,0,11,0.0,0.21568627450980393,0,12,107,744,397,0,0,0,0,0,404,38,2,0.7450980392156863,Normal,0
45,24,4,0,0,11,0.0,0.24444444444444444,0,12,82,721,397,0,0,0,0,0,404,207,2,4.6,Normal,0
33,12,1,0,0,8,0.0,0.24242424242424243,0,14,100,1061,397,0,0,0,0,0,302,211,4,6.393939393939394,Cookie Injection,1
37,16,3,0,0,10,0.0,0.2702702702702703,0,12,111,739,397,0,0,0,0,0,404,207,2,5.594594594594595,Normal,0
45,24,4,0,0,11,0.0,0.24444444444444444,0,12,107,737,397,0,0,0,0,0,404,207,2,4.6,Normal,0
46,25,4,0,0,11,0.0,0.2391304347826087,0,12,100,746,397,0,0,0,0,0,404,207,2,4.5,Normal,0
77,56,11,0,0,34,0.0,0.44155844155844154,0,12,111,748,397,0,0,0,0,0,200,63,2,0.8181818181818182,Directory Traversal,0
45,24,4,0,0,11,0.0,0.24444444444444444,0,12,66,696,397,0,0,0,0,0,404,207,2,4.6,Normal,0
48,27,4,0,0,11,0.0,0.22916666666666666,0,12,107,732,397,0,0,0,0,0,404,36,2,0.75,Normal,0
109,88,2,0,4,35,0.03669724770642202,0.3211009174311927,0,12,65,690,397,0,0,0,0,0,200,48,2,0.44036697247706424,RCE,0
91,19,3,1,4,21,0.04395604395604396,0.23076923076923078,50,12,69,717,397,0,0,0,0,0,200,24,2,0.26373626373626374,SQL Injection,0
40,19,4,0,0,11,0.0,0.275,0,12,103,731,397,0,0,0,0,0,404,31,2,0.775,Normal,0
45,24,4,0,0,11,0.0,0.24444444444444444,0,12,65,702,397,0,0,0,0,0,404,207,2,4.6,Normal,0
31,10,2,0,0,10,0.0,0.3225806451612903,0,12,69,708,397,0,0,0,0,0,200,70,2,2.2580645161290325,Normal,0
22,1,0,0,0,8,0.0,0.36363636363636365,0,12,107,755,397,0,0,0,0,0,200,34,2,1.5454545454545454,Normal,0
33,12,2,0,0,9,0.0,0.2727272727272727,0,12,65,702,397,0,0,0,0,0,404,28,2,0.8484848484848485,Normal,0
30,9,2,0,0,9,0.0,0.3,0,12,72,702,397,0,0,0,0,0,308,249,3,8.3,Normal,0
22,1,0,0,0,8,0.0,0.36363636363636365,0,12,107,895,555,0,1,2,1,1,200,34,2,1.5454545454545454,LOG4J,0
34,13,2,0,0,9,0.0,0.2647058823529412,0,12,107,744,397,0,0,0,0,0,404,28,2,0.8235294117647058,Normal,0
37,16,3,0,0,10,0.0,0.2702702702702703,0,12,107,753,397,0,0,0,0,0,404,207,2,5.594594594594595,Normal,0
78,57,4,0,8,21,0.10256410256410256,0.2692307692307692,0,12,66,714,397,0,0,0,0,0,200,50,2,0.6410256410256411,RCE,0
44,23,4,0,0,11,0.0,0.25,0,12,111,748,397,0,0,0,0,0,404,25,2,0.5681818181818182,Normal,0
106,11,2,2,2,20,0.018867924528301886,0.18867924528301888,73,12,107,735,397,0,0,0,0,0,401,26,2,0.24528301886792453,SQL Injection,0
50,29,4,0,0,11,0.0,0.22,0,12,69,694,397,0,0,0,0,0,404,38,2,0.76,Normal,0
46,25,3,0,0,11,0.0,0.2391304347826087,0,12,72,699,397,0,0,0,0,0,200,32,2,0.6956521739130435,Normal,0
44,23,4,0,0,11,0.0,0.25,0,12,100,730,397,0,0,0,0,0,200,3320,2,75.45454545454545,Normal,0
113,92,2,0,5,32,0.04424778761061947,0.2831858407079646,0,12,100,730,397,0,0,0,0,0,200,20,2,0.17699115044247787,RCE,0
39,18,2,0,0,10,0.0,0.2564102564102564,0,12,72,720,397,0,0,0,0,0,200,413,2,10.58974358974359,Normal,0
47,26,4,0,0,11,0.0,0.23404255319148937,0,12,107,744,397,0,0,0,0,0,401,26,2,0.5531914893617021,Normal,0
44,23,4,0,0,11,0.0,0.25,0,12,108,754,397,0,0,0,0,0,404,25,2,0.5681818181818182,Normal,0
31,10,2,0,0,10,0.0,0.3225806451612903,0,12,102,750,397,0,0,0,0,0,200,70,2,2.2580645161290325,Normal,0
96,19,3,1,4,22,0.041666666666666664,0.22916666666666666,55,12,66,691,397,0,0,0,0,0,200,49565,2,516.3020833333334,SQL Injection,0
40,19,4,0,0,11,0.0,0.275,0,12,72,711,397,0,0,0,0,0,404,31,2,0.775,Normal,0
109,88,2,0,4,35,0.03669724770642202,0.3211009174311927,0,12,112,740,397,0,0,0,0,0,200,48,2,0.44036697247706424,RCE,0
82,20,3,1,3,16,0.036585365853658534,0.1951219512195122,40,12,121,749,397,0,0,0,0,0,401,41,2,0.5,Log Forging,0
50,29,4,0,0,11,0.0,0.22,0,12,72,720,397,0,0,0,0,0,404,38,2,0.76,Normal,0
48,27,4,0,0,11,0.0,0.22916666666666666,0,12,99,726,397,0,0,0,0,0,404,36,2,0.75,Normal,0
49,28,4,0,0,12,0.0,0.24489795918367346,0,12,69,708,397,0,0,0,0,0,404,34,2,0.6938775510204082,Normal,0
92,19,3,1,4,22,0.043478260869565216,0.2391304347826087,51,12,100,730,397,0,0,0,0,0,200,204,2,2.217391304347826,SQL Injection,0
33,12,1,0,0,8,0.0,0.24242424242424243,0,14,99,1038,397,0,0,0,0,0,302,211,4,6.393939393939394,Cookie Injection,1
22,1,0,0,0,8,0.0,0.36363636363636365,0,12,69,694,397,0,0,0,0,0,200,34,2,1.5454545454545454,Normal,0
44,23,4,0,0,11,0.0,0.25,0,12,100,727,397,0,0,0,0,0,200,3320,2,75.45454545454545,Normal,0
39,18,2,0,0,10,0.0,0.2564102564102564,0,12,102,814,397,0,1,2,1,1,200,1449,2,37.15384615384615,LOG4J,0
93,19,3,1,4,21,0.043010752688172046,0.22580645161290322,52,12,121,760,397,0,0,0,0,0,200,32,2,0.34408602150537637,SQL Injection,0
33,12,1,0,0,8,0.0,0.24242424242424243,0,14,99,1043,397,0,0,0,0,0,302,211,4,6.393939393939394,Cookie Injection,1
46,25,3,0,0,11,0.0,0.2391304347826087,0,12,65,693,397,0,0,0,0,0,200,32,2,0.6956521739130435,Normal,0
69,48,7,0,0,25,0.0,0.36231884057971014,0,12,106,752,397,0,0,0,0,0,200,55,2,0.7971014492753623,Directory Traversal,0
78,20,3,1,3,16,0.038461538461538464,0.20512820512820512,36,12,112,739,397,0,0,0,0,0,401,41,2,0.5256410256410257,Log Forging,0
47,26,4,0,0,11,0.0,0.23404255319148937,0,12,76,724,397,0,0,0,0,0,401,26,2,0.5531914893617021,Normal,0
31,10,2,0,0,10,0.0,0.3225806451612903,0,12,82,730,397,0,0,0,0,0,200,70,2,2.2580645161290325,Normal,0
48,27,4,0,0,11,0.0,0.22916666666666666,0,12,106,743,397,0,0,0,0,0,404,36,2,0.75,Normal,0
46,25,3,0,0,11,0.0,0.2391304347826087,0,12,68,695,397,0,0,0,0,0,200,32,2,0.6956521739130435,Normal,0
22,1,0,0,0,8,0.0,0.36363636363636365,0,12,66,756,457,0,1,2,1,1,200,34,2,1.5454545454545454,LOG4J,0
33,12,2,0,0,9,0.0,0.2727272727272727,0,12,77,714,397,0,0,0,0,0,200,720,2,21.818181818181817,Normal,0
46,25,4,0,0,11,0.0,0.2391304347826087,0,12,72,700,397,0,0,0,0,0,404,207,2,4.5,Normal,0
22,1,0,0,0,8,0.0,0.36363636363636365,0,12,108,756,397,0,0,0,0,0,200,34,2,1.5454545454545454,Normal,0
46,25,4,0,0,12,0.0,0.2608695652173913,0,12,102,727,397,0,0,0,0,0,404,31,2,0.6739130434782609,Normal,0
109,88,2,0,4,35,0.03669724770642202,0.3211009174311927,0,12,103,728,397,0,0,0,0,0,200,48,2,0.44036697247706424,RCE,0
32,11,2,0,0,9,0.0,0.28125,0,12,111,757,397,0,0,0,0,0,200,20,2,0.625,Normal,0
37,16,3,0,0,10,0.0,0.2702702702702703,0,12,72,700,397,0,0,0,0,0,404,207,2,5.594594594594595,Normal,0
33,12,1,0,0,8,0.0,0.24242424242424243,0,13,108,1127,397,0,0,0,0,0,200,104,2,3.1515151515151514,Cookie Injection,0
113,92,2,0,5,32,0.04424778761061947,0.2831858407079646,0,12,119,747,397,0,0,0,0,0,200,20,2,0.17699115044247787,RCE,0
101,11,2,2,2,20,0.019801980198019802,0.19801980198019803,68,12,121,748,397,0,0,0,0,0,401,26,2,0.25742574257425743,SQL Injection,0
93,19,3,1,4,21,0.043010752688172046,0.22580645161290322,52,12,72,699,397,0,0,0,0,0,200,32,2,0.34408602150537637,SQL Injection,0
40,19,4,0,0,11,0.0,0.275,0,12,111,738,397,0,0,0,0,0,404,31,2,0.775,Normal,0
33,12,1,0,0,8,0.0,0.24242424242424243,0,14,105,1044,397,0,0,0,0,0,302,211,4,6.393939393939394,Cookie Injection,1
47,26,4,0,0,11,0.0,0.23404255319148937,0,12,111,759,397,0,0,0,0,0,401,26,2,0.5531914893617021,Normal,0
50,29,4,0,0,11,0.0,0.22,0,12,107,744,397,0,0,0,0,0,404,38,2,0.76,Normal,0
33,12,2,0,0,9,0.0,0.2727272727272727,0,12,107,735,397,0,0,0,0,0,200,21,2,0.6363636363636364,Normal,0
40,19,4,0,0,11,0.0,0.275,0,12,105,732,397,0,0,0,0,0,404,31,2,0.775,Normal,0
33,12,2,0,0,9,0.0,0.2727272727272727,0,12,101,828,397,0,1,2,1,1,200,746,2,22.606060606060606,LOG4J,0
39,18,2,0,0,10,0.0,0.2564102564102564,0,12,119,765,397,0,0,0,0,0,200,3719,2,95.35897435897436,Normal,0
30,9,2,0,0,9,0.0,0.3,0,12,102,739,397,0,0,0,0,0,308,249,3,8.3,Normal,0
77,20,3,1,3,16,0.03896103896103896,0.2077922077922078,35,12,69,708,397,0,0,0,0,0,401,41,2,0.5324675324675324,Log Forging,0
33,12,1,0,0,8,0.0,0.24242424242424243,0,14,77,1016,397,0,0,0,0,0,302,211,4,6.393939393939394,Cookie Injection,1
42,21,3,0,0,10,0.0,0.23809523809523808,0,12,101,749,397,0,0,0,0,0,200,933,2,22.214285714285715,Normal,0
108,11,2,2,2,20,0.018518518518518517,0.18518518518518517,75,12,76,706,397,0,0,0,0,0,401,26,2,0.24074074074074073,SQL Injection,0
75,54,9,0,0,31,0.0,0.41333333333333333,0,12,76,722,397,0,0,0,0,0,200,61,2,0.8133333333333334,Directory Traversal,0
71,50,9,0,0,28,0.0,0.39436619718309857,0,12,99,724,397,0,0,0,0,0,200,57,2,0.8028169014084507,Directory Traversal,0
22,1,0,0,0,8,0.0,0.36363636363636365,0,12,105,751,397,0,0,0,0,0,200,34,2,1.5454545454545454,Normal,0
47,26,4,0,0,11,0.0,0.23404255319148937,0,12,72,718,397,0,0,0,0,0,401,26,2,0.5531914893617021,Normal,0
91,19,3,1,4,21,0.04395604395604396,0.23076923076923078,50,12,108,756,397,0,0,0,0,0,200,24,2,0.26373626373626374,SQL Injection,0
78,20,3,1,3,16,0.038461538461538464,0.20512820512820512,36,12,82,728,397,0,0,0,0,0,401,41,2,0.5256410256410257,Log Forging,0
33,12,1,0,0,8,0.0,0.24242424242424243,0,14,69,1020,397,0,0,0,0,0,302,211,4,6.393939393939394,Cookie Injection,1
84,20,3,1,3,16,0.03571428571428571,0.19047619047619047,42,12,81,708,397,0,0,0,0,0,401,41,2,0.4880952380952381,Log Forging,0
78,20,3,1,3,16,0.038461538461538464,0.20512820512820512,36,12,77,705,397,0,0,0,0,0,401,41,2,0.5256410256410257,Log Forging,0
30,9,2,0,0,9,0.0,0.3,0,12,107,732,397,0,0,0,0,0,308,249,3,8.3,Normal,0
30,9,2,0,0,9,0.0,0.3,0,12,107,734,397,0,0,0,0,0,308,249,3,8.3,Normal,0
40,19,4,0,0,11,0.0,0.275,0,12,76,703,397,0,0,0,0,0,404,31,2,0.775,Normal,0
46,25,3,0,0,11,0.0,0.2391304347826087,0,12,100,748,397,0,0,0,0,0,200,32,2,0.6956521739130435,Normal,0
108,11,2,2,2,20,0.018518518518518517,0.18518518518518517,75,12,99,745,397,0,0,0,0,0,401,26,2,0.24074074074074073,SQL Injection,0
33,12,2,0,0,9,0.0,0.2727272727272727,0,12,69,773,473,0,1,2,1,1,200,664,2,20.12121212121212,LOG4J,0
33,12,2,0,0,9,0.0,0.2727272727272727,0,12,69,694,397,0,0,0,0,0,404,28,2,0.8484848484848485,Normal,0
33,12,1,0,0,8,0.0,0.24242424242424243,0,13,66,1094,397,0,0,0,0,0,200,106,2,3.212121212121212,Cookie Injection,0
77,20,3,1,3,16,0.03896103896103896,0.2077922077922078,35,12,107,753,397,0,0,0,0,0,401,41,2,0.5324675324675324,Log Forging,0
75,20,3,1,3,16,0.04,0.21333333333333335,33,12,106,754,397,0,0,0,0,0,401,41,2,0.5466666666666666,Log Forging,0
107,11,2,2,2,20,0.018691588785046728,0.18691588785046728,74,12,77,702,397,0,0,0,0,0,401,26,2,0.24299065420560748,SQL Injection,0
80,20,3,1,3,16,0.0375,0.2,38,12,111,739,397,0,0,0,0,0,401,41,2,0.5125,Log Forging,0
45,24,4,0,0,11,0.0,0.24444444444444444,0,12,107,744,397,0,0,0,0,0,404,207,2,4.6,Normal,0
109,11,2,2,2,20,0.01834862385321101,0.1834862385321101,76,12,99,745,397,0,0,0,0,0,401,26,2,0.23853211009174313,SQL Injection,0
33,12,1,0,0,8,0.0,0.24242424242424243,0,14,105,1042,397,0,0,0,0,0,302,211,4,6.393939393939394,Cookie Injection,1
109,88,2,0,4,35,0.03669724770642202,0.3211009174311927,0,12,77,704,397,0,0,0,0,0,200,48,2,0.44036697247706424,RCE,0
33,12,1,0,0,8,0.0,0.24242424242424243,0,13,108,1118,397,0,0,0,0,0,200,104,2,3.1515151515151514,Cookie Injection,0
72,51,8,0,0,28,0.0,0.3888888888888889,0,12,65,713,397,0,0,0,0,0,200,58,2,0.8055555555555556,Directory Traversal,0
48,27,4,0,0,11,0.0,0.22916666666666666,0,12,77,714,397,0,0,0,0,0,404,36,2,0.75,Normal,0
79,20,3,1,3,16,0.0379746835443038,0.20253164556962025,37,12,72,720,397,0,0,0,0,0,401,41,2,0.5189873417721519,Log Forging,0
46,25,3,0,0,11,0.0,0.2391304347826087,0,12,102,772,440,0,1,2,1,1,200,32,2,0.6956521739130435,LOG4J,0
46,25,4,0,0,12,0.0,0.2608695652173913,0,12,76,704,397,0,0,0,0,0,404,31,2,0.6739130434782609,Normal,0
93,19,3,1,4,21,0.043010752688172046,0.22580645161290322,52,12,101,728,397,0,0,0,0,0,200,32,2,0.34408602150537637,SQL Injection,0
33,12,1,0,0,8,0.0,0.24242424242424243,0,14,106,1068,397,0,0,0,0,0,302,211,4,6.393939393939394,Cookie Injection,1
109,88,2,0,4,35,0.03669724770642202,0.3211009174311927,0,12,107,732,397,0,0,0,0,0,200,48,2,0.44036697247706424,RCE,0
33,12,1,0,0,8,0.0,0.24242424242424243,0,14,102,1041,397,0,0,0,0,0,302,211,4,6.393939393939394,Cookie Injection,1
33,12,1,0,0,8,0.0,0.24242424242424243,0,14,101,1043,397,0,0,0,0,0,302,211,4,6.393939393939394,Cookie Injection,1
89,19,3,1,4,21,0.0449438202247191,0.23595505617977527,48,12,107,744,397,0,0,0,0,0,200,307960,2,3460.224719101124,SQL Injection,0
46,25,3,0,0,11,0.0,0.2391304347826087,0,12,72,709,397,0,0,0,0,0,200,32,2,0.6956521739130435,Normal,0
22,1,0,0,0,8,0.0,0.36363636363636365,0,12,112,772,418,0,1,2,1,1,200,34,2,1.5454545454545454,LOG4J,0
48,27,4,0,0,11,0.0,0.22916666666666666,0,12,72,718,397,0,0,0,0,0,404,36,2,0.75,Normal,0
37,16,3,0,0,10,0.0,0.2702702702702703,0,12,68,696,397,0,0,0,0,0,404,207,2,5.594594594594595,Normal,0
109,88,2,0,4,35,0.03669724770642202,0.3211009174311927,0,12,99,724,397,0,0,0,0,0,200,48,2,0.44036697247706424,RCE,0
32,11,2,0,0,9,0.0,0.28125,0,12,77,725,397,0,0,0,0,0,200,20,2,0.625,Normal,0
40,19,4,0,0,11,0.0,0.275,0,12,108,733,397,0,0,0,0,0,404,31,2,0.775,Normal,0
45,24,4,0,0,11,0.0,0.24444444444444444,0,12,72,762,397,0,1,2,1,1,200,3320,2,73.77777777777777,LOG4J,0
44,23,4,0,0,11,0.0,0.25,0,12,65,702,397,0,0,0,0,0,404,25,2,0.5681818181818182,Normal,0
109,11,2,2,2,20,0.01834862385321101,0.1834862385321101,76,12,81,729,397,0,0,0,0,0,401,26,2,0.23853211009174313,SQL Injection,0
46,25,4,0,0,12,0.0,0.2608695652173913,0,12,101,738,397,0,0,0,0,0,404,31,2,0.6739130434782609,Normal,0
33,12,1,0,0,8,0.0,0.24242424242424243,0,14,68,1028,397,0,0,0,0,0,302,211,4,6.393939393939394,Cookie Injection,1
78,20,3,1,3,16,0.038461538461538464,0.20512820512820512,36,12,68,695,397,0,0,0,0,0,401,41,2,0.5256410256410257,Log Forging,0
32,11,2,0,0,9,0.0,0.28125,0,12,107,734,397,0,0,0,0,0,200,20,2,0.625,Normal,0
46,25,4,0,0,12,0.0,0.2608695652173913,0,12,68,716,397,0,0,0,0,0,404,31,2,0.6739130434782609,Normal,0
49,28,4,0,0,12,0.0,0.24489795918367346,0,12,81,709,397,0,0,0,0,0,404,34,2,0.6938775510204082,Normal,0
112,11,2,2,2,20,0.017857142857142856,0.17857142857142858,79,12,112,760,397,0,0,0,0,0,401,26,2,0.23214285714285715,SQL Injection,0
49,28,4,0,0,12,0.0,0.24489795918367346,0,12,100,746,397,0,0,0,0,0,404,34,2,0.6938775510204082,Normal,0
69,48,5,0,0,14,0.0,0.2028985507246377,0,12,100,727,397,0,0,0,0,0,404,207,2,3.0,Normal,0
109,88,2,0,4,35,0.03669724770642202,0.3211009174311927,0,12,102,727,397,0,0,0,0,0,200,48,2,0.44036697247706424,RCE,0
69,48,5,0,0,14,0.0,0.2028985507246377,0,12,81,720,397,0,0,0,0,0,404,207,2,3.0,Normal,0
74,53,10,0,0,31,0.0,0.4189189189189189,0,12,82,709,397,0,0,0,0,0,200,60,2,0.8108108108108109,Directory Traversal,0
46,25,4,0,0,11,0.0,0.2391304347826087,0,12,72,700,397,0,0,0,0,0,404,207,2,4.5,Normal,0
39,18,2,0,0,10,0.0,0.2564102564102564,0,12,69,699,397,0,0,0,0,0,200,2734,2,70.1025641025641,Normal,0
33,12,1,0,0,8,0.0,0.24242424242424243,0,14,108,1061,397,0,0,0,0,0,302,211,4,6.393939393939394,Cookie Injection,1
37,16,3,0,0,10,0.0,0.2702702702702703,0,12,107,755,397,0,0,0,0,0,404,207,2,5.594594594594595,Normal,0
33,12,2,0,0,9,0.0,0.2727272727272727,0,12,107,746,397,0,0,0,0,0,404,28,2,0.8484848484848485,Normal,0
30,9,2,0,0,9,0.0,0.3,0,12,107,734,397,0,0,0,0,0,308,249,3,8.3,Normal,0
44,23,4,0,0,11,0.0,0.25,0,12,112,751,397,0,0,0,0,0,404,25,2,0.5681818181818182,Normal,0
39,18,2,0,0,10,0.0,0.2564102564102564,0,12,65,713,397,0,0,0,0,0,200,1449,2,37.15384615384615,Normal,0
78,57,4,0,8,21,0.10256410256410256,0.2692307692307692,0,12,69,715,397,0,0,0,0,0,200,50,2,0.6410256410256411,RCE,0
46,25,4,0,0,11,0.0,0.2391304347826087,0,12,81,729,397,0,0,0,0,0,404,207,2,4.5,Normal,0
46,25,4,0,0,11,0.0,0.2391304347826087,0,12,77,702,397,0,0,0,0,0,404,207,2,4.5,Normal,0
31,10,2,0,0,10,0.0,0.3225806451612903,0,12,100,737,397,0,0,0,0,0,200,70,2,2.2580645161290325,Normal,0
44,23,4,0,0,11,0.0,0.25,0,12,103,740,397,0,0,0,0,0,200,3320,2,75.45454545454545,Normal,0
78,20,3,1,3,16,0.038461538461538464,0.20512820512820512,36,12,72,711,397,0,0,0,0,0,401,41,2,0.5256410256410257,Log Forging,0
46,25,3,0,0,11,0.0,0.2391304347826087,0,12,68,698,397,0,0,0,0,0,200,32,2,0.6956521739130435,Normal,0
33,12,2,0,0,9,0.0,0.2727272727272727,0,12,111,759,397,0,0,0,0,0,200,350,2,10.606060606060606,Normal,0
33,12,1,0,0,8,0.0,0.24242424242424243,0,14,99,1043,397,0,0,0,0,0,302,211,4,6.393939393939394,Cookie Injection,1
33,12,1,0,0,8,0.0,0.24242424242424243,0,14,65,1012,397,0,0,0,0,0,302,211,4,6.393939393939394,Cookie Injection,1
33,12,1,0,0,8,0.0,0.24242424242424243,0,14,107,1048,397,0,0,0,0,0,302,211,4,6.393939393939394,Cookie Injection,1
82,20,3,1,4,17,0.04878048780487805,0.2073170731707317,40,12,72,697,397,0,0,0,0,0,401,41,2,0.5,Log Forging,0
46,25,3,0,0,11,0.0,0.2391304347826087,0,12,102,727,397,0,0,0,0,0,200,32,2,0.6956521739130435,Normal,0
69,48,5,0,0,14,0.0,0.2028985507246377,0,12,81,729,397,0,0,0,0,0,404,207,2,3.0,Normal,0
33,12,1,0,0,8,0.0,0.24242424242424243,0,13,100,1127,397,0,0,0,0,0,200,110,2,3.3333333333333335,Cookie Injection,0
33,12,2,0,0,9,0.0,0.2727272727272727,0,12,72,700,397,0,0,0,0,0,200,1604,2,48.60606060606061,Normal,0
109,88,2,0,4,35,0.03669724770642202,0.3211009174311927,0,12,107,737,397,0,0,0,0,0,200,48,2,0.44036697247706424,RCE,0
89,19,3,1,4,21,0.0449438202247191,0.23595505617977527,48,12,101,749,397,0,0,0,0,0,200,307960,2,3460.224719101124,SQL Injection,0
46,25,4,0,0,11,0.0,0.2391304347826087,0,12,77,723,397,0,0,0,0,0,404,207,2,4.5,Normal,0
30,9,2,0,0,9,0.0,0.3,0,12,107,737,397,0,0,0,0,0,308,249,3,8.3,Normal,0
80,20,3,1,3,16,0.0375,0.2,38,12,72,720,397,0,0,0,0,0,401,41,2,0.5125,Log Forging,0
93,19,3,1,4,21,0.043010752688172046,0.22580645161290322,52,12,100,730,397,0,0,0,0,0,200,32,2,0.34408602150537637,SQL Injection,0
49,28,4,0,0,12,0.0,0.24489795918367346,0,12,107,732,397,0,0,0,0,0,404,34,2,0.6938775510204082,Normal,0
39,18,2,0,0,10,0.0,0.2564102564102564,0,12,65,711,397,0,0,0,0,0,200,338,2,8.666666666666666,Normal,0
75,54,9,0,0,31,0.0,0.41333333333333333,0,12,65,713,397,0,0,0,0,0,200,61,2,0.8133333333333334,Directory Traversal,0
49,28,4,0,0,12,0.0,0.24489795918367346,0,12,108,756,397,0,0,0,0,0,404,34,2,0.6938775510204082,Normal,0
81,60,11,0,0,37,0.0,0.4567901234567901,0,12,65,693,397,0,0,0,0,0,200,67,2,0.8271604938271605,Directory Traversal,0
80,20,3,1,3,16,0.0375,0.2,38,12,72,720,397,0,0,0,0,0,401,41,2,0.5125,Log Forging,0
22,1,0,0,0,8,0.0,0.36363636363636365,0,12,121,769,397,0,0,0,0,0,200,34,2,1.5454545454545454,Normal,0
46,25,3,0,0,11,0.0,0.2391304347826087,0,12,68,696,397,0,0,0,0,0,200,32,2,0.6956521739130435,Normal,0
93,19,3,1,4,21,0.043010752688172046,0.22580645161290322,52,12,107,746,397,0,0,0,0,0,200,32,2,0.34408602150537637,SQL Injection,0
33,12,1,0,0,8,0.0,0.24242424242424243,0,13,72,1091,397,0,0,0,0,0,200,106,2,3.212121212121212,Cookie Injection,0
46,25,4,0,0,12,0.0,0.2608695652173913,0,12,101,749,397,0,0,0,0,0,404,31,2,0.6739130434782609,Normal,0
33,12,2,0,0,9,0.0,0.2727272727272727,0,12,111,741,397,0,0,0,0,0,200,852,2,25.818181818181817,Normal,0
69,48,7,0,0,25,0.0,0.36231884057971014,0,12,101,738,397,0,0,0,0,0,200,55,2,0.7971014492753623,Directory Traversal,0
31,10,2,0,0,10,0.0,0.3225806451612903,0,12,99,738,397,0,0,0,0,0,200,70,2,2.2580645161290325,Normal,0
72,51,8,0,0,28,0.0,0.3888888888888889,0,12,107,732,397,0,0,0,0,0,200,58,2,0.8055555555555556,Directory Traversal,0
45,24,4,0,0,11,0.0,0.24444444444444444,0,12,107,792,397,0,1,2,1,1,404,25,2,0.5555555555555556,LOG4J,0
39,18,2,0,0,10,0.0,0.2564102564102564,0,12,65,713,397,0,0,0,0,0,200,1619,2,41.51282051282051,Normal,0
46,25,3,0,0,11,0.0,0.2391304347826087,0,12,102,729,397,0,0,0,0,0,200,32,2,0.6956521739130435,Normal,0
113,11,2,2,2,20,0.017699115044247787,0.17699115044247787,80,12,77,725,397,0,0,0,0,0,401,26,2,0.23008849557522124,SQL Injection,0
80,59,12,0,0,37,0.0,0.4625,0,12,82,709,397,0,0,0,0,0,200,66,2,0.825,Directory Traversal,0
22,1,0,0,0,8,0.0,0.36363636363636365,0,12,65,970,663,0,1,2,1,1,200,34,2,1.5454545454545454,LOG4J,0
76,20,3,1,3,16,0.039473684210526314,0.21052631578947367,34,12,112,737,397,0,0,0,0,0,401,41,2,0.5394736842105263,Log Forging,0
49,28,4,0,0,12,0.0,0.24489795918367346,0,12,107,737,397,0,0,0,0,0,404,34,2,0.6938775510204082,Normal,0
30,9,2,0,0,9,0.0,0.3,0,12,105,753,397,0,0,0,0,0,308,249,3,8.3,Normal,0
46,25,4,0,0,11,0.0,0.2391304347826087,0,12,65,693,397,0,0,0,0,0,404,207,2,4.5,Normal,0
46,25,3,0,0,11,0.0,0.2391304347826087,0,12,101,887,397,0,1,2,1,1,200,32,2,0.6956521739130435,LOG4J,0
50,29,4,0,0,11,0.0,0.22,0,12,103,751,397,0,0,0,0,0,404,38,2,0.76,Normal,0
31,10,2,0,0,10,0.0,0.3225806451612903,0,12,69,717,397,0,0,0,0,0,200,70,2,2.2580645161290325,Normal,0
44,23,4,0,0,11,0.0,0.25,0,12,66,696,397,0,0,0,0,0,200,3320,2,75.45454545454545,Normal,0
37,16,3,0,0,10,0.0,0.2702702702702703,0,12,119,744,397,0,0,0,0,0,404,207,2,5.594594594594595,Normal,0
31,10,2,0,0,10,0.0,0.3225806451612903,0,12,77,723,397,0,0,0,0,0,200,70,2,2.2580645161290325,Normal,0
33,12,1,0,0,8,0.0,0.24242424242424243,0,13,100,1121,397,0,0,0,0,0,200,106,2,3.212121212121212,Cookie Injection,0
47,26,4,0,0,11,0.0,0.23404255319148937,0,12,101,731,397,0,0,0,0,0,404,207,2,4.404255319148936,Normal,0
22,1,0,0,0,8,0.0,0.36363636363636365,0,12,103,749,397,0,0,0,0,0,200,34,2,1.5454545454545454,Normal,0
49,28,4,0,0,12,0.0,0.24489795918367346,0,12,103,731,397,0,0,0,0,0,404,34,2,0.6938775510204082,Normal,0
33,12,1,0,0,8,0.0,0.24242424242424243,0,14,72,1023,397,0,0,0,0,0,302,211,4,6.393939393939394,Cookie Injection,1
50,29,4,0,0,11,0.0,0.22,0,12,69,819,397,0,1,2,1,1,404,38,2,0.76,LOG4J,0
92,19,3,1,4,21,0.043478260869565216,0.22826086956521738,51,12,107,744,397,0,0,0,0,0,200,198,2,2.152173913043478,SQL Injection,0
109,11,2,2,2,20,0.01834862385321101,0.1834862385321101,76,12,112,737,397,0,0,0,0,0,401,26,2,0.23853211009174313,SQL Injection,0
46,25,4,0,0,12,0.0,0.2608695652173913,0,12,99,724,397,0,0,0,0,0,404,31,2,0.6739130434782609,Normal,0
46,25,4,0,0,12,0.0,0.2608695652173913,0,12,107,737,397,0,0,0,0,0,404,31,2,0.6739130434782609,Normal,0
40,19,4,0,0,11,0.0,0.275,0,12,107,732,397,0,0,0,0,0,404,31,2,0.775,Normal,0
33,12,2,0,0,9,0.0,0.2727272727272727,0,12,65,704,397,0,0,0,0,0,404,28,2,0.8484848484848485,Normal,0
46,25,4,0,0,11,0.0,0.2391304347826087,0,12,72,709,397,0,0,0,0,0,404,207,2,4.5,Normal,0
42,21,3,0,0,10,0.0,0.23809523809523808,0,12,111,750,397,0,0,0,0,0,200,933,2,22.214285714285715,Normal,0
42,21,3,0,0,10,0.0,0.23809523809523808,0,12,103,733,397,0,0,0,0,0,200,933,2,22.214285714285715,Normal,0
91,19,3,1,4,21,0.04395604395604396,0.23076923076923078,50,12,106,734,397,0,0,0,0,0,200,24,2,0.26373626373626374,SQL Injection,0
78,57,10,0,0,34,0.0,0.4358974358974359,0,12,106,752,397,0,0,0,0,0,200,64,2,0.8205128205128205,Directory Traversal,0
37,16,3,0,0,10,0.0,0.2702702702702703,0,12,65,713,397,0,0,0,0,0,404,207,2,5.594594594594595,Normal,0
39,18,2,0,0,10,0.0,0.2564102564102564,0,12,82,719,397,0,0,0,0,0,200,1163,2,29.82051282051282,Normal,0
44,23,4,0,0,11,0.0,0.25,0,12,107,821,472,0,1,2,1,1,404,25,2,0.5681818181818182,LOG4J,0
69,48,5,0,0,14,0.0,0.2028985507246377,0,12,72,795,397,0,1,2,1,1,404,207,2,3.0,LOG4J,0
44,23,4,0,0,11,0.0,0.25,0,12,121,871,397,0,1,2,1,1,200,3320,2,75.45454545454545,LOG4J,0
40,19,4,0,0,11,0.0,0.275,0,12,72,720,397,0,0,0,0,0,404,31,2,0.775,Normal,0
47,26,4,0,0,12,0.0,0.2553191489361702,0,12,66,691,397,0,0,0,0,0,404,31,2,0.6595744680851063,Normal,0
48,27,4,0,0,11,0.0,0.22916666666666666,0,12,72,697,397,0,0,0,0,0,404,36,2,0.75,Normal,0
49,28,4,0,0,12,0.0,0.24489795918367346,0,12,76,722,397,0,0,0,0,0,404,34,2,0.6938775510204082,Normal,0
103,11,2,2,2,20,0.019417475728155338,0.1941747572815534,70,12,102,729,397,0,0,0,0,0,401,26,2,0.2524271844660194,SQL Injection,0
77,20,3,1,3,16,0.03896103896103896,0.2077922077922078,35,12,107,734,397,0,0,0,0,0,401,41,2,0.5324675324675324,Log Forging,0
72,51,8,0,0,28,0.0,0.3888888888888889,0,12,77,716,397,0,0,0,0,0,200,58,2,0.8055555555555556,Directory Traversal,0
92,19,3,1,4,21,0.043478260869565216,0.22826086956521738,51,12,107,734,397,0,0,0,0,0,200,198,2,2.152173913043478,SQL Injection,0
71,50,9,0,0,28,0.0,0.39436619718309857,0,12,107,737,397,0,0,0,0,0,200,57,2,0.8028169014084507,Directory Traversal,0
107,11,2,2,2,20,0.018691588785046728,0.18691588785046728,74,12,107,755,397,0,0,0,0,0,401,26,2,0.24299065420560748,SQL Injection,0
33,12,1,0,0,8,0.0,0.24242424242424243,0,13,108,1127,397,0,0,0,0,0,200,105,2,3.1818181818181817,Cookie Injection,0
49,28,4,0,0,12,0.0,0.24489795918367346,0,12,107,735,397,0,0,0,0,0,404,34,2,0.6938775510204082,Normal,0
33,12,1,0,0,8,0.0,0.24242424242424243,0,13,65,1075,397,0,0,0,0,0,200,104,2,3.1515151515151514,Cookie Injection,0
33,12,1,0,0,8,0.0,0.24242424242424243,0,13,72,1091,397,0,0,0,0,0,200,104,2,3.1515151515151514,Cookie Injection,0
92,19,3,1,4,22,0.043478260869565216,0.2391304347826087,51,12,65,692,397,0,0,0,0,0,200,204,2,2.217391304347826,SQL Injection,0
22,1,0,0,0,8,0.0,0.36363636363636365,0,12,105,744,397,0,0,0,0,0,200,34,2,1.5454545454545454,Normal,0
46,25,3,0,0,11,0.0,0.2391304347826087,0,12,82,730,397,0,0,0,0,0,200,32,2,0.6956521739130435,Normal,0
77,20,3,1,3,16,0.03896103896103896,0.2077922077922078,35,12,100,725,397,0,0,0,0,0,401,41,2,0.5324675324675324,Log Forging,0
78,57,10,0,0,34,0.0,0.4358974358974359,0,12,77,716,397,0,0,0,0,0,200,64,2,0.8205128205128205,Directory Traversal,0
84,63,12,0,0,40,0.0,0.47619047619047616,0,12,107,734,397,0,0,0,0,0,200,70,2,0.8333333333333334,Directory Traversal,0
30,9,2,0,0,9,0.0,0.3,0,12,103,728,397,0,0,0,0,0,308,249,3,8.3,Normal,0
48,27,4,0,0,11,0.0,0.22916666666666666,0,12,119,765,397,0,0,0,0,0,404,36,2,0.75,Normal,0
48,27,4,0,0,11,0.0,0.22916666666666666,0,12,107,755,397,0,0,0,0,0,404,36,2,0.75,Normal,0
74,20,3,1,3,16,0.04054054054054054,0.21621621621621623,32,12,100,739,397,0,0,0,0,0,401,41,2,0.5540540540540541,Log Forging,0
30,9,2,0,0,9,0.0,0.3,0,12,107,737,397,0,0,0,0,0,308,249,3,8.3,Normal,0
76,20,3,1,3,16,0.039473684210526314,0.21052631578947367,34,12,107,755,397,0,0,0,0,0,401,41,2,0.5394736842105263,Log Forging,0
89,19,3,1,4,21,0.0449438202247191,0.23595505617977527,48,12,65,711,397,0,0,0,0,0,200,307960,2,3460.224719101124,SQL Injection,0
33,12,2,0,0,9,0.0,0.2727272727272727,0,12,77,725,397,0,0,0,0,0,200,2689,2,81.48484848484848,Normal,0
113,92,2,0,5,32,0.04424778761061947,0.2831858407079646,0,12,82,709,397,0,0,0,0,0,200,20,2,0.17699115044247787,RCE,0
84,20,3,1,4,17,0.047619047619047616,0.20238095238095238,42,12,72,720,397,0,0,0,0,0,401,41,2,0.4880952380952381,Log Forging,0
78,20,3,1,3,16,0.038461538461538464,0.20512820512820512,36,12,102,727,397,0,0,0,0,0,401,41,2,0.5256410256410257,Log Forging,0
92,19,3,1,4,21,0.043478260869565216,0.22826086956521738,51,12,76,704,397,0,0,0,0,0,200,198,2,2.152173913043478,SQL Injection,0
84,20,3,1,4,17,0.047619047619047616,0.20238095238095238,42,12,65,702,397,0,0,0,0,0,401,41,2,0.4880952380952381,Log Forging,0
109,88,2,0,4,35,0.03669724770642202,0.3211009174311927,0,12,76,701,397,0,0,0,0,0,200,48,2,0.44036697247706424,RCE,0
44,23,4,0,0,11,0.0,0.25,0,12,119,765,397,0,0,0,0,0,200,3320,2,75.45454545454545,Normal,0
111,11,2,2,2,20,0.018018018018018018,0.18018018018018017,78,12,107,744,397,0,0,0,0,0,401,26,2,0.23423423423423423,SQL Injection,0
77,20,3,1,3,16,0.03896103896103896,0.2077922077922078,35,12,65,702,397,0,0,0,0,0,401,41,2,0.5324675324675324,Log Forging,0
49,28,4,0,0,12,0.0,0.24489795918367346,0,12,65,711,397,0,0,0,0,0,404,34,2,0.6938775510204082,Normal,0
99,11,2,2,2,20,0.020202020202020204,0.20202020202020202,66,12,77,725,397,0,0,0,0,0,401,26,2,0.26262626262626265,SQL Injection,0
89,19,3,1,4,21,0.0449438202247191,0.23595505617977527,48,12,103,740,397,0,0,0,0,0,200,307960,2,3460.224719101124,SQL Injection,0
80,20,3,1,3,16,0.0375,0.2,38,12,108,735,397,0,0,0,0,0,401,41,2,0.5125,Log Forging,0
69,48,5,0,0,14,0.0,0.2028985507246377,0,12,101,747,397,0,0,0,0,0,404,207,2,3.0,Normal,0
46,25,4,0,0,11,0.0,0.2391304347826087,0,12,65,804,397,0,1,2,1,1,404,207,2,4.5,LOG4J,0
111,11,2,2,2,20,0.018018018018018018,0.18018018018018017,78,12,106,743,397,0,0,0,0,0,401,26,2,0.23423423423423423,SQL Injection,0
113,92,2,0,5,32,0.04424778761061947,0.2831858407079646,0,12,108,738,397,0,0,0,0,0,200,20,2,0.17699115044247787,RCE,0
46,25,4,0,0,12,0.0,0.2608695652173913,0,12,107,737,397,0,0,0,0,0,404,31,2,0.6739130434782609,Normal,0
32,11,2,0,0,9,0.0,0.28125,0,12,76,704,397,0,0,0,0,0,200,20,2,0.625,Normal,0
33,12,1,0,0,8,0.0,0.24242424242424243,0,13,99,1106,397,0,0,0,0,0,200,106,2,3.212121212121212,Cookie Injection,0
33,12,1,0,0,8,0.0,0.24242424242424243,0,14,107,1057,397,0,0,0,0,0,302,211,4,6.393939393939394,Cookie Injection,1
30,9,2,0,0,9,0.0,0.3,0,12,100,737,397,0,0,0,0,0,308,249,3,8.3,Normal,0
45,24,4,0,0,11,0.0,0.24444444444444444,0,12,106,851,503,0,1,2,1,1,404,207,2,4.6,LOG4J,0
97,19,3,1,4,22,0.041237113402061855,0.2268041237113402,56,12,82,719,397,0,0,0,0,0,200,49565,2,510.97938144329896,SQL Injection,0
91,19,3,1,4,21,0.04395604395604396,0.23076923076923078,50,12,65,711,397,0,0,0,0,0,200,24,2,0.26373626373626374,SQL Injection,0
91,19,3,1,4,21,0.04395604395604396,0.23076923076923078,50,12,107,732,397,0,0,0,0,0,200,24,2,0.26373626373626374,SQL Injection,0
31,10,2,0,0,10,0.0,0.3225806451612903,0,12,107,805,397,0,1,2,1,1,200,70,2,2.2580645161290325,LOG4J,0
48,27,4,0,0,11,0.0,0.22916666666666666,0,12,65,692,397,0,0,0,0,0,404,36,2,0.75,Normal,0
69,48,5,0,0,14,0.0,0.2028985507246377,0,12,65,692,397,0,0,0,0,0,404,207,2,3.0,Normal,0
45,24,4,0,0,11,0.0,0.24444444444444444,0,12,121,751,397,0,0,0,0,0,404,25,2,0.5555555555555556,Normal,0
38,17,3,0,0,10,0.0,0.2631578947368421,0,12,107,755,397,0,0,0,0,0,404,207,2,5.447368421052632,Normal,0
22,1,0,0,0,8,0.0,0.36363636363636365,0,12,107,755,397,0,0,0,0,0,200,34,2,1.5454545454545454,Normal,0
37,16,3,0,0,10,0.0,0.2702702702702703,0,12,121,746,397,0,0,0,0,0,404,207,2,5.594594594594595,Normal,0
39,18,2,0,0,10,0.0,0.2564102564102564,0,12,72,779,397,0,1,2,1,1,200,664,2,17.025641025641026,LOG4J,0
46,25,3,0,0,11,0.0,0.2391304347826087,0,12,107,732,397,0,0,0,0,0,200,32,2,0.6956521739130435,Normal,0
68,47,8,0,0,25,0.0,0.36764705882352944,0,12,81,706,397,0,0,0,0,0,200,54,2,0.7941176470588235,Directory Traversal,0
113,92,2,0,5,32,0.04424778761061947,0.2831858407079646,0,12,107,737,397,0,0,0,0,0,200,20,2,0.17699115044247787,RCE,0
42,21,3,0,0,10,0.0,0.23809523809523808,0,12,112,740,397,0,0,0,0,0,200,933,2,22.214285714285715,Normal,0
113,92,2,0,5,32,0.04424778761061947,0.2831858407079646,0,12,82,707,397,0,0,0,0,0,200,20,2,0.17699115044247787,RCE,0
33,12,1,0,0,8,0.0,0.24242424242424243,0,14,101,1052,397,0,0,0,0,0,302,211,4,6.393939393939394,Cookie Injection,1
22,1,0,0,0,8,0.0,0.36363636363636365,0,12,66,696,397,0,0,0,0,0,200,34,2,1.5454545454545454,Normal,0
70,49,5,0,0,14,0.0,0.2,0,12,77,707,397,0,0,0,0,0,404,207,2,2.9571428571428573,Normal,0
69,48,5,0,0,14,0.0,0.2028985507246377,0,12,68,693,397,0,0,0,0,0,404,207,2,3.0,Normal,0
39,18,2,0,0,10,0.0,0.2564102564102564,0,12,100,730,397,0,0,0,0,0,200,1604,2,41.12820512820513,Normal,0
81,60,11,0,0,37,0.0,0.4567901234567901,0,12,121,758,397,0,0,0,0,0,200,67,2,0.8271604938271605,Directory Traversal,0
113,92,2,0,5,32,0.04424778761061947,0.2831858407079646,0,12,66,705,397,0,0,0,0,0,200,20,2,0.17699115044247787,RCE,0
32,11,2,0,0,9,0.0,0.28125,0,12,72,711,397,0,0,0,0,0,200,20,2,0.625,Normal,0
91,19,3,1,4,21,0.04395604395604396,0.23076923076923078,50,12,108,747,397,0,0,0,0,0,200,24,2,0.26373626373626374,SQL Injection,0
46,25,4,0,0,11,0.0,0.2391304347826087,0,12,65,702,397,0,0,0,0,0,404,207,2,4.5,Normal,0
42,21,3,0,0,10,0.0,0.23809523809523808,0,12,107,737,397,0,0,0,0,0,200,933,2,22.214285714285715,Normal,0
78,57,4,0,8,21,0.10256410256410256,0.2692307692307692,0,12,65,695,397,0,0,0,0,0,200,50,2,0.6410256410256411,RCE,0
71,50,9,0,0,28,0.0,0.39436619718309857,0,12,107,732,397,0,0,0,0,0,200,57,2,0.8028169014084507,Directory Traversal,0
99,11,2,2,2,20,0.020202020202020204,0.20202020202020202,66,12,105,753,397,0,0,0,0,0,401,26,2,0.26262626262626265,SQL Injection,0
47,26,3,0,0,11,0.0,0.23404255319148937,0,12,72,700,397,0,0,0,0,0,200,33,2,0.7021276595744681,Normal,0
33,12,1,0,0,8,0.0,0.24242424242424243,0,14,107,1060,397,0,0,0,0,0,302,211,4,6.393939393939394,Cookie Injection,1
106,11,2,2,2,20,0.018867924528301886,0.18867924528301888,73,12,101,749,397,0,0,0,0,0,401,26,2,0.24528301886792453,SQL Injection,0
117,11,2,2,2,20,0.017094017094017096,0.17094017094017094,84,12,66,703,397,0,0,0,0,0,401,26,2,0.2222222222222222,SQL Injection,0
44,23,4,0,0,11,0.0,0.25,0,12,72,711,397,0,0,0,0,0,200,3320,2,75.45454545454545,Normal,0
33,12,2,0,0,9,0.0,0.2727272727272727,0,12,102,727,397,0,0,0,0,0,404,28,2,0.8484848484848485,Normal,0
83,62,13,0,0,40,0.0,0.4819277108433735,0,12,111,748,397,0,0,0,0,0,200,69,2,0.8313253012048193,Directory Traversal,0
50,29,4,0,0,11,0.0,0.22,0,12,100,739,397,0,0,0,0,0,404,38,2,0.76,Normal,0
46,25,3,0,0,11,0.0,0.2391304347826087,0,12,77,723,397,0,0,0,0,0,200,32,2,0.6956521739130435,Normal,0
44,23,4,0,0,11,0.0,0.25,0,12,107,753,397,0,0,0,0,0,404,25,2,0.5681818181818182,Normal,0
30,9,2,0,0,9,0.0,0.3,0,12,68,695,397,0,0,0,0,0,308,249,3,8.3,Normal,0
96,19,3,1,4,22,0.041666666666666664,0.22916666666666666,55,12,107,755,397,0,0,0,0,0,200,49565,2,516.3020833333334,SQL Injection,0
37,16,3,0,0,10,0.0,0.2702702702702703,0,12,82,707,397,0,0,0,0,0,404,207,2,5.594594594594595,Normal,0
22,1,0,0,0,8,0.0,0.36363636363636365,0,12,105,903,397,0,1,2,1,1,200,34,2,1.5454545454545454,LOG4J,0
117,11,2,2,2,20,0.017094017094017096,0.17094017094017094,84,12,77,704,397,0,0,0,0,0,401,26,2,0.2222222222222222,SQL Injection,0
91,19,3,1,4,21,0.04395604395604396,0.23076923076923078,50,12,111,748,397,0,0,0,0,0,200,24,2,0.26373626373626374,SQL Injection,0
42,21,3,0,0,10,0.0,0.23809523809523808,0,12,72,781,397,0,1,2,1,1,200,933,2,22.214285714285715,LOG4J,0
50,29,4,0,0,11,0.0,0.22,0,12,103,731,397,0,0,0,0,0,404,38,2,0.76,Normal,0
33,12,1,0,0,8,0.0,0.24242424242424243,0,14,107,1060,397,0,0,0,0,0,302,211,4,6.393939393939394,Cookie Injection,1
33,12,2,0,0,9,0.0,0.2727272727272727,0,12,107,732,397,0,0,0,0,0,200,21,2,0.6363636363636364,Normal,0
46,25,3,0,0,11,0.0,0.2391304347826087,0,12,76,706,397,0,0,0,0,0,200,32,2,0.6956521739130435,Normal,0
46,25,4,0,0,11,0.0,0.2391304347826087,0,12,66,691,397,0,0,0,0,0,404,207,2,4.5,Normal,0
71,50,9,0,0,28,0.0,0.39436619718309857,0,12,81,711,397,0,0,0,0,0,200,57,2,0.8028169014084507,Directory Traversal,0
93,19,3,1,4,21,0.043010752688172046,0.22580645161290322,52,12,76,704,397,0,0,0,0,0,200,32,2,0.34408602150537637,SQL Injection,0
46,25,4,0,0,11,0.0,0.2391304347826087,0,12,107,735,397,0,0,0,0,0,404,207,2,4.5,Normal,0
89,19,3,1,4,21,0.0449438202247191,0.23595505617977527,48,12,65,692,397,0,0,0,0,0,200,307960,2,3460.224719101124,SQL Injection,0
49,28,4,0,0,12,0.0,0.24489795918367346,0,12,111,750,397,0,0,0,0,0,404,34,2,0.6938775510204082,Normal,0
46,25,4,0,0,12,0.0,0.2608695652173913,0,12,65,711,397,0,0,0,0,0,404,31,2,0.6739130434782609,Normal,0
22,1,0,0,0,8,0.0,0.36363636363636365,0,12,111,748,397,0,0,0,0,0,200,34,2,1.5454545454545454,Normal,0
74,53,10,0,0,31,0.0,0.4189189189189189,0,12,102,750,397,0,0,0,0,0,200,60,2,0.8108108108108109,Directory Traversal,0
69,48,5,0,0,14,0.0,0.2028985507246377,0,12,65,690,397,0,0,0,0,0,404,207,2,3.0,Normal,0
22,1,0,0,0,8,0.0,0.36363636363636365,0,12,101,749,397,0,0,0,0,0,200,34,2,1.5454545454545454,Normal,0
45,24,4,0,0,11,0.0,0.24444444444444444,0,12,81,718,397,0,0,0,0,0,404,207,2,4.6,Normal,0
40,19,4,0,0,11,0.0,0.275,0,12,108,747,397,0,0,0,0,0,404,31,2,0.775,Normal,0
31,10,2,0,0,10,0.0,0.3225806451612903,0,12,81,729,397,0,0,0,0,0,200,70,2,2.2580645161290325,Normal,0
46,25,4,0,0,11,0.0,0.2391304347826087,0,12,105,744,397,0,0,0,0,0,404,207,2,4.5,Normal,0
81,20,3,1,3,16,0.037037037037037035,0.19753086419753085,39,12,107,753,397,0,0,0,0,0,401,41,2,0.5061728395061729,Log Forging,0
32,11,2,0,0,9,0.0,0.28125,0,12,119,833,397,0,1,2,1,1,200,20,2,0.625,LOG4J,0
33,12,1,0,0,8,0.0,0.24242424242424243,0,14,119,1056,397,0,0,0,0,0,302,211,4,6.393939393939394,Cookie Injection,1
46,25,4,0,0,12,0.0,0.2608695652173913,0,12,119,756,397,0,0,0,0,0,404,31,2,0.6739130434782609,Normal,0
78,57,4,0,8,21,0.10256410256410256,0.2692307692307692,0,12,65,713,397,0,0,0,0,0,200,50,2,0.6410256410256411,RCE,0
48,27,4,0,0,11,0.0,0.22916666666666666,0,12,103,742,397,0,0,0,0,0,404,36,2,0.75,Normal,0
31,10,2,0,0,10,0.0,0.3225806451612903,0,12,106,734,397,0,0,0,0,0,200,70,2,2.2580645161290325,Normal,0
78,57,4,0,8,21,0.10256410256410256,0.2692307692307692,0,12,77,704,397,0,0,0,0,0,200,50,2,0.6410256410256411,RCE,0
33,12,1,0,0,8,0.0,0.24242424242424243,0,14,100,1047,397,0,0,0,0,0,302,211,4,6.393939393939394,Cookie Injection,1
48,27,4,0,0,11,0.0,0.22916666666666666,0,12,106,754,397,0,0,0,0,0,404,36,2,0.75,Normal,0
42,21,3,0,0,10,0.0,0.23809523809523808,0,12,103,733,397,0,0,0,0,0,200,933,2,22.214285714285715,Normal,0
44,23,4,0,0,11,0.0,0.25,0,12,112,760,397,0,0,0,0,0,404,25,2,0.5681818181818182,Normal,0
33,12,2,0,0,9,0.0,0.2727272727272727,0,12,108,736,397,0,0,0,0,0,200,720,2,21.818181818181817,Normal,0
107,11,2,2,2,20,0.018691588785046728,0.18691588785046728,74,12,100,727,397,0,0,0,0,0,401,26,2,0.24299065420560748,SQL Injection,0
105,11,2,2,2,20,0.01904761904761905,0.19047619047619047,72,12,68,705,397,0,0,0,0,0,401,26,2,0.24761904761904763,SQL Injection,0
77,56,11,0,0,34,0.0,0.44155844155844154,0,12,65,711,397,0,0,0,0,0,200,63,2,0.8181818181818182,Directory Traversal,0
92,19,3,1,4,21,0.043478260869565216,0.22826086956521738,51,12,103,731,397,0,0,0,0,0,200,198,2,2.152173913043478,SQL Injection,0
49,28,4,0,0,12,0.0,0.24489795918367346,0,12,100,725,397,0,0,0,0,0,404,34,2,0.6938775510204082,Normal,0
75,20,3,1,3,16,0.04,0.21333333333333335,33,12,119,747,397,0,0,0,0,0,401,41,2,0.5466666666666666,Log Forging,0
30,9,2,0,0,9,0.0,0.3,0,12,107,753,397,0,0,0,0,0,308,249,3,8.3,Normal,0
50,29,4,0,0,11,0.0,0.22,0,12,82,728,397,0,0,0,0,0,404,38,2,0.76,Normal,0
104,11,2,2,2,20,0.019230769230769232,0.19230769230769232,71,12,99,727,397,0,0,0,0,0,401,26,2,0.25,SQL Injection,0
40,19,4,0,0,11,0.0,0.275,0,12,65,702,397,0,0,0,0,0,404,31,2,0.775,Normal,0
78,57,4,0,8,21,0.10256410256410256,0.2692307692307692,0,12,107,746,397,0,0,0,0,0,200,50,2,0.6410256410256411,RCE,0
31,10,2,0,0,10,0.0,0.3225806451612903,0,12,103,742,397,0,0,0,0,0,200,70,2,2.2580645161290325,Normal,0
46,25,4,0,0,12,0.0,0.2608695652173913,0,12,111,759,397,0,0,0,0,0,404,31,2,0.6739130434782609,Normal,0
78,57,10,0,0,34,0.0,0.4358974358974359,0,12,68,693,397,0,0,0,0,0,200,64,2,0.8205128205128205,Directory Traversal,0
74,53,10,0,0,31,0.0,0.4189189189189189,0,12,81,729,397,0,0,0,0,0,200,60,2,0.8108108108108109,Directory Traversal,0
33,12,1,0,0,8,0.0,0.24242424242424243,0,13,103,1110,397,0,0,0,0,0,200,105,2,3.1818181818181817,Cookie Injection,0
50,29,4,0,0,11,0.0,0.22,0,12,66,703,397,0,0,0,0,0,404,38,2,0.76,Normal,0
68,47,8,0,0,25,0.0,0.36764705882352944,0,12,77,725,397,0,0,0,0,0,200,54,2,0.7941176470588235,Directory Traversal,0
46,25,4,0,0,11,0.0,0.2391304347826087,0,12,107,755,397,0,0,0,0,0,404,207,2,4.5,Normal,0
37,16,3,0,0,10,0.0,0.2702702702702703,0,12,77,704,397,0,0,0,0,0,404,207,2,5.594594594594595,Normal,0
46,25,4,0,0,12,0.0,0.2608695652173913,0,12,107,755,397,0,0,0,0,0,404,31,2,0.6739130434782609,Normal,0
33,12,2,0,0,9,0.0,0.2727272727272727,0,12,72,699,397,0,0,0,0,0,404,28,2,0.8484848484848485,Normal,0
39,18,2,0,0,10,0.0,0.2564102564102564,0,12,107,737,397,0,0,0,0,0,200,852,2,21.846153846153847,Normal,0
108,11,2,2,2,20,0.018518518518518517,0.18518518518518517,75,12,112,740,397,0,0,0,0,0,401,26,2,0.24074074074074073,SQL Injection,0
109,88,2,0,4,35,0.03669724770642202,0.3211009174311927,0,12,65,693,397,0,0,0,0,0,200,48,2,0.44036697247706424,RCE,0
49,28,4,0,0,12,0.0,0.24489795918367346,0,12,100,725,397,0,0,0,0,0,404,34,2,0.6938775510204082,Normal,0
39,18,2,0,0,10,0.0,0.2564102564102564,0,12,76,704,397,0,0,0,0,0,200,664,2,17.025641025641026,Normal,0
44,23,4,0,0,11,0.0,0.25,0,12,72,700,397,0,0,0,0,0,200,3320,2,75.45454545454545,Normal,0
37,16,3,0,0,10,0.0,0.2702702702702703,0,12,107,796,440,0,1,2,1,1,404,207,2,5.594594594594595,LOG4J,0
44,23,4,0,0,11,0.0,0.25,0,12,107,734,397,0,0,0,0,0,404,25,2,0.5681818181818182,Normal,0
46,25,4,0,0,12,0.0,0.2608695652173913,0,12,68,693,397,0,0,0,0,0,404,31,2,0.6739130434782609,Normal,0
40,19,4,0,0,11,0.0,0.275,0,12,77,714,397,0,0,0,0,0,404,31,2,0.775,Normal,0
84,20,3,1,4,17,0.047619047619047616,0.20238095238095238,42,12,107,737,397,0,0,0,0,0,401,41,2,0.4880952380952381,Log Forging,0
33,12,1,0,0,8,0.0,0.24242424242424243,0,14,65,1025,397,0,0,0,0,0,302,211,4,6.393939393939394,Cookie Injection,1
78,57,4,0,8,21,0.10256410256410256,0.2692307692307692,0,12,106,752,397,0,0,0,0,0,200,50,2,0.6410256410256411,RCE,0
49,28,4,0,0,12,0.0,0.24489795918367346,0,12,102,748,397,0,0,0,0,0,404,34,2,0.6938775510204082,Normal,0
30,9,2,0,0,9,0.0,0.3,0,12,107,753,397,0,0,0,0,0,308,249,3,8.3,Normal,0
105,11,2,2,2,20,0.01904761904761905,0.19047619047619047,72,12,100,748,397,0,0,0,0,0,401,26,2,0.24761904761904763,SQL Injection,0
33,12,1,0,0,8,0.0,0.24242424242424243,0,13,82,1092,397,0,0,0,0,0,200,106,2,3.212121212121212,Cookie Injection,0
33,12,1,0,0,8,0.0,0.24242424242424243,0,13,100,1107,397,0,0,0,0,0,200,104,2,3.1515151515151514,Cookie Injection,0
47,26,4,0,0,11,0.0,0.23404255319148937,0,12,101,738,397,0,0,0,0,0,401,26,2,0.5531914893617021,Normal,0
30,9,2,0,0,9,0.0,0.3,0,12,77,702,397,0,0,0,0,0,308,249,3,8.3,Normal,0
108,11,2,2,2,20,0.018518518518518517,0.18518518518518517,75,12,72,702,397,0,0,0,0,0,401,26,2,0.24074074074074073,SQL Injection,0
33,12,1,0,0,8,0.0,0.24242424242424243,0,14,66,1017,397,0,0,0,0,0,302,211,4,6.393939393939394,Cookie Injection,1
106,11,2,2,2,20,0.018867924528301886,0.18867924528301888,73,12,65,704,397,0,0,0,0,0,401,26,2,0.24528301886792453,SQL Injection,0
33,12,2,0,0,9,0.0,0.2727272727272727,0,12,100,748,397,0,0,0,0,0,404,28,2,0.8484848484848485,Normal,0
92,19,3,1,4,21,0.043478260869565216,0.22826086956521738,51,12,102,730,397,0,0,0,0,0,200,198,2,2.152173913043478,SQL Injection,0
123,11,2,2,2,20,0.016260162601626018,0.16260162601626016,90,12,107,753,397,0,0,0,0,0,401,26,2,0.21138211382113822,SQL Injection,0
33,12,1,0,0,8,0.0,0.24242424242424243,0,14,107,1054,397,0,0,0,0,0,302,211,4,6.393939393939394,Cookie Injection,1
46,25,4,0,0,11,0.0,0.2391304347826087,0,12,121,749,397,0,0,0,0,0,404,207,2,4.5,Normal,0
49,28,4,0,0,12,0.0,0.24489795918367346,0,12,103,781,397,0,1,2,1,1,404,34,2,0.6938775510204082,LOG4J,0
39,18,2,0,0,10,0.0,0.2564102564102564,0,12,106,734,397,0,0,0,0,0,200,2666,2,68.35897435897436,Normal,0
99,11,2,2,2,20,0.020202020202020204,0.20202020202020202,66,12,69,715,397,0,0,0,0,0,401,26,2,0.26262626262626265,SQL Injection,0
42,21,3,0,0,10,0.0,0.23809523809523808,0,12,103,749,397,0,0,0,0,0,200,933,2,22.214285714285715,Normal,0
30,9,2,0,0,9,0.0,0.3,0,12,107,800,451,0,1,2,1,1,308,249,3,8.3,LOG4J,0
22,1,0,0,0,8,0.0,0.36363636363636365,0,12,119,747,397,0,0,0,0,0,200,34,2,1.5454545454545454,Normal,0
33,12,1,0,0,8,0.0,0.24242424242424243,0,14,72,1013,397,0,0,0,0,0,302,211,4,6.393939393939394,Cookie Injection,1
48,27,4,0,0,11,0.0,0.22916666666666666,0,12,81,708,397,0,0,0,0,0,401,26,2,0.5416666666666666,Normal,0
104,11,2,2,2,20,0.019230769230769232,0.19230769230769232,71,12,107,734,397,0,0,0,0,0,401,26,2,0.25,SQL Injection,0
74,20,3,1,3,16,0.04054054054054054,0.21621621621621623,32,12,107,732,397,0,0,0,0,0,401,41,2,0.5540540540540541,Log Forging,0
69,48,5,0,0,14,0.0,0.2028985507246377,0,12,66,705,397,0,0,0,0,0,404,207,2,3.0,Normal,0
96,19,3,1,4,22,0.041666666666666664,0.22916666666666666,55,12,108,738,397,0,0,0,0,0,200,49565,2,516.3020833333334,SQL Injection,0
33,12,1,0,0,8,0.0,0.24242424242424243,0,14,72,1007,397,0,0,0,0,0,302,211,4,6.393939393939394,Cookie Injection,1
77,20,3,1,3,16,0.03896103896103896,0.2077922077922078,35,12,111,750,397,0,0,0,0,0,401,41,2,0.5324675324675324,Log Forging,0
33,12,1,0,0,8,0.0,0.24242424242424243,0,14,77,1019,397,0,0,0,0,0,302,211,4,6.393939393939394,Cookie Injection,1
22,1,0,0,0,8,0.0,0.36363636363636365,0,12,69,696,397,0,0,0,0,0,200,34,2,1.5454545454545454,Normal,0
32,11,2,0,0,9,0.0,0.28125,0,12,72,760,397,0,1,2,1,1,200,20,2,0.625,LOG4J,0
78,57,4,0,8,21,0.10256410256410256,0.2692307692307692,0,12,105,733,397,0,0,0,0,0,200,50,2,0.6410256410256411,RCE,0
45,24,4,0,0,11,0.0,0.24444444444444444,0,12,81,711,397,0,0,0,0,0,404,207,2,4.6,Normal,0
31,10,2,0,0,10,0.0,0.3225806451612903,0,12,119,758,397,0,0,0,0,0,200,70,2,2.2580645161290325,Normal,0
33,12,2,0,0,9,0.0,0.2727272727272727,0,12,65,695,397,0,0,0,0,0,404,28,2,0.8484848484848485,Normal,0
46,25,4,0,0,12,0.0,0.2608695652173913,0,12,101,738,397,0,0,0,0,0,404,31,2,0.6739130434782609,Normal,0
40,19,4,0,0,11,0.0,0.275,0,12,72,700,397,0,0,0,0,0,404,31,2,0.775,Normal,0
42,21,3,0,0,10,0.0,0.23809523809523808,0,12,65,711,397,0,0,0,0,0,200,933,2,22.214285714285715,Normal,0
109,88,2,0,4,35,0.03669724770642202,0.3211009174311927,0,12,107,744,397,0,0,0,0,0,200,48,2,0.44036697247706424,RCE,0
74,20,3,1,3,16,0.04054054054054054,0.21621621621621623,32,12,108,745,397,0,0,0,0,0,401,41,2,0.5540540540540541,Log Forging,0
44,23,4,0,0,11,0.0,0.25,0,12,72,816,493,0,1,2,1,1,404,25,2,0.5681818181818182,LOG4J,0
96,19,3,1,4,22,0.041666666666666664,0.22916666666666666,55,12,76,724,397,0,0,0,0,0,200,49565,2,516.3020833333334,SQL Injection,0
68,47,8,0,0,25,0.0,0.36764705882352944,0,12,77,716,397,0,0,0,0,0,200,54,2,0.7941176470588235,Directory Traversal,0
116,11,2,2,2,20,0.017241379310344827,0.1724137931034483,83,12,76,706,397,0,0,0,0,0,401,26,2,0.22413793103448276,SQL Injection,0
77,20,3,1,3,16,0.03896103896103896,0.2077922077922078,35,12,65,704,397,0,0,0,0,0,401,41,2,0.5324675324675324,Log Forging,0
93,19,3,1,4,21,0.043010752688172046,0.22580645161290322,52,12,121,746,397,0,0,0,0,0,200,32,2,0.34408602150537637,SQL Injection,0
47,26,4,0,0,11,0.0,0.23404255319148937,0,12,108,736,397,0,0,0,0,0,401,26,2,0.5531914893617021,Normal,0
33,12,2,0,0,9,0.0,0.2727272727272727,0,12,105,733,397,0,0,0,0,0,200,664,2,20.12121212121212,Normal,0
76,20,3,1,3,16,0.039473684210526314,0.21052631578947367,34,12,69,708,397,0,0,0,0,0,401,41,2,0.5394736842105263,Log Forging,0
78,57,4,0,8,21,0.10256410256410256,0.2692307692307692,0,12,72,702,397,0,0,0,0,0,200,50,2,0.6410256410256411,RCE,0
37,16,3,0,0,10,0.0,0.2702702702702703,0,12,107,734,397,0,0,0,0,0,404,207,2,5.594594594594595,Normal,0
40,19,4,0,0,11,0.0,0.275,0,12,99,791,443,0,1,2,1,1,404,31,2,0.775,LOG4J,0
30,9,2,0,0,9,0.0,0.3,0,12,119,808,458,0,1,2,1,1,308,249,3,8.3,LOG4J,0
39,18,2,0,0,10,0.0,0.2564102564102564,0,12,100,746,397,0,0,0,0,0,200,413,2,10.58974358974359,Normal,0
93,19,3,1,4,21,0.043010752688172046,0.22580645161290322,52,12,119,746,397,0,0,0,0,0,200,32,2,0.34408602150537637,SQL Injection,0
33,12,1,0,0,8,0.0,0.24242424242424243,0,13,77,1089,397,0,0,0,0,0,200,105,2,3.1818181818181817,Cookie Injection,0
109,88,2,0,4,35,0.03669724770642202,0.3211009174311927,0,12,112,737,397,0,0,0,0,0,200,48,2,0.44036697247706424,RCE,0
22,1,0,0,0,8,0.0,0.36363636363636365,0,12,119,767,397,0,0,0,0,0,200,34,2,1.5454545454545454,Normal,0
30,9,2,0,0,9,0.0,0.3,0,12,72,720,397,0,0,0,0,0,308,249,3,8.3,Normal,0
45,24,4,0,0,11,0.0,0.24444444444444444,0,12,107,746,397,0,0,0,0,0,404,25,2,0.5555555555555556,Normal,0
47,26,4,0,0,11,0.0,0.23404255319148937,0,12,81,709,397,0,0,0,0,0,401,26,2,0.5531914893617021,Normal,0
104,11,2,2,2,20,0.019230769230769232,0.19230769230769232,71,12,121,760,397,0,0,0,0,0,401,26,2,0.25,SQL Injection,0
113,92,2,0,5,32,0.04424778761061947,0.2831858407079646,0,12,107,737,397,0,0,0,0,0,200,20,2,0.17699115044247787,RCE,0
44,23,4,0,0,11,0.0,0.25,0,12,82,728,397,0,0,0,0,0,404,25,2,0.5681818181818182,Normal,0
78,20,3,1,3,16,0.038461538461538464,0.20512820512820512,36,12,101,729,397,0,0,0,0,0,401,41,2,0.5256410256410257,Log Forging,0
109,88,2,0,4,35,0.03669724770642202,0.3211009174311927,0,12,65,713,397,0,0,0,0,0,200,48,2,0.44036697247706424,RCE,0
92,19,3,1,4,21,0.043478260869565216,0.22826086956521738,51,12,107,746,397,0,0,0,0,0,200,198,2,2.152173913043478,SQL Injection,0
91,19,3,1,4,21,0.04395604395604396,0.23076923076923078,50,12,76,701,397,0,0,0,0,0,200,24,2,0.26373626373626374,SQL Injection,0
30,9,2,0,0,9,0.0,0.3,0,12,106,743,397,0,0,0,0,0,308,249,3,8.3,Normal,0
33,12,1,0,0,8,0.0,0.24242424242424243,0,14,119,1070,397,0,0,0,0,0,302,211,4,6.393939393939394,Cookie Injection,1
33,12,1,0,0,8,0.0,0.24242424242424243,0,14,119,1066,397,0,0,0,0,0,302,211,4,6.393939393939394,Cookie Injection,1
46,25,4,0,0,11,0.0,0.2391304347826087,0,12,107,737,397,0,0,0,0,0,404,207,2,4.5,Normal,0
82,20,3,1,3,16,0.036585365853658534,0.1951219512195122,40,12,106,745,397,0,0,0,0,0,401,41,2,0.5,Log Forging,0
44,23,4,0,0,11,0.0,0.25,0,12,81,718,397,0,0,0,0,0,200,3320,2,75.45454545454545,Normal,0
78,57,4,0,8,21,0.10256410256410256,0.2692307692307692,0,12,100,727,397,0,0,0,0,0,200,50,2,0.6410256410256411,RCE,0
110,11,2,2,2,20,0.01818181818181818,0.18181818181818182,77,12,69,696,397,0,0,0,0,0,401,26,2,0.23636363636363636,SQL Injection,0
82,20,3,1,3,16,0.036585365853658534,0.1951219512195122,40,12,103,740,397,0,0,0,0,0,401,41,2,0.5,Log Forging,0
112,11,2,2,2,20,0.017857142857142856,0.17857142857142858,79,12,112,742,397,0,0,0,0,0,401,26,2,0.23214285714285715,SQL Injection,0
47,26,4,0,0,11,0.0,0.23404255319148937,0,12,121,749,397,0,0,0,0,0,401,26,2,0.5531914893617021,Normal,0
39,18,2,0,0,10,0.0,0.2564102564102564,0,12,107,746,397,0,0,0,0,0,200,447,2,11.461538461538462,Normal,0
46,25,4,0,0,11,0.0,0.2391304347826087,0,12,101,738,397,0,0,0,0,0,404,207,2,4.5,Normal,0
33,12,2,0,0,9,0.0,0.2727272727272727,0,12,121,751,397,0,0,0,0,0,404,28,2,0.8484848484848485,Normal,0
104,11,2,2,2,20,0.019230769230769232,0.19230769230769232,71,12,77,704,397,0,0,0,0,0,401,26,2,0.25,SQL Injection,0
33,12,1,0,0,8,0.0,0.24242424242424243,0,14,107,1065,397,0,0,0,0,0,302,211,4,6.393939393939394,Cookie Injection,1
42,21,3,0,0,10,0.0,0.23809523809523808,0,12,65,704,397,0,0,0,0,0,200,933,2,22.214285714285715,Normal,0
33,12,1,0,0,8,0.0,0.24242424242424243,0,14,112,1063,397,0,0,0,0,0,302,211,4,6.393939393939394,Cookie Injection,1
89,19,3,1,4,21,0.0449438202247191,0.23595505617977527,48,12,65,690,397,0,0,0,0,0,200,307960,2,3460.224719101124,SQL Injection,0
22,1,0,0,0,8,0.0,0.36363636363636365,0,12,66,712,397,0,0,0,0,0,200,34,2,1.5454545454545454,Normal,0
74,20,3,1,3,16,0.04054054054054054,0.21621621621621623,32,12,107,753,397,0,0,0,0,0,401,41,2,0.5540540540540541,Log Forging,0
92,19,3,1,4,22,0.043478260869565216,0.2391304347826087,51,12,107,746,397,0,0,0,0,0,200,204,2,2.217391304347826,SQL Injection,0
44,23,4,0,0,11,0.0,0.25,0,12,68,693,397,0,0,0,0,0,404,25,2,0.5681818181818182,Normal,0
33,12,2,0,0,9,0.0,0.2727272727272727,0,12,68,693,397,0,0,0,0,0,404,28,2,0.8484848484848485,Normal,0
33,12,2,0,0,9,0.0,0.2727272727272727,0,12,105,744,397,0,0,0,0,0,404,28,2,0.8484848484848485,Normal,0
33,12,2,0,0,9,0.0,0.2727272727272727,0,12,108,745,397,0,0,0,0,0,404,28,2,0.8484848484848485,Normal,0
68,47,8,0,0,25,0.0,0.36764705882352944,0,12,82,710,397,0,0,0,0,0,200,54,2,0.7941176470588235,Directory Traversal,0
109,88,2,0,4,35,0.03669724770642202,0.3211009174311927,0,12,106,752,397,0,0,0,0,0,200,48,2,0.44036697247706424,RCE,0
109,88,2,0,4,35,0.03669724770642202,0.3211009174311927,0,12,76,704,397,0,0,0,0,0,200,48,2,0.44036697247706424,RCE,0
44,23,4,0,0,11,0.0,0.25,0,12,82,794,481,0,1,2,1,1,200,3320,2,75.45454545454545,LOG4J,0
31,10,2,0,0,10,0.0,0.3225806451612903,0,12,82,709,397,0,0,0,0,0,200,70,2,2.2580645161290325,Normal,0
83,20,3,1,3,16,0.03614457831325301,0.1927710843373494,41,12,119,767,397,0,0,0,0,0,401,41,2,0.4939759036144578,Log Forging,0
73,20,3,1,3,16,0.0410958904109589,0.2191780821917808,31,12,66,691,397,0,0,0,0,0,401,41,2,0.5616438356164384,Log Forging,0
31,10,2,0,0,10,0.0,0.3225806451612903,0,12,65,704,397,0,0,0,0,0,200,70,2,2.2580645161290325,Normal,0
41,20,4,0,0,11,0.0,0.2682926829268293,0,12,77,725,397,0,0,0,0,0,404,31,2,0.7560975609756098,Normal,0
81,20,3,1,3,16,0.037037037037037035,0.19753086419753085,39,12,77,714,397,0,0,0,0,0,401,41,2,0.5061728395061729,Log Forging,0
33,12,1,0,0,8,0.0,0.24242424242424243,0,13,107,1116,397,0,0,0,0,0,200,106,2,3.212121212121212,Cookie Injection,0
22,1,0,0,0,8,0.0,0.36363636363636365,0,12,100,727,397,0,0,0,0,0,200,34,2,1.5454545454545454,Normal,0
47,26,4,0,0,11,0.0,0.23404255319148937,0,12,65,711,397,0,0,0,0,0,401,26,2,0.5531914893617021,Normal,0
33,12,1,0,0,8,0.0,0.24242424242424243,0,13,100,1110,397,0,0,0,0,0,200,104,2,3.1515151515151514,Cookie Injection,0
78,57,4,0,8,21,0.10256410256410256,0.2692307692307692,0,12,108,754,397,0,0,0,0,0,200,50,2,0.6410256410256411,RCE,0
46,25,4,0,0,12,0.0,0.2608695652173913,0,12,72,702,397,0,0,0,0,0,404,31,2,0.6739130434782609,Normal,0
32,11,2,0,0,9,0.0,0.28125,0,12,81,727,397,0,0,0,0,0,200,20,2,0.625,Normal,0
44,23,4,0,0,11,0.0,0.25,0,12,72,744,397,0,1,2,1,1,404,25,2,0.5681818181818182,LOG4J,0
37,16,3,0,0,10,0.0,0.2702702702702703,0,12,82,710,397,0,0,0,0,0,404,207,2,5.594594594594595,Normal,0
33,12,1,0,0,8,0.0,0.24242424242424243,0,14,108,1061,397,0,0,0,0,0,302,211,4,6.393939393939394,Cookie Injection,1
50,29,4,0,0,12,0.0,0.24,0,12,68,698,397,0,0,0,0,0,404,34,2,0.68,Normal,0
33,12,1,0,0,8,0.0,0.24242424242424243,0,14,77,1018,397,0,0,0,0,0,302,211,4,6.393939393939394,Cookie Injection,1
104,11,2,2,2,20,0.019230769230769232,0.19230769230769232,71,12,112,758,397,0,0,0,0,0,401,26,2,0.25,SQL Injection,0
96,19,3,1,4,22,0.041666666666666664,0.22916666666666666,55,12,106,754,397,0,0,0,0,0,200,49565,2,516.3020833333334,SQL Injection,0
110,11,2,2,2,20,0.01818181818181818,0.18181818181818182,77,12,100,727,397,0,0,0,0,0,401,26,2,0.23636363636363636,SQL Injection,0
78,57,4,0,8,21,0.10256410256410256,0.2692307692307692,0,12,68,696,397,0,0,0,0,0,200,50,2,0.6410256410256411,RCE,0
40,19,4,0,0,11,0.0,0.275,0,12,77,707,397,0,0,0,0,0,404,31,2,0.775,Normal,0
110,11,2,2,2,20,0.01818181818181818,0.18181818181818182,77,12,65,692,397,0,0,0,0,0,401,26,2,0.23636363636363636,SQL Injection,0
46,25,3,0,0,11,0.0,0.2391304347826087,0,12,107,769,429,0,1,2,1,1,200,32,2,0.6956521739130435,LOG4J,0
33,12,1,0,0,8,0.0,0.24242424242424243,0,13,81,1090,397,0,0,0,0,0,200,105,2,3.1818181818181817,Cookie Injection,0
33,12,1,0,0,8,0.0,0.24242424242424243,0,14,107,1051,397,0,0,0,0,0,302,211,4,6.393939393939394,Cookie Injection,1
39,18,2,0,0,10,0.0,0.2564102564102564,0,12,107,746,397,0,0,0,0,0,200,664,2,17.025641025641026,Normal,0
77,20,3,1,3,16,0.03896103896103896,0.2077922077922078,35,12,121,758,397,0,0,0,0,0,401,41,2,0.5324675324675324,Log Forging,0
100,11,2,2,2,20,0.02,0.2,67,12,106,731,397,0,0,0,0,0,401,26,2,0.26,SQL Injection,0
50,29,4,0,0,11,0.0,0.22,0,12,100,739,397,0,0,0,0,0,404,38,2,0.76,Normal,0
69,48,7,0,0,25,0.0,0.36231884057971014,0,12,81,708,397,0,0,0,0,0,200,55,2,0.7971014492753623,Directory Traversal,0
30,9,2,0,0,9,0.0,0.3,0,12,107,735,397,0,0,0,0,0,308,249,3,8.3,Normal,0
33,12,1,0,0,8,0.0,0.24242424242424243,0,14,65,1018,397,0,0,0,0,0,302,211,4,6.393939393939394,Cookie Injection,1
33,12,1,0,0,8,0.0,0.24242424242424243,0,14,65,1004,397,0,0,0,0,0,302,211,4,6.393939393939394,Cookie Injection,1
37,16,3,0,0,10,0.0,0.2702702702702703,0,12,65,704,397,0,0,0,0,0,404,207,2,5.594594594594595,Normal,0
106,11,2,2,2,20,0.018867924528301886,0.18867924528301888,73,12,65,713,397,0,0,0,0,0,401,26,2,0.24528301886792453,SQL Injection,0
30,9,2,0,0,9,0.0,0.3,0,12,82,710,397,0,0,0,0,0,308,249,3,8.3,Normal,0
45,24,4,0,0,11,0.0,0.24444444444444444,0,12,107,755,397,0,0,0,0,0,404,207,2,4.6,Normal,0
109,88,2,0,4,35,0.03669724770642202,0.3211009174311927,0,12,107,732,397,0,0,0,0,0,200,48,2,0.44036697247706424,RCE,0
31,10,2,0,0,10,0.0,0.3225806451612903,0,12,107,732,397,0,0,0,0,0,200,70,2,2.2580645161290325,Normal,0
33,12,2,0,0,9,0.0,0.2727272727272727,0,12,103,749,397,0,0,0,0,0,200,21,2,0.6363636363636364,Normal,0
33,12,1,0,0,8,0.0,0.24242424242424243,0,14,102,1049,397,0,0,0,0,0,302,211,4,6.393939393939394,Cookie Injection,1
30,9,2,0,0,9,0.0,0.3,0,12,121,758,397,0,0,0,0,0,308,249,3,8.3,Normal,0
33,12,1,0,0,8,0.0,0.24242424242424243,0,14,72,1014,397,0,0,0,0,0,302,211,4,6.393939393939394,Cookie Injection,1
102,11,2,2,2,20,0.0196078431372549,0.19607843137254902,69,12,107,746,397,0,0,0,0,0,401,26,2,0.2549019607843137,SQL Injection,0
92,19,3,1,4,21,0.043478260869565216,0.22826086956521738,51,12,100,725,397,0,0,0,0,0,200,198,2,2.152173913043478,SQL Injection,0
96,19,3,1,4,22,0.041666666666666664,0.22916666666666666,55,12,72,700,397,0,0,0,0,0,200,49565,2,516.3020833333334,SQL Injection,0
44,23,4,0,0,11,0.0,0.25,0,12,72,700,397,0,0,0,0,0,200,3320,2,75.45454545454545,Normal,0
105,11,2,2,2,20,0.01904761904761905,0.19047619047619047,72,12,107,737,397,0,0,0,0,0,401,26,2,0.24761904761904763,SQL Injection,0
33,12,1,0,0,8,0.0,0.24242424242424243,0,14,65,1018,397,0,0,0,0,0,302,211,4,6.393939393939394,Cookie Injection,1
49,28,4,0,0,12,0.0,0.24489795918367346,0,12,65,690,397,0,0,0,0,0,404,34,2,0.6938775510204082,Normal,0
44,23,4,0,0,11,0.0,0.25,0,12,111,750,397,0,0,0,0,0,200,3320,2,75.45454545454545,Normal,0
48,27,4,0,0,11,0.0,0.22916666666666666,0,12,99,745,397,0,0,0,0,0,404,36,2,0.75,Normal,0
33,12,2,0,0,9,0.0,0.2727272727272727,0,12,107,753,397,0,0,0,0,0,404,28,2,0.8484848484848485,Normal,0
42,21,3,0,0,10,0.0,0.23809523809523808,0,12,66,712,397,0,0,0,0,0,200,933,2,22.214285714285715,Normal,0
50,29,4,0,0,11,0.0,0.22,0,12,65,693,397,0,0,0,0,0,404,38,2,0.76,Normal,0
72,51,8,0,0,28,0.0,0.3888888888888889,0,12,66,712,397,0,0,0,0,0,200,58,2,0.8055555555555556,Directory Traversal,0
48,27,4,0,0,11,0.0,0.22916666666666666,0,12,107,913,564,0,1,2,1,1,404,36,2,0.75,LOG4J,0
33,12,2,0,0,9,0.0,0.2727272727272727,0,12,76,706,397,0,0,0,0,0,200,2071,2,62.75757575757576,Normal,0
78,57,4,0,8,21,0.10256410256410256,0.2692307692307692,0,12,107,753,397,0,0,0,0,0,200,50,2,0.6410256410256411,RCE,0
47,26,4,0,0,12,0.0,0.2553191489361702,0,12,101,740,397,0,0,0,0,0,404,31,2,0.6595744680851063,Normal,0
33,12,2,0,0,9,0.0,0.2727272727272727,0,12,107,753,397,0,0,0,0,0,200,2071,2,62.75757575757576,Normal,0
69,48,5,0,0,14,0.0,0.2028985507246377,0,12,107,808,397,0,1,2,1,1,404,207,2,3.0,LOG4J,0
33,12,1,0,0,8,0.0,0.24242424242424243,0,13,65,1095,397,0,0,0,0,0,200,105,2,3.1818181818181817,Cookie Injection,0
42,21,3,0,0,10,0.0,0.23809523809523808,0,12,121,749,397,0,0,0,0,0,200,933,2,22.214285714285715,Normal,0
50,29,4,0,0,11,0.0,0.22,0,12,65,690,397,0,0,0,0,0,404,38,2,0.76,Normal,0
96,19,3,1,4,22,0.041666666666666664,0.22916666666666666,55,12,65,711,397,0,0,0,0,0,200,49565,2,516.3020833333334,SQL Injection,0
33,12,1,0,0,8,0.0,0.24242424242424243,0,14,112,1051,397,0,0,0,0,0,302,211,4,6.393939393939394,Cookie Injection,1
74,20,3,1,3,16,0.04054054054054054,0.21621621621621623,32,12,77,702,397,0,0,0,0,0,401,41,2,0.5540540540540541,Log Forging,0
39,18,2,0,0,10,0.0,0.2564102564102564,0,12,106,745,397,0,0,0,0,0,200,664,2,17.025641025641026,Normal,0
45,24,4,0,0,11,0.0,0.24444444444444444,0,12,102,729,397,0,0,0,0,0,404,207,2,4.6,Normal,0
78,57,4,0,8,21,0.10256410256410256,0.2692307692307692,0,12,111,741,397,0,0,0,0,0,200,50,2,0.6410256410256411,RCE,0
109,88,2,0,4,35,0.03669724770642202,0.3211009174311927,0,12,106,754,397,0,0,0,0,0,200,48,2,0.44036697247706424,RCE,0
68,47,8,0,0,25,0.0,0.36764705882352944,0,12,107,732,397,0,0,0,0,0,200,54,2,0.7941176470588235,Directory Traversal,0
33,12,1,0,0,8,0.0,0.24242424242424243,0,14,121,1065,397,0,0,0,0,0,302,211,4,6.393939393939394,Cookie Injection,1
46,25,4,0,0,12,0.0,0.2608695652173913,0,12,66,693,397,0,0,0,0,0,404,31,2,0.6739130434782609,Normal,0
47,26,4,0,0,11,0.0,0.23404255319148937,0,12,103,728,397,0,0,0,0,0,401,26,2,0.5531914893617021,Normal,0
42,21,3,0,0,10,0.0,0.23809523809523808,0,12,72,709,397,0,0,0,0,0,200,933,2,22.214285714285715,Normal,0
33,12,1,0,0,8,0.0,0.24242424242424243,0,14,76,1018,397,0,0,0,0,0,302,211,4,6.393939393939394,Cookie Injection,1
92,19,3,1,4,22,0.043478260869565216,0.2391304347826087,51,12,106,733,397,0,0,0,0,0,200,204,2,2.217391304347826,SQL Injection,0
48,27,4,0,0,11,0.0,0.22916666666666666,0,12,82,710,397,0,0,0,0,0,404,36,2,0.75,Normal,0
42,21,3,0,0,10,0.0,0.23809523809523808,0,12,108,733,397,0,0,0,0,0,200,933,2,22.214285714285715,Normal,0
96,19,3,1,4,22,0.041666666666666664,0.22916666666666666,55,12,100,730,397,0,0,0,0,0,200,49565,2,516.3020833333334,SQL Injection,0
49,28,4,0,0,12,0.0,0.24489795918367346,0,12,102,748,397,0,0,0,0,0,404,34,2,0.6938775510204082,Normal,0
33,12,2,0,0,9,0.0,0.2727272727272727,0,12,119,758,397,0,0,0,0,0,404,28,2,0.8484848484848485,Normal,0
50,29,4,0,0,11,0.0,0.22,0,12,76,704,397,0,0,0,0,0,404,38,2,0.76,Normal,0
38,17,3,0,0,10,0.0,0.2631578947368421,0,12,103,749,397,0,0,0,0,0,404,207,2,5.447368421052632,Normal,0
109,88,2,0,4,35,0.03669724770642202,0.3211009174311927,0,12,106,731,397,0,0,0,0,0,200,48,2,0.44036697247706424,RCE,0
47,26,4,0,0,11,0.0,0.23404255319148937,0,12,106,745,397,0,0,0,0,0,401,26,2,0.5531914893617021,Normal,0
33,12,2,0,0,9,0.0,0.2727272727272727,0,12,66,714,397,0,0,0,0,0,200,93,2,2.8181818181818183,Normal,0
78,20,3,1,3,16,0.038461538461538464,0.20512820512820512,36,12,72,711,397,0,0,0,0,0,401,41,2,0.5256410256410257,Log Forging,0
70,49,5,0,0,14,0.0,0.2,0,12,100,727,397,0,0,0,0,0,404,207,2,2.9571428571428573,Normal,0
46,25,4,0,0,12,0.0,0.2608695652173913,0,12,100,725,397,0,0,0,0,0,404,31,2,0.6739130434782609,Normal,0
33,12,1,0,0,8,0.0,0.24242424242424243,0,13,119,1131,397,0,0,0,0,0,200,106,2,3.212121212121212,Cookie Injection,0
44,23,4,0,0,11,0.0,0.25,0,12,107,735,397,0,0,0,0,0,200,3320,2,75.45454545454545,Normal,0
102,11,2,2,2,20,0.0196078431372549,0.19607843137254902,69,12,121,751,397,0,0,0,0,0,401,26,2,0.2549019607843137,SQL Injection,0
92,19,3,1,4,21,0.043478260869565216,0.22826086956521738,51,12,65,711,397,0,0,0,0,0,200,198,2,2.152173913043478,SQL Injection,0
92,19,3,1,4,22,0.043478260869565216,0.2391304347826087,51,12,77,725,397,0,0,0,0,0,200,204,2,2.217391304347826,SQL Injection,0
93,19,3,1,4,21,0.043010752688172046,0.22580645161290322,52,12,68,695,397,0,0,0,0,0,200,32,2,0.34408602150537637,SQL Injection,0
92,19,3,1,4,21,0.043478260869565216,0.22826086956521738,51,12,108,747,397,0,0,0,0,0,200,198,2,2.152173913043478,SQL Injection,0
76,20,3,1,3,16,0.039473684210526314,0.21052631578947367,34,12,111,741,397,0,0,0,0,0,401,41,2,0.5394736842105263,Log Forging,0
33,12,2,0,0,9,0.0,0.2727272727272727,0,12,68,693,397,0,0,0,0,0,200,304,2,9.212121212121213,Normal,0
46,25,4,0,0,12,0.0,0.2608695652173913,0,12,107,753,397,0,0,0,0,0,404,31,2,0.6739130434782609,Normal,0
33,12,1,0,0,8,0.0,0.24242424242424243,0,14,106,1059,397,0,0,0,0,0,302,211,4,6.393939393939394,Cookie Injection,1
76,20,3,1,3,16,0.039473684210526314,0.21052631578947367,34,12,107,735,397,0,0,0,0,0,401,41,2,0.5394736842105263,Log Forging,0
33,12,1,0,0,8,0.0,0.24242424242424243,0,13,99,1109,397,0,0,0,0,0,200,106,2,3.212121212121212,Cookie Injection,0
69,48,5,0,0,14,0.0,0.2028985507246377,0,12,102,732,397,0,0,0,0,0,404,207,2,3.0,Normal,0
107,11,2,2,2,20,0.018691588785046728,0.18691588785046728,74,12,77,716,397,0,0,0,0,0,401,26,2,0.24299065420560748,SQL Injection,0
92,19,3,1,4,22,0.043478260869565216,0.2391304347826087,51,12,107,734,397,0,0,0,0,0,200,204,2,2.217391304347826,SQL Injection,0
33,12,1,0,0,8,0.0,0.24242424242424243,0,14,105,1052,397,0,0,0,0,0,302,211,4,6.393939393939394,Cookie Injection,1
113,92,2,0,5,32,0.04424778761061947,0.2831858407079646,0,12,68,716,397,0,0,0,0,0,200,20,2,0.17699115044247787,RCE,0
113,92,2,0,5,32,0.04424778761061947,0.2831858407079646,0,12,107,746,397,0,0,0,0,0,200,20,2,0.17699115044247787,RCE,0
69,48,5,0,0,14,0.0,0.2028985507246377,0,12,105,730,397,0,0,0,0,0,404,207,2,3.0,Normal,0
50,29,4,0,0,11,0.0,0.22,0,12,72,700,397,0,0,0,0,0,404,38,2,0.76,Normal,0
49,28,4,0,0,12,0.0,0.24489795918367346,0,12,108,738,397,0,0,0,0,0,404,34,2,0.6938775510204082,Normal,0
101,11,2,2,2,20,0.019801980198019802,0.19801980198019803,68,12,107,744,397,0,0,0,0,0,401,26,2,0.25742574257425743,SQL Injection,0
106,11,2,2,2,20,0.018867924528301886,0.18867924528301888,73,12,72,718,397,0,0,0,0,0,401,26,2,0.24528301886792453,SQL Injection,0
33,12,1,0,0,8,0.0,0.24242424242424243,0,13,119,1131,397,0,0,0,0,0,200,106,2,3.212121212121212,Cookie Injection,0
33,12,1,0,0,8,0.0,0.24242424242424243,0,14,65,1007,397,0,0,0,0,0,302,211,4,6.393939393939394,Cookie Injection,1
46,25,4,0,0,12,0.0,0.2608695652173913,0,12,77,707,397,0,0,0,0,0,404,31,2,0.6739130434782609,Normal,0
39,18,2,0,0,10,0.0,0.2564102564102564,0,12,72,702,397,0,0,0,0,0,200,940,2,24.102564102564102,Normal,0
48,27,4,0,0,11,0.0,0.22916666666666666,0,12,101,726,397,0,0,0,0,0,404,36,2,0.75,Normal,0
46,25,4,0,0,12,0.0,0.2608695652173913,0,12,107,744,397,0,0,0,0,0,404,31,2,0.6739130434782609,Normal,0
39,18,2,0,0,10,0.0,0.2564102564102564,0,12,66,691,397,0,0,0,0,0,200,278,2,7.128205128205129,Normal,0
83,62,13,0,0,40,0.0,0.4819277108433735,0,12,72,702,397,0,0,0,0,0,200,69,2,0.8313253012048193,Directory Traversal,0
49,28,4,0,0,11,0.0,0.22448979591836735,0,12,72,781,397,0,1,2,1,1,404,36,2,0.7346938775510204,LOG4J,0
96,19,3,1,4,22,0.041666666666666664,0.22916666666666666,55,12,81,727,397,0,0,0,0,0,200,49565,2,516.3020833333334,SQL Injection,0
49,28,4,0,0,12,0.0,0.24489795918367346,0,12,100,727,397,0,0,0,0,0,404,34,2,0.6938775510204082,Normal,0
73,20,3,1,3,16,0.0410958904109589,0.2191780821917808,31,12,107,755,397,0,0,0,0,0,401,41,2,0.5616438356164384,Log Forging,0
33,12,2,0,0,9,0.0,0.2727272727272727,0,12,107,755,397,0,0,0,0,0,404,28,2,0.8484848484848485,Normal,0
33,12,1,0,0,8,0.0,0.24242424242424243,0,13,111,1130,397,0,0,0,0,0,200,104,2,3.1515151515151514,Cookie Injection,0
45,24,4,0,0,11,0.0,0.24444444444444444,0,12,107,744,397,0,0,0,0,0,404,207,2,4.6,Normal,0
79,20,3,1,3,16,0.0379746835443038,0.20253164556962025,37,12,76,724,397,0,0,0,0,0,401,41,2,0.5189873417721519,Log Forging,0
77,56,11,0,0,34,0.0,0.44155844155844154,0,12,77,714,397,0,0,0,0,0,200,63,2,0.8181818181818182,Directory Traversal,0
80,20,3,1,3,16,0.0375,0.2,38,12,119,746,397,0,0,0,0,0,401,41,2,0.5125,Log Forging,0
33,12,1,0,0,8,0.0,0.24242424242424243,0,14,119,1060,397,0,0,0,0,0,302,211,4,6.393939393939394,Cookie Injection,1
113,92,2,0,5,32,0.04424778761061947,0.2831858407079646,0,12,81,706,397,0,0,0,0,0,200,20,2,0.17699115044247787,RCE,0
113,92,2,0,5,32,0.04424778761061947,0.2831858407079646,0,12,100,730,397,0,0,0,0,0,200,20,2,0.17699115044247787,RCE,0
42,21,3,0,0,10,0.0,0.23809523809523808,0,12,77,707,397,0,0,0,0,0,200,933,2,22.214285714285715,Normal,0
33,12,2,0,0,9,0.0,0.2727272727272727,0,12,121,760,397,0,0,0,0,0,404,28,2,0.8484848484848485,Normal,0
76,20,3,1,3,16,0.039473684210526314,0.21052631578947367,34,12,65,692,397,0,0,0,0,0,401,41,2,0.5394736842105263,Log Forging,0
47,26,4,0,0,11,0.0,0.23404255319148937,0,12,107,734,397,0,0,0,0,0,401,26,2,0.5531914893617021,Normal,0
37,16,3,0,0,10,0.0,0.2702702702702703,0,12,69,754,397,0,1,2,1,1,404,207,2,5.594594594594595,LOG4J,0
39,18,2,0,0,10,0.0,0.2564102564102564,0,12,99,738,397,0,0,0,0,0,200,3719,2,95.35897435897436,Normal,0
51,30,4,0,0,11,0.0,0.21568627450980393,0,12,107,737,397,0,0,0,0,0,404,38,2,0.7450980392156863,Normal,0
46,25,4,0,0,11,0.0,0.2391304347826087,0,12,100,780,397,0,1,2,1,1,404,207,2,4.5,LOG4J,0
76,20,3,1,3,16,0.039473684210526314,0.21052631578947367,34,12,100,746,397,0,0,0,0,0,401,41,2,0.5394736842105263,Log Forging,0
109,88,2,0,4,35,0.03669724770642202,0.3211009174311927,0,12,105,735,397,0,0,0,0,0,200,48,2,0.44036697247706424,RCE,0
33,12,1,0,0,8,0.0,0.24242424242424243,0,13,107,1137,397,0,0,0,0,0,200,105,2,3.1818181818181817,Cookie Injection,0
75,20,3,1,3,16,0.04,0.21333333333333335,33,12,65,692,397,0,0,0,0,0,401,41,2,0.5466666666666666,Log Forging,0
108,11,2,2,2,20,0.018518518518518517,0.18518518518518517,75,12,77,704,397,0,0,0,0,0,401,26,2,0.24074074074074073,SQL Injection,0
30,9,2,0,0,9,0.0,0.3,0,12,81,793,397,0,1,2,1,1,308,249,3,8.3,LOG4J,0
92,19,3,1,4,21,0.043478260869565216,0.22826086956521738,51,12,107,732,397,0,0,0,0,0,200,198,2,2.152173913043478,SQL Injection,0
33,12,1,0,0,8,0.0,0.24242424242424243,0,14,106,1050,397,0,0,0,0,0,302,211,4,6.393939393939394,Cookie Injection,1
79,20,3,1,3,16,0.0379746835443038,0.20253164556962025,37,12,99,745,397,0,0,0,0,0,401,41,2,0.5189873417721519,Log Forging,0
109,88,2,0,4,35,0.03669724770642202,0.3211009174311927,0,12,65,690,397,0,0,0,0,0,200,48,2,0.44036697247706424,RCE,0
33,12,2,0,0,9,0.0,0.2727272727272727,0,12,111,741,397,0,0,0,0,0,200,2071,2,62.75757575757576,Normal,0
75,20,3,1,3,16,0.04,0.21333333333333335,33,12,81,711,397,0,0,0,0,0,401,41,2,0.5466666666666666,Log Forging,0
74,20,3,1,3,16,0.04054054054054054,0.21621621621621623,32,12,103,749,397,0,0,0,0,0,401,41,2,0.5540540540540541,Log Forging,0
49,28,4,0,0,12,0.0,0.24489795918367346,0,12,76,722,397,0,0,0,0,0,404,34,2,0.6938775510204082,Normal,0
45,24,4,0,0,11,0.0,0.24444444444444444,0,12,77,725,397,0,0,0,0,0,404,25,2,0.5555555555555556,Normal,0
70,49,5,0,0,14,0.0,0.2,0,12,72,770,456,0,1,2,1,1,404,207,2,2.9571428571428573,LOG4J,0
79,20,3,1,3,16,0.0379746835443038,0.20253164556962025,37,12,100,725,397,0,0,0,0,0,401,41,2,0.5189873417721519,Log Forging,0
33,12,1,0,0,8,0.0,0.24242424242424243,0,13,107,1119,397,0,0,0,0,0,200,105,2,3.1818181818181817,Cookie Injection,0
89,19,3,1,4,21,0.0449438202247191,0.23595505617977527,48,12,101,728,397,0,0,0,0,0,200,307960,2,3460.224719101124,SQL Injection,0
113,92,2,0,5,32,0.04424778761061947,0.2831858407079646,0,12,101,726,397,0,0,0,0,0,200,20,2,0.17699115044247787,RCE,0
92,19,3,1,4,21,0.043478260869565216,0.22826086956521738,51,12,106,733,397,0,0,0,0,0,200,198,2,2.152173913043478,SQL Injection,0
33,12,1,0,0,8,0.0,0.24242424242424243,0,14,72,1011,397,0,0,0,0,0,302,211,4,6.393939393939394,Cookie Injection,1
49,28,4,0,0,12,0.0,0.24489795918367346,0,12,68,714,397,0,0,0,0,0,404,34,2,0.6938775510204082,Normal,0
75,20,3,1,3,16,0.04,0.21333333333333335,33,12,72,718,397,0,0,0,0,0,401,41,2,0.5466666666666666,Log Forging,0
42,21,3,0,0,10,0.0,0.23809523809523808,0,12,102,732,397,0,0,0,0,0,200,933,2,22.214285714285715,Normal,0
22,1,0,0,0,8,0.0,0.36363636363636365,0,12,82,749,397,0,1,2,1,1,200,34,2,1.5454545454545454,LOG4J,0
33,12,1,0,0,8,0.0,0.24242424242424243,0,13,72,1079,397,0,0,0,0,0,200,104,2,3.1515151515151514,Cookie Injection,0
80,59,12,0,0,37,0.0,0.4625,0,12,76,715,397,0,0,0,0,0,200,66,2,0.825,Directory Traversal,0
113,92,2,0,5,32,0.04424778761061947,0.2831858407079646,0,12,65,702,397,0,0,0,0,0,200,20,2,0.17699115044247787,RCE,0
42,21,3,0,0,10,0.0,0.23809523809523808,0,12,82,710,397,0,0,0,0,0,200,933,2,22.214285714285715,Normal,0
69,48,5,0,0,14,0.0,0.2028985507246377,0,12,111,738,397,0,0,0,0,0,404,207,2,3.0,Normal,0
39,18,2,0,0,10,0.0,0.2564102564102564,0,12,107,737,397,0,0,0,0,0,200,338,2,8.666666666666666,Normal,0
96,19,3,1,4,22,0.041666666666666664,0.22916666666666666,55,12,65,711,397,0,0,0,0,0,200,49565,2,516.3020833333334,SQL Injection,0
48,27,4,0,0,11,0.0,0.22916666666666666,0,12,119,758,397,0,0,0,0,0,404,36,2,0.75,Normal,0
48,27,4,0,0,11,0.0,0.22916666666666666,0,12,72,720,397,0,0,0,0,0,404,36,2,0.75,Normal,0
45,24,4,0,0,11,0.0,0.24444444444444444,0,12,102,739,397,0,0,0,0,0,404,207,2,4.6,Normal,0
71,50,9,0,0,28,0.0,0.39436619718309857,0,12,121,751,397,0,0,0,0,0,200,57,2,0.8028169014084507,Directory Traversal,0
50,29,4,0,0,12,0.0,0.24,0,12,106,731,397,0,0,0,0,0,404,34,2,0.68,Normal,0
44,23,4,0,0,11,0.0,0.25,0,12,101,779,438,0,1,2,1,1,404,25,2,0.5681818181818182,LOG4J,0
42,21,3,0,0,10,0.0,0.23809523809523808,0,12,107,732,397,0,0,0,0,0,200,933,2,22.214285714285715,Normal,0
69,48,5,0,0,14,0.0,0.2028985507246377,0,12,77,705,397,0,0,0,0,0,404,207,2,3.0,Normal,0
38,17,3,0,0,10,0.0,0.2631578947368421,0,12,101,810,467,0,1,2,1,1,404,207,2,5.447368421052632,LOG4J,0
120,11,2,2,2,20,0.016666666666666666,0.16666666666666666,87,12,103,731,397,0,0,0,0,0,401,26,2,0.21666666666666667,SQL Injection,0
50,29,4,0,0,11,0.0,0.22,0,12,112,737,397,0,0,0,0,0,404,38,2,0.76,Normal,0
47,26,4,0,0,11,0.0,0.23404255319148937,0,12,72,720,397,0,0,0,0,0,401,26,2,0.5531914893617021,Normal,0
46,25,4,0,0,11,0.0,0.2391304347826087,0,12,107,780,440,0,1,2,1,1,404,207,2,4.5,LOG4J,0
30,9,2,0,0,9,0.0,0.3,0,12,77,704,397,0,0,0,0,0,308,249,3,8.3,Normal,0
77,56,11,0,0,34,0.0,0.44155844155844154,0,12,77,705,397,0,0,0,0,0,200,63,2,0.8181818181818182,Directory Traversal,0
44,23,4,0,0,11,0.0,0.25,0,12,107,744,397,0,0,0,0,0,200,3320,2,75.45454545454545,Normal,0
93,19,3,1,4,21,0.043010752688172046,0.22580645161290322,52,12,72,718,397,0,0,0,0,0,200,32,2,0.34408602150537637,SQL Injection,0
47,26,4,0,0,12,0.0,0.2553191489361702,0,12,82,747,434,0,1,2,1,1,404,31,2,0.6595744680851063,LOG4J,0
22,1,0,0,0,8,0.0,0.36363636363636365,0,12,77,705,397,0,0,0,0,0,200,34,2,1.5454545454545454,Normal,0
30,9,2,0,0,9,0.0,0.3,0,12,119,799,397,0,1,2,1,1,308,249,3,8.3,LOG4J,0
46,25,4,0,0,11,0.0,0.2391304347826087,0,12,107,753,397,0,0,0,0,0,404,207,2,4.5,Normal,0
93,19,3,1,4,21,0.043010752688172046,0.22580645161290322,52,12,106,754,397,0,0,0,0,0,200,32,2,0.34408602150537637,SQL Injection,0
42,21,3,0,0,10,0.0,0.23809523809523808,0,12,77,705,397,0,0,0,0,0,200,933,2,22.214285714285715,Normal,0
49,28,4,0,0,12,0.0,0.24489795918367346,0,12,107,744,397,0,0,0,0,0,404,34,2,0.6938775510204082,Normal,0
31,10,2,0,0,10,0.0,0.3225806451612903,0,12,102,727,397,0,0,0,0,0,200,70,2,2.2580645161290325,Normal,0
30,9,2,0,0,9,0.0,0.3,0,12,69,694,397,0,0,0,0,0,308,249,3,8.3,Normal,0
33,12,2,0,0,9,0.0,0.2727272727272727,0,12,81,711,397,0,0,0,0,0,200,904,2,27.393939393939394,Normal,0
50,29,4,0,0,11,0.0,0.22,0,12,77,723,397,0,0,0,0,0,404,38,2,0.76,Normal,0
93,19,3,1,4,21,0.043010752688172046,0.22580645161290322,52,12,107,737,397,0,0,0,0,0,200,32,2,0.34408602150537637,SQL Injection,0
84,63,12,0,0,40,0.0,0.47619047619047616,0,12,68,698,397,0,0,0,0,0,200,70,2,0.8333333333333334,Directory Traversal,0
117,11,2,2,2,20,0.017094017094017096,0.17094017094017094,84,12,102,732,397,0,0,0,0,0,401,26,2,0.2222222222222222,SQL Injection,0
93,19,3,1,4,21,0.043010752688172046,0.22580645161290322,52,12,68,696,397,0,0,0,0,0,200,32,2,0.34408602150537637,SQL Injection,0
74,53,10,0,0,31,0.0,0.4189189189189189,0,12,99,727,397,0,0,0,0,0,200,60,2,0.8108108108108109,Directory Traversal,0
32,11,2,0,0,9,0.0,0.28125,0,12,72,720,397,0,0,0,0,0,200,20,2,0.625,Normal,0
44,23,4,0,0,11,0.0,0.25,0,12,107,735,397,0,0,0,0,0,200,3320,2,75.45454545454545,Normal,0
69,48,5,0,0,14,0.0,0.2028985507246377,0,12,107,744,397,0,0,0,0,0,404,207,2,3.0,Normal,0
104,11,2,2,2,20,0.019230769230769232,0.19230769230769232,71,12,111,741,397,0,0,0,0,0,401,26,2,0.25,SQL Injection,0
31,10,2,0,0,10,0.0,0.3225806451612903,0,12,65,704,397,0,0,0,0,0,200,70,2,2.2580645161290325,Normal,0
46,25,3,0,0,11,0.0,0.2391304347826087,0,12,107,732,397,0,0,0,0,0,200,32,2,0.6956521739130435,Normal,0
99,11,2,2,2,20,0.020202020202020204,0.20202020202020202,66,12,72,720,397,0,0,0,0,0,401,26,2,0.26262626262626265,SQL Injection,0
49,28,4,0,0,12,0.0,0.24489795918367346,0,12,72,699,397,0,0,0,0,0,404,34,2,0.6938775510204082,Normal,0
40,19,4,0,0,11,0.0,0.275,0,12,69,696,397,0,0,0,0,0,404,31,2,0.775,Normal,0
46,25,4,0,0,12,0.0,0.2608695652173913,0,12,72,700,397,0,0,0,0,0,404,31,2,0.6739130434782609,Normal,0
33,12,1,0,0,8,0.0,0.24242424242424243,0,13,82,1094,397,0,0,0,0,0,200,105,2,3.1818181818181817,Cookie Injection,0
46,25,3,0,0,11,0.0,0.2391304347826087,0,12,65,690,397,0,0,0,0,0,200,32,2,0.6956521739130435,Normal,0
109,88,2,0,4,35,0.03669724770642202,0.3211009174311927,0,12,65,704,397,0,0,0,0,0,200,48,2,0.44036697247706424,RCE,0
40,19,4,0,0,11,0.0,0.275,0,12,107,755,397,0,0,0,0,0,404,31,2,0.775,Normal,0
47,26,4,0,0,11,0.0,0.23404255319148937,0,12,66,696,397,0,0,0,0,0,401,26,2,0.5531914893617021,Normal,0
49,28,4,0,0,12,0.0,0.24489795918367346,0,12,81,711,397,0,0,0,0,0,404,34,2,0.6938775510204082,Normal,0
39,18,2,0,0,10,0.0,0.2564102564102564,0,12,100,725,397,0,0,0,0,0,200,732,2,18.76923076923077,Normal,0
33,12,1,0,0,8,0.0,0.24242424242424243,0,14,69,1029,397,0,0,0,0,0,302,211,4,6.393939393939394,Cookie Injection,1
44,23,4,0,0,11,0.0,0.25,0,12,112,742,397,0,0,0,0,0,200,3320,2,75.45454545454545,Normal,0
44,23,4,0,0,11,0.0,0.25,0,12,107,800,442,0,1,2,1,1,200,3320,2,75.45454545454545,LOG4J,0
109,88,2,0,4,35,0.03669724770642202,0.3211009174311927,0,12,103,730,397,0,0,0,0,0,200,48,2,0.44036697247706424,RCE,0
50,29,4,0,0,11,0.0,0.22,0,12,103,742,397,0,0,0,0,0,404,38,2,0.76,Normal,0
83,62,13,0,0,40,0.0,0.4819277108433735,0,12,77,702,397,0,0,0,0,0,200,69,2,0.8313253012048193,Directory Traversal,0
33,12,1,0,0,8,0.0,0.24242424242424243,0,13,108,1117,397,0,0,0,0,0,200,105,2,3.1818181818181817,Cookie Injection,0
37,16,3,0,0,10,0.0,0.2702702702702703,0,12,82,730,397,0,0,0,0,0,404,207,2,5.594594594594595,Normal,0
46,25,3,0,0,11,0.0,0.2391304347826087,0,12,107,732,397,0,0,0,0,0,200,32,2,0.6956521739130435,Normal,0
31,10,2,0,0,10,0.0,0.3225806451612903,0,12,72,720,397,0,0,0,0,0,200,70,2,2.2580645161290325,Normal,0
113,92,2,0,5,32,0.04424778761061947,0.2831858407079646,0,12,65,713,397,0,0,0,0,0,200,20,2,0.17699115044247787,RCE,0
39,18,2,0,0,10,0.0,0.2564102564102564,0,12,99,736,397,0,0,0,0,0,200,276,2,7.076923076923077,Normal,0
33,12,1,0,0,8,0.0,0.24242424242424243,0,14,102,1055,397,0,0,0,0,0,302,211,4,6.393939393939394,Cookie Injection,1
109,88,2,0,4,35,0.03669724770642202,0.3211009174311927,0,12,82,707,397,0,0,0,0,0,200,48,2,0.44036697247706424,RCE,0
69,48,5,0,0,14,0.0,0.2028985507246377,0,12,65,704,397,0,0,0,0,0,404,207,2,3.0,Normal,0
83,62,13,0,0,40,0.0,0.4819277108433735,0,12,82,721,397,0,0,0,0,0,200,69,2,0.8313253012048193,Directory Traversal,0
22,1,0,0,0,8,0.0,0.36363636363636365,0,12,76,706,397,0,0,0,0,0,200,34,2,1.5454545454545454,Normal,0
33,12,1,0,0,8,0.0,0.24242424242424243,0,14,107,1059,397,0,0,0,0,0,302,211,4,6.393939393939394,Cookie Injection,1
89,19,3,1,4,21,0.0449438202247191,0.23595505617977527,48,12,119,747,397,0,0,0,0,0,200,307960,2,3460.224719101124,SQL Injection,0
74,53,10,0,0,31,0.0,0.4189189189189189,0,12,121,748,397,0,0,0,0,0,200,60,2,0.8108108108108109,Directory Traversal,0
48,27,4,0,0,11,0.0,0.22916666666666666,0,12,77,716,397,0,0,0,0,0,404,36,2,0.75,Normal,0
33,12,1,0,0,8,0.0,0.24242424242424243,0,13,107,1135,397,0,0,0,0,0,200,104,2,3.1515151515151514,Cookie Injection,0
105,11,2,2,2,20,0.01904761904761905,0.19047619047619047,72,12,119,749,397,0,0,0,0,0,401,26,2,0.24761904761904763,SQL Injection,0
96,19,3,1,4,22,0.041666666666666664,0.22916666666666666,55,12,65,704,397,0,0,0,0,0,200,49565,2,516.3020833333334,SQL Injection,0
42,21,3,0,0,10,0.0,0.23809523809523808,0,12,77,707,397,0,0,0,0,0,200,933,2,22.214285714285715,Normal,0
91,19,3,1,4,21,0.04395604395604396,0.23076923076923078,50,12,81,711,397,0,0,0,0,0,200,24,2,0.26373626373626374,SQL Injection,0
38,17,3,0,0,10,0.0,0.2631578947368421,0,12,111,757,397,0,0,0,0,0,404,207,2,5.447368421052632,Normal,0
22,1,0,0,0,8,0.0,0.36363636363636365,0,12,107,755,397,0,0,0,0,0,200,34,2,1.5454545454545454,Normal,0
33,12,1,0,0,8,0.0,0.24242424242424243,0,13,107,1128,397,0,0,0,0,0,200,104,2,3.1515151515151514,Cookie Injection,0
82,20,3,1,4,17,0.04878048780487805,0.2073170731707317,40,12,103,751,397,0,0,0,0,0,401,41,2,0.5,Log Forging,0
111,11,2,2,2,20,0.018018018018018018,0.18018018018018017,78,12,119,749,397,0,0,0,0,0,401,26,2,0.23423423423423423,SQL Injection,0
50,29,4,0,0,11,0.0,0.22,0,12,108,733,397,0,0,0,0,0,404,38,2,0.76,Normal,0
39,18,2,0,0,10,0.0,0.2564102564102564,0,12,82,709,397,0,0,0,0,0,200,350,2,8.974358974358974,Normal,0
92,19,3,1,4,22,0.043478260869565216,0.2391304347826087,51,12,82,721,397,0,0,0,0,0,200,204,2,2.217391304347826,SQL Injection,0
71,50,9,0,0,28,0.0,0.39436619718309857,0,12,72,709,397,0,0,0,0,0,200,57,2,0.8028169014084507,Directory Traversal,0
40,19,4,0,0,11,0.0,0.275,0,12,65,690,397,0,0,0,0,0,404,31,2,0.775,Normal,0
46,25,4,0,0,12,0.0,0.2608695652173913,0,12,99,726,397,0,0,0,0,0,404,31,2,0.6739130434782609,Normal,0
22,1,0,0,0,8,0.0,0.36363636363636365,0,12,103,841,489,0,1,2,1,1,200,34,2,1.5454545454545454,LOG4J,0
106,11,2,2,2,20,0.018867924528301886,0.18867924528301888,73,12,108,754,397,0,0,0,0,0,401,26,2,0.24528301886792453,SQL Injection,0
22,1,0,0,0,8,0.0,0.36363636363636365,0,12,68,695,397,0,0,0,0,0,200,34,2,1.5454545454545454,Normal,0
44,23,4,0,0,11,0.0,0.25,0,12,100,727,397,0,0,0,0,0,404,25,2,0.5681818181818182,Normal,0
33,12,1,0,0,8,0.0,0.24242424242424243,0,14,65,1014,397,0,0,0,0,0,302,211,4,6.393939393939394,Cookie Injection,1
80,59,12,0,0,37,0.0,0.4625,0,12,66,694,397,0,0,0,0,0,200,66,2,0.825,Directory Traversal,0
80,59,12,0,0,37,0.0,0.4625,0,12,76,713,397,0,0,0,0,0,200,66,2,0.825,Directory Traversal,0
30,9,2,0,0,9,0.0,0.3,0,12,112,896,553,0,1,2,1,1,308,249,3,8.3,LOG4J,0
47,26,3,0,0,11,0.0,0.23404255319148937,0,12,69,780,397,0,1,2,1,1,200,33,2,0.7021276595744681,LOG4J,0
48,27,4,0,0,11,0.0,0.22916666666666666,0,12,81,709,397,0,0,0,0,0,404,36,2,0.75,Normal,0
79,20,3,1,3,16,0.0379746835443038,0.20253164556962025,37,12,77,702,397,0,0,0,0,0,401,41,2,0.5189873417721519,Log Forging,0
45,24,4,0,0,11,0.0,0.24444444444444444,0,12,65,711,397,0,0,0,0,0,200,3320,2,73.77777777777777,Normal,0
33,12,2,0,0,9,0.0,0.2727272727272727,0,12,99,745,397,0,0,0,0,0,404,28,2,0.8484848484848485,Normal,0
30,9,2,0,0,9,0.0,0.3,0,12,81,729,397,0,0,0,0,0,308,249,3,8.3,Normal,0
91,19,3,1,4,21,0.04395604395604396,0.23076923076923078,50,12,65,693,397,0,0,0,0,0,200,24,2,0.26373626373626374,SQL Injection,0
33,12,1,0,0,8,0.0,0.24242424242424243,0,14,82,1026,397,0,0,0,0,0,302,211,4,6.393939393939394,Cookie Injection,1
80,20,3,1,3,16,0.0375,0.2,38,12,107,737,397,0,0,0,0,0,401,41,2,0.5125,Log Forging,0
44,23,4,0,0,11,0.0,0.25,0,12,119,744,397,0,0,0,0,0,200,3320,2,75.45454545454545,Normal,0
70,49,5,0,0,14,0.0,0.2,0,12,119,744,397,0,0,0,0,0,404,207,2,2.9571428571428573,Normal,0
42,21,3,0,0,10,0.0,0.23809523809523808,0,12,77,716,397,0,0,0,0,0,200,933,2,22.214285714285715,Normal,0
33,12,1,0,0,8,0.0,0.24242424242424243,0,14,77,1045,397,0,0,0,0,0,302,211,4,6.393939393939394,Cookie Injection,1
30,9,2,0,0,9,0.0,0.3,0,12,107,753,397,0,0,0,0,0,308,249,3,8.3,Normal,0
69,48,5,0,0,14,0.0,0.2028985507246377,0,12,81,711,397,0,0,0,0,0,404,207,2,3.0,Normal,0
33,12,2,0,0,9,0.0,0.2727272727272727,0,12,107,746,397,0,0,0,0,0,200,350,2,10.606060606060606,Normal,0
78,20,3,1,3,16,0.038461538461538464,0.20512820512820512,36,12,100,730,397,0,0,0,0,0,401,41,2,0.5256410256410257,Log Forging,0
69,48,5,0,0,14,0.0,0.2028985507246377,0,12,100,725,397,0,0,0,0,0,404,207,2,3.0,Normal,0
45,24,4,0,0,11,0.0,0.24444444444444444,0,12,68,714,397,0,0,0,0,0,404,207,2,4.6,Normal,0
33,12,1,0,0,8,0.0,0.24242424242424243,0,14,65,1023,397,0,0,0,0,0,302,211,4,6.393939393939394,Cookie Injection,1
44,23,4,0,0,11,0.0,0.25,0,12,72,699,397,0,0,0,0,0,200,3320,2,75.45454545454545,Normal,0
113,92,2,0,5,32,0.04424778761061947,0.2831858407079646,0,12,102,748,397,0,0,0,0,0,200,20,2,0.17699115044247787,RCE,0
33,12,1,0,0,8,0.0,0.24242424242424243,0,13,72,1075,397,0,0,0,0,0,200,103,2,3.121212121212121,Cookie Injection,0
40,19,4,0,0,11,0.0,0.275,0,12,69,696,397,0,0,0,0,0,404,31,2,0.775,Normal,0
37,16,3,0,0,10,0.0,0.2702702702702703,0,12,107,792,454,0,1,2,1,1,404,207,2,5.594594594594595,LOG4J,0
50,29,4,0,0,11,0.0,0.22,0,12,76,724,397,0,0,0,0,0,404,38,2,0.76,Normal,0
50,29,4,0,0,11,0.0,0.22,0,12,65,693,397,0,0,0,0,0,404,38,2,0.76,Normal,0
22,1,0,0,0,8,0.0,0.36363636363636365,0,12,77,876,548,0,1,2,1,1,200,34,2,1.5454545454545454,LOG4J,0
30,9,2,0,0,9,0.0,0.3,0,12,66,714,397,0,0,0,0,0,308,249,3,8.3,Normal,0
109,11,2,2,2,20,0.01834862385321101,0.1834862385321101,76,12,106,731,397,0,0,0,0,0,401,26,2,0.23853211009174313,SQL Injection,0
108,11,2,2,2,20,0.018518518518518517,0.18518518518518517,75,12,105,751,397,0,0,0,0,0,401,26,2,0.24074074074074073,SQL Injection,0
33,12,1,0,0,8,0.0,0.24242424242424243,0,14,65,1018,397,0,0,0,0,0,302,211,4,6.393939393939394,Cookie Injection,1
46,25,3,0,0,11,0.0,0.2391304347826087,0,12,101,740,397,0,0,0,0,0,200,32,2,0.6956521739130435,Normal,0
48,27,4,0,0,11,0.0,0.22916666666666666,0,12,72,709,397,0,0,0,0,0,404,36,2,0.75,Normal,0
33,12,1,0,0,8,0.0,0.24242424242424243,0,14,69,1031,397,0,0,0,0,0,302,211,4,6.393939393939394,Cookie Injection,1
72,51,8,0,0,28,0.0,0.3888888888888889,0,12,121,758,397,0,0,0,0,0,200,58,2,0.8055555555555556,Directory Traversal,0
32,11,2,0,0,9,0.0,0.28125,0,12,107,734,397,0,0,0,0,0,200,20,2,0.625,Normal,0
109,11,2,2,2,20,0.01834862385321101,0.1834862385321101,76,12,112,739,397,0,0,0,0,0,401,26,2,0.23853211009174313,SQL Injection,0
42,21,3,0,0,10,0.0,0.23809523809523808,0,12,107,732,397,0,0,0,0,0,200,933,2,22.214285714285715,Normal,0
33,12,1,0,0,8,0.0,0.24242424242424243,0,13,100,1105,397,0,0,0,0,0,200,103,2,3.121212121212121,Cookie Injection,0
44,23,4,0,0,11,0.0,0.25,0,12,77,716,397,0,0,0,0,0,200,3320,2,75.45454545454545,Normal,0
48,27,4,0,0,11,0.0,0.22916666666666666,0,12,107,732,397,0,0,0,0,0,404,36,2,0.75,Normal,0
46,25,4,0,0,11,0.0,0.2391304347826087,0,12,65,692,397,0,0,0,0,0,404,207,2,4.5,Normal,0
39,18,2,0,0,10,0.0,0.2564102564102564,0,12,107,744,397,0,0,0,0,0,200,338,2,8.666666666666666,Normal,0
69,48,5,0,0,14,0.0,0.2028985507246377,0,12,107,744,397,0,0,0,0,0,404,207,2,3.0,Normal,0
78,57,4,0,8,21,0.10256410256410256,0.2692307692307692,0,12,65,711,397,0,0,0,0,0,200,50,2,0.6410256410256411,RCE,0
33,12,1,0,0,8,0.0,0.24242424242424243,0,14,105,1047,397,0,0,0,0,0,302,211,4,6.393939393939394,Cookie Injection,1
46,25,4,0,0,11,0.0,0.2391304347826087,0,12,69,697,397,0,0,0,0,0,404,207,2,4.5,Normal,0
44,23,4,0,0,11,0.0,0.25,0,12,107,735,397,0,0,0,0,0,200,3320,2,75.45454545454545,Normal,0
33,12,1,0,0,8,0.0,0.24242424242424243,0,14,72,1040,397,0,0,0,0,0,302,211,4,6.393939393939394,Cookie Injection,1
42,21,3,0,0,10,0.0,0.23809523809523808,0,12,105,751,397,0,0,0,0,0,200,933,2,22.214285714285715,Normal,0
68,47,8,0,0,25,0.0,0.36764705882352944,0,12,65,690,397,0,0,0,0,0,200,54,2,0.7941176470588235,Directory Traversal,0
30,9,2,0,0,9,0.0,0.3,0,12,111,903,543,0,1,2,1,1,308,249,3,8.3,LOG4J,0
96,19,3,1,4,22,0.041666666666666664,0.22916666666666666,55,12,66,714,397,0,0,0,0,0,200,49565,2,516.3020833333334,SQL Injection,0
32,11,2,0,0,9,0.0,0.28125,0,12,76,713,397,0,0,0,0,0,200,20,2,0.625,Normal,0
50,29,4,0,0,11,0.0,0.22,0,12,66,694,397,0,0,0,0,0,404,38,2,0.76,Normal,0
70,49,5,0,0,14,0.0,0.2,0,12,119,749,397,0,0,0,0,0,404,207,2,2.9571428571428573,Normal,0
93,19,3,1,4,21,0.043010752688172046,0.22580645161290322,52,12,119,765,397,0,0,0,0,0,200,32,2,0.34408602150537637,SQL Injection,0
76,20,3,1,3,16,0.039473684210526314,0.21052631578947367,34,12,65,711,397,0,0,0,0,0,401,41,2,0.5394736842105263,Log Forging,0
102,11,2,2,2,20,0.0196078431372549,0.19607843137254902,69,12,121,749,397,0,0,0,0,0,401,26,2,0.2549019607843137,SQL Injection,0
75,54,9,0,0,31,0.0,0.41333333333333333,0,12,100,748,397,0,0,0,0,0,200,61,2,0.8133333333333334,Directory Traversal,0
33,12,2,0,0,9,0.0,0.2727272727272727,0,12,107,753,397,0,0,0,0,0,404,28,2,0.8484848484848485,Normal,0
75,54,9,0,0,31,0.0,0.41333333333333333,0,12,66,703,397,0,0,0,0,0,200,61,2,0.8133333333333334,Directory Traversal,0
70,49,5,0,0,14,0.0,0.2,0,12,107,732,397,0,0,0,0,0,404,207,2,2.9571428571428573,Normal,0
69,48,5,0,0,14,0.0,0.2028985507246377,0,12,72,746,425,0,1,2,1,1,404,207,2,3.0,LOG4J,0
72,51,8,0,0,28,0.0,0.3888888888888889,0,12,102,727,397,0,0,0,0,0,200,58,2,0.8055555555555556,Directory Traversal,0
48,27,4,0,0,11,0.0,0.22916666666666666,0,12,82,710,397,0,0,0,0,0,404,36,2,0.75,Normal,0
46,25,4,0,0,11,0.0,0.2391304347826087,0,12,105,732,397,0,0,0,0,0,404,207,2,4.5,Normal,0
42,21,3,0,0,10,0.0,0.23809523809523808,0,12,102,732,397,0,0,0,0,0,200,933,2,22.214285714285715,Normal,0
79,20,3,1,3,16,0.0379746835443038,0.20253164556962025,37,12,112,760,397,0,0,0,0,0,401,41,2,0.5189873417721519,Log Forging,0
33,12,1,0,0,8,0.0,0.24242424242424243,0,13,102,1121,397,0,0,0,0,0,200,105,2,3.1818181818181817,Cookie Injection,0
48,27,4,0,0,11,0.0,0.22916666666666666,0,12,69,715,397,0,0,0,0,0,404,36,2,0.75,Normal,0
46,25,4,0,0,11,0.0,0.2391304347826087,0,12,77,714,397,0,0,0,0,0,404,207,2,4.5,Normal,0
49,28,4,0,0,12,0.0,0.24489795918367346,0,12,68,716,397,0,0,0,0,0,404,34,2,0.6938775510204082,Normal,0
51,30,4,0,0,11,0.0,0.21568627450980393,0,12,112,749,397,0,0,0,0,0,404,38,2,0.7450980392156863,Normal,0
33,12,1,0,0,8,0.0,0.24242424242424243,0,14,82,1033,397,0,0,0,0,0,302,211,4,6.393939393939394,Cookie Injection,1
69,48,5,0,0,14,0.0,0.2028985507246377,0,12,119,758,397,0,0,0,0,0,404,207,2,3.0,Normal,0
33,12,1,0,0,8,0.0,0.24242424242424243,0,14,72,1024,397,0,0,0,0,0,302,211,4,6.393939393939394,Cookie Injection,1
89,19,3,1,4,21,0.0449438202247191,0.23595505617977527,48,12,65,692,397,0,0,0,0,0,200,307960,2,3460.224719101124,SQL Injection,0
108,11,2,2,2,20,0.018518518518518517,0.18518518518518517,75,12,65,711,397,0,0,0,0,0,401,26,2,0.24074074074074073,SQL Injection,0
33,12,2,0,0,9,0.0,0.2727272727272727,0,12,107,746,397,0,0,0,0,0,200,21,2,0.6363636363636364,Normal,0
113,92,2,0,5,32,0.04424778761061947,0.2831858407079646,0,12,72,709,397,0,0,0,0,0,200,20,2,0.17699115044247787,RCE,0
33,12,2,0,0,9,0.0,0.2727272727272727,0,12,102,730,397,0,0,0,0,0,404,28,2,0.8484848484848485,Normal,0
44,23,4,0,0,11,0.0,0.25,0,12,65,692,397,0,0,0,0,0,404,25,2,0.5681818181818182,Normal,0
68,47,8,0,0,25,0.0,0.36764705882352944,0,12,99,727,397,0,0,0,0,0,200,54,2,0.7941176470588235,Directory Traversal,0
33,12,1,0,0,8,0.0,0.24242424242424243,0,14,81,1032,397,0,0,0,0,0,302,211,4,6.393939393939394,Cookie Injection,1
69,48,5,0,0,14,0.0,0.2028985507246377,0,12,72,697,397,0,0,0,0,0,404,207,2,3.0,Normal,0
46,25,4,0,0,11,0.0,0.2391304347826087,0,12,106,788,397,0,1,2,1,1,404,207,2,4.5,LOG4J,0
33,12,1,0,0,8,0.0,0.24242424242424243,0,13,72,1084,397,0,0,0,0,0,200,106,2,3.212121212121212,Cookie Injection,0
101,11,2,2,2,20,0.019801980198019802,0.19801980198019803,68,12,103,749,397,0,0,0,0,0,401,26,2,0.25742574257425743,SQL Injection,0
32,11,2,0,0,9,0.0,0.28125,0,12,77,762,457,0,1,2,1,1,200,20,2,0.625,LOG4J,0
113,92,2,0,5,32,0.04424778761061947,0.2831858407079646,0,12,100,730,397,0,0,0,0,0,200,20,2,0.17699115044247787,RCE,0
37,16,3,0,0,10,0.0,0.2702702702702703,0,12,65,702,397,0,0,0,0,0,404,207,2,5.594594594594595,Normal,0
42,21,3,0,0,10,0.0,0.23809523809523808,0,12,72,760,446,0,1,2,1,1,200,933,2,22.214285714285715,LOG4J,0
49,28,4,0,0,12,0.0,0.24489795918367346,0,12,99,736,397,0,0,0,0,0,404,34,2,0.6938775510204082,Normal,0
46,25,4,0,0,12,0.0,0.2608695652173913,0,12,106,884,527,0,1,2,1,1,404,31,2,0.6739130434782609,LOG4J,0
39,18,2,0,0,10,0.0,0.2564102564102564,0,12,72,697,397,0,0,0,0,0,200,183,2,4.6923076923076925,Normal,0
115,11,2,2,2,20,0.017391304347826087,0.17391304347826086,82,12,107,734,397,0,0,0,0,0,401,26,2,0.22608695652173913,SQL Injection,0
33,12,1,0,0,8,0.0,0.24242424242424243,0,13,68,1104,397,0,0,0,0,0,200,110,2,3.3333333333333335,Cookie Injection,0
96,19,3,1,4,22,0.041666666666666664,0.22916666666666666,55,12,72,702,397,0,0,0,0,0,200,49565,2,516.3020833333334,SQL Injection,0
84,63,12,0,0,40,0.0,0.47619047619047616,0,12,77,716,397,0,0,0,0,0,200,70,2,0.8333333333333334,Directory Traversal,0
46,25,4,0,0,12,0.0,0.2608695652173913,0,12,81,709,397,0,0,0,0,0,404,31,2,0.6739130434782609,Normal,0
106,11,2,2,2,20,0.018867924528301886,0.18867924528301888,73,12,107,737,397,0,0,0,0,0,401,26,2,0.24528301886792453,SQL Injection,0
44,23,4,0,0,11,0.0,0.25,0,12,119,767,397,0,0,0,0,0,404,25,2,0.5681818181818182,Normal,0
49,28,4,0,0,12,0.0,0.24489795918367346,0,12,81,729,397,0,0,0,0,0,404,34,2,0.6938775510204082,Normal,0
47,26,4,0,0,11,0.0,0.23404255319148937,0,12,103,751,397,0,0,0,0,0,401,26,2,0.5531914893617021,Normal,0
70,49,5,0,0,14,0.0,0.2,0,12,72,791,397,0,1,2,1,1,404,207,2,2.9571428571428573,LOG4J,0
46,25,4,0,0,12,0.0,0.2608695652173913,0,12,105,744,397,0,0,0,0,0,404,31,2,0.6739130434782609,Normal,0
33,12,1,0,0,8,0.0,0.24242424242424243,0,13,65,1075,397,0,0,0,0,0,200,104,2,3.1515151515151514,Cookie Injection,0
112,11,2,2,2,20,0.017857142857142856,0.17857142857142858,79,12,102,741,397,0,0,0,0,0,401,26,2,0.23214285714285715,SQL Injection,0
69,48,5,0,0,14,0.0,0.2028985507246377,0,12,66,691,397,0,0,0,0,0,404,207,2,3.0,Normal,0
33,12,1,0,0,8,0.0,0.24242424242424243,0,14,100,1056,397,0,0,0,0,0,302,211,4,6.393939393939394,Cookie Injection,1
42,21,3,0,0,10,0.0,0.23809523809523808,0,12,100,737,397,0,0,0,0,0,200,933,2,22.214285714285715,Normal,0
39,18,2,0,0,10,0.0,0.2564102564102564,0,12,102,741,397,0,0,0,0,0,200,1163,2,29.82051282051282,Normal,0
45,24,4,0,0,11,0.0,0.24444444444444444,0,12,65,702,397,0,0,0,0,0,404,207,2,4.6,Normal,0
84,20,3,1,3,16,0.03571428571428571,0.19047619047619047,42,12,72,699,397,0,0,0,0,0,401,41,2,0.4880952380952381,Log Forging,0
42,21,3,0,0,10,0.0,0.23809523809523808,0,12,108,733,397,0,0,0,0,0,200,933,2,22.214285714285715,Normal,0
48,27,4,0,0,11,0.0,0.22916666666666666,0,12,119,756,397,0,0,0,0,0,404,36,2,0.75,Normal,0
33,12,2,0,0,9,0.0,0.2727272727272727,0,12,72,720,397,0,0,0,0,0,200,546,2,16.545454545454547,Normal,0
31,10,2,0,0,10,0.0,0.3225806451612903,0,12,76,703,397,0,0,0,0,0,200,70,2,2.2580645161290325,Normal,0
33,12,1,0,0,8,0.0,0.24242424242424243,0,13,121,1145,397,0,0,0,0,0,200,103,2,3.121212121212121,Cookie Injection,0
42,21,3,0,0,10,0.0,0.23809523809523808,0,12,65,704,397,0,0,0,0,0,200,933,2,22.214285714285715,Normal,0
48,27,4,0,0,11,0.0,0.22916666666666666,0,12,102,732,397,0,0,0,0,0,404,36,2,0.75,Normal,0
73,20,3,1,3,16,0.0410958904109589,0.2191780821917808,31,12,76,703,397,0,0,0,0,0,401,41,2,0.5616438356164384,Log Forging,0
48,27,4,0,0,11,0.0,0.22916666666666666,0,12,65,702,397,0,0,0,0,0,401,26,2,0.5416666666666666,Normal,0
37,16,3,0,0,10,0.0,0.2702702702702703,0,12,77,723,397,0,0,0,0,0,404,207,2,5.594594594594595,Normal,0
77,56,11,0,0,34,0.0,0.44155844155844154,0,12,66,714,397,0,0,0,0,0,200,63,2,0.8181818181818182,Directory Traversal,0
45,24,4,0,0,11,0.0,0.24444444444444444,0,12,77,725,397,0,0,0,0,0,404,207,2,4.6,Normal,0
48,27,4,0,0,11,0.0,0.22916666666666666,0,12,99,736,397,0,0,0,0,0,404,36,2,0.75,Normal,0
39,18,2,0,0,10,0.0,0.2564102564102564,0,12,76,715,397,0,0,0,0,0,200,1162,2,29.794871794871796,Normal,0
45,24,4,0,0,11,0.0,0.24444444444444444,0,12,107,732,397,0,0,0,0,0,200,3320,2,73.77777777777777,Normal,0
33,12,1,0,0,8,0.0,0.24242424242424243,0,14,102,1053,397,0,0,0,0,0,302,211,4,6.393939393939394,Cookie Injection,1
46,25,3,0,0,11,0.0,0.2391304347826087,0,12,65,695,397,0,0,0,0,0,200,32,2,0.6956521739130435,Normal,0
31,10,2,0,0,10,0.0,0.3225806451612903,0,12,102,741,397,0,0,0,0,0,200,70,2,2.2580645161290325,Normal,0
34,13,2,0,0,9,0.0,0.2647058823529412,0,12,103,730,397,0,0,0,0,0,404,28,2,0.8235294117647058,Normal,0
74,53,10,0,0,31,0.0,0.4189189189189189,0,12,65,702,397,0,0,0,0,0,200,60,2,0.8108108108108109,Directory Traversal,0
33,12,1,0,0,8,0.0,0.24242424242424243,0,13,107,1126,397,0,0,0,0,0,200,105,2,3.1818181818181817,Cookie Injection,0
75,54,9,0,0,31,0.0,0.41333333333333333,0,12,108,754,397,0,0,0,0,0,200,61,2,0.8133333333333334,Directory Traversal,0
75,54,9,0,0,31,0.0,0.41333333333333333,0,12,99,738,397,0,0,0,0,0,200,61,2,0.8133333333333334,Directory Traversal,0
46,25,4,0,0,12,0.0,0.2608695652173913,0,12,69,696,397,0,0,0,0,0,404,31,2,0.6739130434782609,Normal,0
33,12,1,0,0,8,0.0,0.24242424242424243,0,13,107,1137,397,0,0,0,0,0,200,106,2,3.212121212121212,Cookie Injection,0
75,54,9,0,0,31,0.0,0.41333333333333333,0,12,99,724,397,0,0,0,0,0,200,61,2,0.8133333333333334,Directory Traversal,0
44,23,4,0,0,11,0.0,0.25,0,12,65,704,397,0,0,0,0,0,200,3320,2,75.45454545454545,Normal,0
116,11,2,2,2,20,0.017241379310344827,0.1724137931034483,83,12,108,735,397,0,0,0,0,0,401,26,2,0.22413793103448276,SQL Injection,0
33,12,1,0,0,8,0.0,0.24242424242424243,0,14,103,1042,397,0,0,0,0,0,302,211,4,6.393939393939394,Cookie Injection,1
83,20,3,1,4,17,0.04819277108433735,0.20481927710843373,41,12,107,755,397,0,0,0,0,0,401,41,2,0.4939759036144578,Log Forging,0
46,25,4,0,0,12,0.0,0.2608695652173913,0,12,72,742,397,0,1,2,1,1,404,31,2,0.6739130434782609,LOG4J,0
48,27,4,0,0,11,0.0,0.22916666666666666,0,12,65,690,397,0,0,0,0,0,404,36,2,0.75,Normal,0
44,23,4,0,0,11,0.0,0.25,0,12,76,703,397,0,0,0,0,0,200,3320,2,75.45454545454545,Normal,0
44,23,4,0,0,11,0.0,0.25,0,12,69,768,397,0,1,2,1,1,404,25,2,0.5681818181818182,LOG4J,0
30,9,2,0,0,9,0.0,0.3,0,12,65,695,397,0,0,0,0,0,308,249,3,8.3,Normal,0
39,18,2,0,0,10,0.0,0.2564102564102564,0,12,66,714,397,0,0,0,0,0,200,2071,2,53.1025641025641,Normal,0
109,88,2,0,4,35,0.03669724770642202,0.3211009174311927,0,12,105,733,397,0,0,0,0,0,200,48,2,0.44036697247706424,RCE,0
47,26,4,0,0,11,0.0,0.23404255319148937,0,12,107,737,397,0,0,0,0,0,401,26,2,0.5531914893617021,Normal,0
31,10,2,0,0,10,0.0,0.3225806451612903,0,12,121,758,397,0,0,0,0,0,200,70,2,2.2580645161290325,Normal,0
33,12,2,0,0,9,0.0,0.2727272727272727,0,12,65,704,397,0,0,0,0,0,200,413,2,12.515151515151516,Normal,0
33,12,2,0,0,9,0.0,0.2727272727272727,0,12,106,734,397,0,0,0,0,0,404,28,2,0.8484848484848485,Normal,0
47,26,4,0,0,11,0.0,0.23404255319148937,0,12,107,755,397,0,0,0,0,0,401,26,2,0.5531914893617021,Normal,0
47,26,4,0,0,11,0.0,0.23404255319148937,0,12,102,750,397,0,0,0,0,0,404,207,2,4.404255319148936,Normal,0
74,20,3,1,3,16,0.04054054054054054,0.21621621621621623,32,12,72,700,397,0,0,0,0,0,401,41,2,0.5540540540540541,Log Forging,0
44,23,4,0,0,11,0.0,0.25,0,12,107,744,397,0,0,0,0,0,200,3320,2,75.45454545454545,Normal,0
42,21,3,0,0,10,0.0,0.23809523809523808,0,12,102,729,397,0,0,0,0,0,200,933,2,22.214285714285715,Normal,0
49,28,4,0,0,12,0.0,0.24489795918367346,0,12,65,713,397,0,0,0,0,0,404,34,2,0.6938775510204082,Normal,0
96,19,3,1,4,22,0.041666666666666664,0.22916666666666666,55,12,76,703,397,0,0,0,0,0,200,49565,2,516.3020833333334,SQL Injection,0
33,12,1,0,0,8,0.0,0.24242424242424243,0,14,81,1049,397,0,0,0,0,0,302,211,4,6.393939393939394,Cookie Injection,1
33,12,2,0,0,9,0.0,0.2727272727272727,0,12,119,756,397,0,0,0,0,0,404,28,2,0.8484848484848485,Normal,0
33,12,1,0,0,8,0.0,0.24242424242424243,0,13,65,1072,397,0,0,0,0,0,200,106,2,3.212121212121212,Cookie Injection,0
109,88,2,0,4,35,0.03669724770642202,0.3211009174311927,0,12,82,707,397,0,0,0,0,0,200,48,2,0.44036697247706424,RCE,0
106,11,2,2,2,20,0.018867924528301886,0.18867924528301888,73,12,119,758,397,0,0,0,0,0,401,26,2,0.24528301886792453,SQL Injection,0
50,29,4,0,0,11,0.0,0.22,0,12,100,863,397,0,1,2,1,1,404,38,2,0.76,LOG4J,0
40,19,4,0,0,11,0.0,0.275,0,12,107,735,397,0,0,0,0,0,404,31,2,0.775,Normal,0
77,56,11,0,0,34,0.0,0.44155844155844154,0,12,99,745,397,0,0,0,0,0,200,63,2,0.8181818181818182,Directory Traversal,0
84,20,3,1,4,17,0.047619047619047616,0.20238095238095238,42,12,65,692,397,0,0,0,0,0,401,41,2,0.4880952380952381,Log Forging,0
45,24,4,0,0,11,0.0,0.24444444444444444,0,12,72,718,397,0,0,0,0,0,404,207,2,4.6,Normal,0
113,92,2,0,5,32,0.04424778761061947,0.2831858407079646,0,12,107,734,397,0,0,0,0,0,200,20,2,0.17699115044247787,RCE,0
32,11,2,0,0,9,0.0,0.28125,0,12,103,829,397,0,1,2,1,1,200,20,2,0.625,LOG4J,0
33,12,1,0,0,8,0.0,0.24242424242424243,0,14,68,1007,397,0,0,0,0,0,302,211,4,6.393939393939394,Cookie Injection,1
92,19,3,1,4,22,0.043478260869565216,0.2391304347826087,51,12,121,748,397,0,0,0,0,0,200,204,2,2.217391304347826,SQL Injection,0
50,29,4,0,0,11,0.0,0.22,0,12,99,745,397,0,0,0,0,0,404,38,2,0.76,Normal,0
31,10,2,0,0,10,0.0,0.3225806451612903,0,12,111,738,397,0,0,0,0,0,200,70,2,2.2580645161290325,Normal,0
48,27,4,0,0,11,0.0,0.22916666666666666,0,12,81,709,397,0,0,0,0,0,404,36,2,0.75,Normal,0
45,24,4,0,0,11,0.0,0.24444444444444444,0,12,99,747,397,0,0,0,0,0,404,207,2,4.6,Normal,0
46,25,3,0,0,11,0.0,0.2391304347826087,0,12,119,758,397,0,0,0,0,0,200,32,2,0.6956521739130435,Normal,0
37,16,3,0,0,10,0.0,0.2702702702702703,0,12,107,732,397,0,0,0,0,0,404,207,2,5.594594594594595,Normal,0
49,28,4,0,0,12,0.0,0.24489795918367346,0,12,108,823,397,0,1,2,1,1,404,34,2,0.6938775510204082,LOG4J,0
33,12,1,0,0,8,0.0,0.24242424242424243,0,13,99,1126,397,0,0,0,0,0,200,110,2,3.3333333333333335,Cookie Injection,0
39,18,2,0,0,10,0.0,0.2564102564102564,0,12,101,729,397,0,0,0,0,0,200,213,2,5.461538461538462,Normal,0
83,20,3,1,4,17,0.04819277108433735,0.20481927710843373,41,12,100,728,397,0,0,0,0,0,401,41,2,0.4939759036144578,Log Forging,0
33,12,1,0,0,8,0.0,0.24242424242424243,0,14,82,1026,397,0,0,0,0,0,302,211,4,6.393939393939394,Cookie Injection,1
45,24,4,0,0,11,0.0,0.24444444444444444,0,12,100,746,397,0,0,0,0,0,404,207,2,4.6,Normal,0
92,19,3,1,4,22,0.043478260869565216,0.2391304347826087,51,12,72,718,397,0,0,0,0,0,200,204,2,2.217391304347826,SQL Injection,0
84,63,12,0,0,40,0.0,0.47619047619047616,0,12,72,711,397,0,0,0,0,0,200,70,2,0.8333333333333334,Directory Traversal,0
71,50,9,0,0,28,0.0,0.39436619718309857,0,12,107,735,397,0,0,0,0,0,200,57,2,0.8028169014084507,Directory Traversal,0
92,19,3,1,4,22,0.043478260869565216,0.2391304347826087,51,12,65,704,397,0,0,0,0,0,200,204,2,2.217391304347826,SQL Injection,0
109,88,2,0,4,35,0.03669724770642202,0.3211009174311927,0,12,81,711,397,0,0,0,0,0,200,48,2,0.44036697247706424,RCE,0
78,57,4,0,8,21,0.10256410256410256,0.2692307692307692,0,12,107,753,397,0,0,0,0,0,200,50,2,0.6410256410256411,RCE,0
83,62,13,0,0,40,0.0,0.4819277108433735,0,12,107,732,397,0,0,0,0,0,200,69,2,0.8313253012048193,Directory Traversal,0
42,21,3,0,0,10,0.0,0.23809523809523808,0,12,77,702,397,0,0,0,0,0,200,933,2,22.214285714285715,Normal,0
33,12,2,0,0,9,0.0,0.2727272727272727,0,12,108,733,397,0,0,0,0,0,404,28,2,0.8484848484848485,Normal,0
45,24,4,0,0,11,0.0,0.24444444444444444,0,12,99,736,397,0,0,0,0,0,404,207,2,4.6,Normal,0
37,16,3,0,0,10,0.0,0.2702702702702703,0,12,81,729,397,0,0,0,0,0,404,207,2,5.594594594594595,Normal,0
42,21,3,0,0,10,0.0,0.23809523809523808,0,12,72,700,397,0,0,0,0,0,200,933,2,22.214285714285715,Normal,0
103,11,2,2,2,20,0.019417475728155338,0.1941747572815534,70,12,100,730,397,0,0,0,0,0,401,26,2,0.2524271844660194,SQL Injection,0
44,23,4,0,0,11,0.0,0.25,0,12,82,719,397,0,0,0,0,0,404,25,2,0.5681818181818182,Normal,0
47,26,4,0,0,11,0.0,0.23404255319148937,0,12,72,700,397,0,0,0,0,0,401,26,2,0.5531914893617021,Normal,0
33,12,1,0,0,8,0.0,0.24242424242424243,0,13,121,1128,397,0,0,0,0,0,200,105,2,3.1818181818181817,Cookie Injection,0
31,10,2,0,0,10,0.0,0.3225806451612903,0,12,112,742,397,0,0,0,0,0,200,70,2,2.2580645161290325,Normal,0
46,25,4,0,0,12,0.0,0.2608695652173913,0,12,103,728,397,0,0,0,0,0,404,31,2,0.6739130434782609,Normal,0
40,19,4,0,0,11,0.0,0.275,0,12,99,736,397,0,0,0,0,0,404,31,2,0.775,Normal,0
111,11,2,2,2,20,0.018018018018018018,0.18018018018018017,78,12,99,736,397,0,0,0,0,0,401,26,2,0.23423423423423423,SQL Injection,0
102,11,2,2,2,20,0.0196078431372549,0.19607843137254902,69,12,108,754,397,0,0,0,0,0,401,26,2,0.2549019607843137,SQL Injection,0
37,16,3,0,0,10,0.0,0.2702702702702703,0,12,119,756,397,0,0,0,0,0,404,207,2,5.594594594594595,Normal,0
74,53,10,0,0,31,0.0,0.4189189189189189,0,12,102,750,397,0,0,0,0,0,200,60,2,0.8108108108108109,Directory Traversal,0
49,28,4,0,0,12,0.0,0.24489795918367346,0,12,100,737,397,0,0,0,0,0,404,34,2,0.6938775510204082,Normal,0
47,26,4,0,0,11,0.0,0.23404255319148937,0,12,108,736,397,0,0,0,0,0,401,26,2,0.5531914893617021,Normal,0
82,20,3,1,3,16,0.036585365853658534,0.1951219512195122,40,12,72,702,397,0,0,0,0,0,401,41,2,0.5,Log Forging,0
78,20,3,1,3,16,0.038461538461538464,0.20512820512820512,36,12,119,744,397,0,0,0,0,0,401,41,2,0.5256410256410257,Log Forging,0
83,20,3,1,4,17,0.04819277108433735,0.20481927710843373,41,12,111,750,397,0,0,0,0,0,401,41,2,0.4939759036144578,Log Forging,0
44,23,4,0,0,11,0.0,0.25,0,12,76,715,397,0,0,0,0,0,404,25,2,0.5681818181818182,Normal,0
31,10,2,0,0,10,0.0,0.3225806451612903,0,12,77,714,397,0,0,0,0,0,200,70,2,2.2580645161290325,Normal,0
112,11,2,2,2,20,0.017857142857142856,0.17857142857142858,79,12,101,747,397,0,0,0,0,0,401,26,2,0.23214285714285715,SQL Injection,0
45,24,4,0,0,11,0.0,0.24444444444444444,0,12,72,711,397,0,0,0,0,0,404,207,2,4.6,Normal,0
33,12,1,0,0,8,0.0,0.24242424242424243,0,13,68,1089,397,0,0,0,0,0,200,106,2,3.212121212121212,Cookie Injection,0
33,12,2,0,0,9,0.0,0.2727272727272727,0,12,72,702,397,0,0,0,0,0,404,28,2,0.8484848484848485,Normal,0
33,12,1,0,0,8,0.0,0.24242424242424243,0,13,99,1111,397,0,0,0,0,0,200,104,2,3.1515151515151514,Cookie Injection,0
40,19,4,0,0,11,0.0,0.275,0,12,82,707,397,0,0,0,0,0,404,31,2,0.775,Normal,0
33,12,2,0,0,9,0.0,0.2727272727272727,0,12,68,696,397,0,0,0,0,0,200,2666,2,80.78787878787878,Normal,0
33,12,2,0,0,9,0.0,0.2727272727272727,0,12,121,767,397,0,0,0,0,0,200,3719,2,112.6969696969697,Normal,0
37,16,3,0,0,10,0.0,0.2702702702702703,0,12,100,739,397,0,0,0,0,0,404,207,2,5.594594594594595,Normal,0
33,12,1,0,0,8,0.0,0.24242424242424243,0,13,99,1116,397,0,0,0,0,0,200,110,2,3.3333333333333335,Cookie Injection,0
80,20,3,1,3,16,0.0375,0.2,38,12,103,733,397,0,0,0,0,0,401,41,2,0.5125,Log Forging,0
78,57,4,0,8,21,0.10256410256410256,0.2692307692307692,0,12,77,702,397,0,0,0,0,0,200,50,2,0.6410256410256411,RCE,0
50,29,4,0,0,11,0.0,0.22,0,12,72,720,397,0,0,0,0,0,404,38,2,0.76,Normal,0
49,28,4,0,0,12,0.0,0.24489795918367346,0,12,72,700,397,0,0,0,0,0,404,34,2,0.6938775510204082,Normal,0
40,19,4,0,0,11,0.0,0.275,0,12,77,723,397,0,0,0,0,0,404,31,2,0.775,Normal,0
96,19,3,1,4,22,0.041666666666666664,0.22916666666666666,55,12,65,704,397,0,0,0,0,0,200,49565,2,516.3020833333334,SQL Injection,0
33,12,2,0,0,9,0.0,0.2727272727272727,0,12,103,728,397,0,0,0,0,0,404,28,2,0.8484848484848485,Normal,0
109,88,2,0,4,35,0.03669724770642202,0.3211009174311927,0,12,100,748,397,0,0,0,0,0,200,48,2,0.44036697247706424,RCE,0
33,12,1,0,0,8,0.0,0.24242424242424243,0,13,100,1119,397,0,0,0,0,0,200,104,2,3.1515151515151514,Cookie Injection,0
51,30,4,0,0,11,0.0,0.21568627450980393,0,12,102,741,397,0,0,0,0,0,404,38,2,0.7450980392156863,Normal,0
92,19,3,1,4,21,0.043478260869565216,0.22826086956521738,51,12,121,746,397,0,0,0,0,0,200,198,2,2.152173913043478,SQL Injection,0
40,19,4,0,0,11,0.0,0.275,0,12,77,725,397,0,0,0,0,0,404,31,2,0.775,Normal,0
30,9,2,0,0,9,0.0,0.3,0,12,77,833,397,0,1,2,1,1,308,249,3,8.3,LOG4J,0
106,11,2,2,2,20,0.018867924528301886,0.18867924528301888,73,12,101,747,397,0,0,0,0,0,401,26,2,0.24528301886792453,SQL Injection,0
44,23,4,0,0,11,0.0,0.25,0,12,106,804,456,0,1,2,1,1,200,3320,2,75.45454545454545,LOG4J,0
89,20,3,1,4,17,0.0449438202247191,0.19101123595505617,47,12,72,699,397,0,0,0,0,0,401,41,2,0.4606741573033708,Log Forging,0
30,9,2,0,0,9,0.0,0.3,0,12,72,871,569,0,1,2,1,1,308,249,3,8.3,LOG4J,0
105,11,2,2,2,20,0.01904761904761905,0.19047619047619047,72,12,65,702,397,0,0,0,0,0,401,26,2,0.24761904761904763,SQL Injection,0
33,12,1,0,0,8,0.0,0.24242424242424243,0,13,72,1093,397,0,0,0,0,0,200,105,2,3.1818181818181817,Cookie Injection,0
89,19,3,1,4,21,0.0449438202247191,0.23595505617977527,48,12,69,717,397,0,0,0,0,0,200,307960,2,3460.224719101124,SQL Injection,0
51,30,4,0,0,11,0.0,0.21568627450980393,0,12,112,742,397,0,0,0,0,0,404,38,2,0.7450980392156863,Normal,0
50,29,4,0,0,11,0.0,0.22,0,12,72,711,397,0,0,0,0,0,404,38,2,0.76,Normal,0
113,92,2,0,5,32,0.04424778761061947,0.2831858407079646,0,12,65,711,397,0,0,0,0,0,200,20,2,0.17699115044247787,RCE,0
31,10,2,0,0,10,0.0,0.3225806451612903,0,12,102,729,397,0,0,0,0,0,200,70,2,2.2580645161290325,Normal,0
40,19,4,0,0,11,0.0,0.275,0,12,66,703,397,0,0,0,0,0,404,31,2,0.775,Normal,0
69,48,5,0,0,14,0.0,0.2028985507246377,0,12,106,754,397,0,0,0,0,0,404,207,2,3.0,Normal,0
31,10,2,0,0,10,0.0,0.3225806451612903,0,12,99,724,397,0,0,0,0,0,200,70,2,2.2580645161290325,Normal,0
33,12,1,0,0,8,0.0,0.24242424242424243,0,14,112,1065,397,0,0,0,0,0,302,211,4,6.393939393939394,Cookie Injection,1
46,25,3,0,0,11,0.0,0.2391304347826087,0,12,107,735,397,0,0,0,0,0,200,32,2,0.6956521739130435,Normal,0
107,11,2,2,2,20,0.018691588785046728,0.18691588785046728,74,12,82,709,397,0,0,0,0,0,401,26,2,0.24299065420560748,SQL Injection,0
44,23,4,0,0,11,0.0,0.25,0,12,108,736,397,0,0,0,0,0,200,3320,2,75.45454545454545,Normal,0
44,23,4,0,0,11,0.0,0.25,0,12,77,716,397,0,0,0,0,0,404,25,2,0.5681818181818182,Normal,0
79,20,3,1,3,16,0.0379746835443038,0.20253164556962025,37,12,101,749,397,0,0,0,0,0,401,41,2,0.5189873417721519,Log Forging,0
111,11,2,2,2,20,0.018018018018018018,0.18018018018018017,78,12,77,723,397,0,0,0,0,0,401,26,2,0.23423423423423423,SQL Injection,0
40,19,4,0,0,11,0.0,0.275,0,12,72,709,397,0,0,0,0,0,404,31,2,0.775,Normal,0
44,23,4,0,0,11,0.0,0.25,0,12,77,723,397,0,0,0,0,0,404,25,2,0.5681818181818182,Normal,0
75,20,3,1,3,16,0.04,0.21333333333333335,33,12,72,709,397,0,0,0,0,0,401,41,2,0.5466666666666666,Log Forging,0
32,11,2,0,0,9,0.0,0.28125,0,12,72,720,397,0,0,0,0,0,200,20,2,0.625,Normal,0
33,12,1,0,0,8,0.0,0.24242424242424243,0,14,107,1060,397,0,0,0,0,0,302,211,4,6.393939393939394,Cookie Injection,1
69,48,5,0,0,14,0.0,0.2028985507246377,0,12,65,802,397,0,1,2,1,1,404,207,2,3.0,LOG4J,0
40,19,4,0,0,11,0.0,0.275,0,12,101,728,397,0,0,0,0,0,404,31,2,0.775,Normal,0
22,1,0,0,0,8,0.0,0.36363636363636365,0,12,66,755,440,0,1,2,1,1,200,34,2,1.5454545454545454,LOG4J,0
99,11,2,2,2,20,0.020202020202020204,0.20202020202020202,66,12,72,699,397,0,0,0,0,0,401,26,2,0.26262626262626265,SQL Injection,0
89,19,3,1,4,21,0.0449438202247191,0.23595505617977527,48,12,76,722,397,0,0,0,0,0,200,307960,2,3460.224719101124,SQL Injection,0
50,29,4,0,0,11,0.0,0.22,0,12,105,730,397,0,0,0,0,0,404,38,2,0.76,Normal,0
44,23,4,0,0,11,0.0,0.25,0,12,119,747,397,0,0,0,0,0,404,25,2,0.5681818181818182,Normal,0
33,12,1,0,0,8,0.0,0.24242424242424243,0,13,82,1109,397,0,0,0,0,0,200,110,2,3.3333333333333335,Cookie Injection,0
48,27,4,0,0,11,0.0,0.22916666666666666,0,12,65,702,397,0,0,0,0,0,404,36,2,0.75,Normal,0
33,12,1,0,0,8,0.0,0.24242424242424243,0,14,69,1011,397,0,0,0,0,0,302,211,4,6.393939393939394,Cookie Injection,1
69,48,5,0,0,14,0.0,0.2028985507246377,0,12,76,715,397,0,0,0,0,0,404,207,2,3.0,Normal,0
22,1,0,0,0,8,0.0,0.36363636363636365,0,12,101,731,397,0,0,0,0,0,200,34,2,1.5454545454545454,Normal,0
74,53,10,0,0,31,0.0,0.4189189189189189,0,12,107,744,397,0,0,0,0,0,200,60,2,0.8108108108108109,Directory Traversal,0
33,12,1,0,0,8,0.0,0.24242424242424243,0,14,107,1058,397,0,0,0,0,0,302,211,4,6.393939393939394,Cookie Injection,1
33,12,1,0,0,8,0.0,0.24242424242424243,0,14,81,1032,397,0,0,0,0,0,302,211,4,6.393939393939394,Cookie Injection,1
46,25,3,0,0,11,0.0,0.2391304347826087,0,12,119,747,397,0,0,0,0,0,200,32,2,0.6956521739130435,Normal,0
68,47,8,0,0,25,0.0,0.36764705882352944,0,12,77,723,397,0,0,0,0,0,200,54,2,0.7941176470588235,Directory Traversal,0
46,25,3,0,0,11,0.0,0.2391304347826087,0,12,99,726,397,0,0,0,0,0,200,32,2,0.6956521739130435,Normal,0
101,11,2,2,2,20,0.019801980198019802,0.19801980198019803,68,12,77,705,397,0,0,0,0,0,401,26,2,0.25742574257425743,SQL Injection,0
77,20,3,1,3,16,0.03896103896103896,0.2077922077922078,35,12,119,758,397,0,0,0,0,0,401,41,2,0.5324675324675324,Log Forging,0
33,12,1,0,0,8,0.0,0.24242424242424243,0,14,107,1058,397,0,0,0,0,0,302,211,4,6.393939393939394,Cookie Injection,1
47,26,3,0,0,11,0.0,0.23404255319148937,0,12,65,690,397,0,0,0,0,0,200,33,2,0.7021276595744681,Normal,0
40,19,4,0,0,11,0.0,0.275,0,12,100,728,397,0,0,0,0,0,404,31,2,0.775,Normal,0
46,25,3,0,0,11,0.0,0.2391304347826087,0,12,72,702,397,0,0,0,0,0,200,32,2,0.6956521739130435,Normal,0
32,11,2,0,0,9,0.0,0.28125,0,12,107,732,397,0,0,0,0,0,200,20,2,0.625,Normal,0
33,12,1,0,0,8,0.0,0.24242424242424243,0,14,107,1060,397,0,0,0,0,0,302,211,4,6.393939393939394,Cookie Injection,1
113,92,2,0,5,32,0.04424778761061947,0.2831858407079646,0,12,111,738,397,0,0,0,0,0,200,20,2,0.17699115044247787,RCE,0
47,26,4,0,0,12,0.0,0.2553191489361702,0,12,107,734,397,0,0,0,0,0,404,31,2,0.6595744680851063,Normal,0
49,28,4,0,0,12,0.0,0.24489795918367346,0,12,101,728,397,0,0,0,0,0,404,34,2,0.6938775510204082,Normal,0
68,47,8,0,0,25,0.0,0.36764705882352944,0,12,107,732,397,0,0,0,0,0,200,54,2,0.7941176470588235,Directory Traversal,0
92,19,3,1,4,21,0.043478260869565216,0.22826086956521738,51,12,107,753,397,0,0,0,0,0,200,198,2,2.152173913043478,SQL Injection,0
44,23,4,0,0,11,0.0,0.25,0,12,108,735,397,0,0,0,0,0,200,3320,2,75.45454545454545,Normal,0
96,19,3,1,4,22,0.041666666666666664,0.22916666666666666,55,12,112,742,397,0,0,0,0,0,200,49565,2,516.3020833333334,SQL Injection,0
102,11,2,2,2,20,0.0196078431372549,0.19607843137254902,69,12,103,730,397,0,0,0,0,0,401,26,2,0.2549019607843137,SQL Injection,0
22,1,0,0,0,8,0.0,0.36363636363636365,0,12,119,756,397,0,0,0,0,0,200,34,2,1.5454545454545454,Normal,0
81,20,3,1,3,16,0.037037037037037035,0.19753086419753085,39,12,77,725,397,0,0,0,0,0,401,41,2,0.5061728395061729,Log Forging,0
104,11,2,2,2,20,0.019230769230769232,0.19230769230769232,71,12,112,758,397,0,0,0,0,0,401,26,2,0.25,SQL Injection,0
46,25,3,0,0,11,0.0,0.2391304347826087,0,12,66,703,397,0,0,0,0,0,200,32,2,0.6956521739130435,Normal,0
33,12,1,0,0,8,0.0,0.24242424242424243,0,14,65,1026,397,0,0,0,0,0,302,211,4,6.393939393939394,Cookie Injection,1
82,20,3,1,3,16,0.036585365853658534,0.1951219512195122,40,12,112,749,397,0,0,0,0,0,401,41,2,0.5,Log Forging,0
33,12,1,0,0,8,0.0,0.24242424242424243,0,13,77,1107,397,0,0,0,0,0,200,104,2,3.1515151515151514,Cookie Injection,0
69,48,5,0,0,14,0.0,0.2028985507246377,0,12,65,692,397,0,0,0,0,0,404,207,2,3.0,Normal,0
49,28,4,0,0,12,0.0,0.24489795918367346,0,12,107,737,397,0,0,0,0,0,404,34,2,0.6938775510204082,Normal,0
81,60,11,0,0,37,0.0,0.4567901234567901,0,12,68,695,397,0,0,0,0,0,200,67,2,0.8271604938271605,Directory Traversal,0
72,51,8,0,0,28,0.0,0.3888888888888889,0,12,76,724,397,0,0,0,0,0,200,58,2,0.8055555555555556,Directory Traversal,0
45,24,4,0,0,11,0.0,0.24444444444444444,0,12,107,746,397,0,0,0,0,0,404,207,2,4.6,Normal,0
30,9,2,0,0,9,0.0,0.3,0,12,77,723,397,0,0,0,0,0,308,249,3,8.3,Normal,0
46,25,4,0,0,11,0.0,0.2391304347826087,0,12,66,792,397,0,1,2,1,1,404,207,2,4.5,LOG4J,0
50,29,4,0,0,12,0.0,0.24,0,12,77,798,481,0,1,2,1,1,404,34,2,0.68,LOG4J,0
77,20,3,1,3,16,0.03896103896103896,0.2077922077922078,35,12,77,705,397,0,0,0,0,0,401,41,2,0.5324675324675324,Log Forging,0
33,12,1,0,0,8,0.0,0.24242424242424243,0,13,77,1096,397,0,0,0,0,0,200,105,2,3.1818181818181817,Cookie Injection,0
42,21,3,0,0,10,0.0,0.23809523809523808,0,12,76,722,397,0,0,0,0,0,200,933,2,22.214285714285715,Normal,0
33,12,2,0,0,9,0.0,0.2727272727272727,0,12,111,738,397,0,0,0,0,0,404,28,2,0.8484848484848485,Normal,0
32,11,2,0,0,9,0.0,0.28125,0,12,102,780,427,0,1,2,1,1,200,20,2,0.625,LOG4J,0
42,21,3,0,0,10,0.0,0.23809523809523808,0,12,99,726,397,0,0,0,0,0,200,933,2,22.214285714285715,Normal,0
32,11,2,0,0,9,0.0,0.28125,0,12,108,736,397,0,0,0,0,0,200,20,2,0.625,Normal,0
71,50,9,0,0,28,0.0,0.39436619718309857,0,12,65,704,397,0,0,0,0,0,200,57,2,0.8028169014084507,Directory Traversal,0
33,12,1,0,0,8,0.0,0.24242424242424243,0,14,77,1039,397,0,0,0,0,0,302,211,4,6.393939393939394,Cookie Injection,1
33,12,2,0,0,9,0.0,0.2727272727272727,0,12,111,748,397,0,0,0,0,0,200,1162,2,35.21212121212121,Normal,0
30,9,2,0,0,9,0.0,0.3,0,12,72,699,397,0,0,0,0,0,308,249,3,8.3,Normal,0
33,12,1,0,0,8,0.0,0.24242424242424243,0,14,107,1069,397,0,0,0,0,0,302,211,4,6.393939393939394,Cookie Injection,1
33,12,1,0,0,8,0.0,0.24242424242424243,0,14,65,1009,397,0,0,0,0,0,302,211,4,6.393939393939394,Cookie Injection,1
39,18,2,0,0,10,0.0,0.2564102564102564,0,12,107,753,397,0,0,0,0,0,200,664,2,17.025641025641026,Normal,0
109,88,2,0,4,35,0.03669724770642202,0.3211009174311927,0,12,65,704,397,0,0,0,0,0,200,48,2,0.44036697247706424,RCE,0
92,19,3,1,4,21,0.043478260869565216,0.22826086956521738,51,12,65,692,397,0,0,0,0,0,200,198,2,2.152173913043478,SQL Injection,0
48,27,4,0,0,11,0.0,0.22916666666666666,0,12,66,705,397,0,0,0,0,0,401,26,2,0.5416666666666666,Normal,0
105,11,2,2,2,20,0.01904761904761905,0.19047619047619047,72,12,103,730,397,0,0,0,0,0,401,26,2,0.24761904761904763,SQL Injection,0
49,28,4,0,0,12,0.0,0.24489795918367346,0,12,111,736,397,0,0,0,0,0,404,34,2,0.6938775510204082,Normal,0
44,23,4,0,0,11,0.0,0.25,0,12,107,755,397,0,0,0,0,0,200,3320,2,75.45454545454545,Normal,0
45,24,4,0,0,11,0.0,0.24444444444444444,0,12,111,748,397,0,0,0,0,0,404,207,2,4.6,Normal,0
33,12,2,0,0,9,0.0,0.2727272727272727,0,12,119,758,397,0,0,0,0,0,200,2071,2,62.75757575757576,Normal,0
115,11,2,2,2,20,0.017391304347826087,0.17391304347826086,82,12,72,697,397,0,0,0,0,0,401,26,2,0.22608695652173913,SQL Injection,0
47,26,4,0,0,11,0.0,0.23404255319148937,0,12,107,735,397,0,0,0,0,0,404,207,2,4.404255319148936,Normal,0
69,48,5,0,0,14,0.0,0.2028985507246377,0,12,66,694,397,0,0,0,0,0,404,207,2,3.0,Normal,0
77,56,11,0,0,34,0.0,0.44155844155844154,0,12,82,730,397,0,0,0,0,0,200,63,2,0.8181818181818182,Directory Traversal,0
45,24,4,0,0,11,0.0,0.24444444444444444,0,12,72,732,397,0,1,2,1,1,200,3320,2,73.77777777777777,LOG4J,0
121,11,2,2,2,20,0.01652892561983471,0.1652892561983471,88,12,77,723,397,0,0,0,0,0,401,26,2,0.21487603305785125,SQL Injection,0
37,16,3,0,0,10,0.0,0.2702702702702703,0,12,121,749,397,0,0,0,0,0,404,207,2,5.594594594594595,Normal,0
33,12,2,0,0,9,0.0,0.2727272727272727,0,12,99,745,397,0,0,0,0,0,200,1091,2,33.06060606060606,Normal,0
103,11,2,2,2,20,0.019417475728155338,0.1941747572815534,70,12,76,704,397,0,0,0,0,0,401,26,2,0.2524271844660194,SQL Injection,0
32,11,2,0,0,9,0.0,0.28125,0,12,107,737,397,0,0,0,0,0,200,20,2,0.625,Normal,0
50,29,4,0,0,11,0.0,0.22,0,12,65,692,397,0,0,0,0,0,404,38,2,0.76,Normal,0
33,12,2,0,0,9,0.0,0.2727272727272727,0,12,102,750,397,0,0,0,0,0,200,93,2,2.8181818181818183,Normal,0
69,48,5,0,0,14,0.0,0.2028985507246377,0,12,107,744,397,0,0,0,0,0,404,207,2,3.0,Normal,0
40,19,4,0,0,11,0.0,0.275,0,12,69,717,397,0,0,0,0,0,404,31,2,0.775,Normal,0
44,23,4,0,0,11,0.0,0.25,0,12,107,755,397,0,0,0,0,0,200,3320,2,75.45454545454545,Normal,0
44,23,4,0,0,11,0.0,0.25,0,12,82,831,518,0,1,2,1,1,404,25,2,0.5681818181818182,LOG4J,0
49,28,4,0,0,12,0.0,0.24489795918367346,0,12,72,697,397,0,0,0,0,0,404,34,2,0.6938775510204082,Normal,0
96,19,3,1,4,22,0.041666666666666664,0.22916666666666666,55,12,107,753,397,0,0,0,0,0,200,49565,2,516.3020833333334,SQL Injection,0
102,11,2,2,2,20,0.0196078431372549,0.19607843137254902,69,12,111,738,397,0,0,0,0,0,401,26,2,0.2549019607843137,SQL Injection,0
93,19,3,1,4,21,0.043010752688172046,0.22580645161290322,52,12,72,709,397,0,0,0,0,0,200,32,2,0.34408602150537637,SQL Injection,0
33,12,1,0,0,8,0.0,0.24242424242424243,0,13,119,1129,397,0,0,0,0,0,200,104,2,3.1515151515151514,Cookie Injection,0
84,63,12,0,0,40,0.0,0.47619047619047616,0,12,72,700,397,0,0,0,0,0,200,70,2,0.8333333333333334,Directory Traversal,0
89,19,3,1,4,21,0.0449438202247191,0.23595505617977527,48,12,102,739,397,0,0,0,0,0,200,307960,2,3460.224719101124,SQL Injection,0
33,12,1,0,0,8,0.0,0.24242424242424243,0,13,107,1143,397,0,0,0,0,0,200,110,2,3.3333333333333335,Cookie Injection,0
33,12,1,0,0,8,0.0,0.24242424242424243,0,14,103,1056,397,0,0,0,0,0,302,211,4,6.393939393939394,Cookie Injection,1
33,12,2,0,0,9,0.0,0.2727272727272727,0,12,107,755,397,0,0,0,0,0,200,1604,2,48.60606060606061,Normal,0
42,21,3,0,0,10,0.0,0.23809523809523808,0,12,69,708,397,0,0,0,0,0,200,933,2,22.214285714285715,Normal,0
83,62,13,0,0,40,0.0,0.4819277108433735,0,12,107,732,397,0,0,0,0,0,200,69,2,0.8313253012048193,Directory Traversal,0
46,25,4,0,0,11,0.0,0.2391304347826087,0,12,72,711,397,0,0,0,0,0,404,207,2,4.5,Normal,0
46,25,4,0,0,12,0.0,0.2608695652173913,0,12,107,735,397,0,0,0,0,0,404,31,2,0.6739130434782609,Normal,0
113,92,2,0,5,32,0.04424778761061947,0.2831858407079646,0,12,66,712,397,0,0,0,0,0,200,20,2,0.17699115044247787,RCE,0
113,92,2,0,5,32,0.04424778761061947,0.2831858407079646,0,12,100,727,397,0,0,0,0,0,200,20,2,0.17699115044247787,RCE,0
33,12,1,0,0,8,0.0,0.24242424242424243,0,13,107,1128,397,0,0,0,0,0,200,106,2,3.212121212121212,Cookie Injection,0
69,48,5,0,0,14,0.0,0.2028985507246377,0,12,103,730,397,0,0,0,0,0,404,207,2,3.0,Normal,0
46,25,3,0,0,11,0.0,0.2391304347826087,0,12,107,755,397,0,0,0,0,0,200,32,2,0.6956521739130435,Normal,0
33,12,2,0,0,9,0.0,0.2727272727272727,0,12,119,756,397,0,0,0,0,0,200,664,2,20.12121212121212,Normal,0
49,28,4,0,0,12,0.0,0.24489795918367346,0,12,102,750,397,0,0,0,0,0,404,34,2,0.6938775510204082,Normal,0
40,19,4,0,0,11,0.0,0.275,0,12,72,718,397,0,0,0,0,0,404,31,2,0.775,Normal,0
46,25,3,0,0,11,0.0,0.2391304347826087,0,12,72,700,397,0,0,0,0,0,200,32,2,0.6956521739130435,Normal,0
42,21,3,0,0,10,0.0,0.23809523809523808,0,12,107,735,397,0,0,0,0,0,200,933,2,22.214285714285715,Normal,0
50,29,4,0,0,11,0.0,0.22,0,12,72,718,397,0,0,0,0,0,404,38,2,0.76,Normal,0
32,11,2,0,0,9,0.0,0.28125,0,12,107,737,397,0,0,0,0,0,200,20,2,0.625,Normal,0
22,1,0,0,0,8,0.0,0.36363636363636365,0,12,65,693,397,0,0,0,0,0,200,34,2,1.5454545454545454,Normal,0
47,26,4,0,0,11,0.0,0.23404255319148937,0,12,77,716,397,0,0,0,0,0,401,26,2,0.5531914893617021,Normal,0
44,23,4,0,0,11,0.0,0.25,0,12,99,738,397,0,0,0,0,0,404,25,2,0.5681818181818182,Normal,0
33,12,1,0,0,8,0.0,0.24242424242424243,0,14,65,1006,397,0,0,0,0,0,302,211,4,6.393939393939394,Cookie Injection,1
93,19,3,1,4,21,0.043010752688172046,0.22580645161290322,52,12,65,692,397,0,0,0,0,0,200,32,2,0.34408602150537637,SQL Injection,0
33,12,1,0,0,8,0.0,0.24242424242424243,0,14,77,1030,397,0,0,0,0,0,302,211,4,6.393939393939394,Cookie Injection,1
30,9,2,0,0,9,0.0,0.3,0,12,69,694,397,0,0,0,0,0,308,249,3,8.3,Normal,0
50,29,4,0,0,11,0.0,0.22,0,12,101,796,397,0,1,2,1,1,404,38,2,0.76,LOG4J,0
109,88,2,0,4,35,0.03669724770642202,0.3211009174311927,0,12,108,735,397,0,0,0,0,0,200,48,2,0.44036697247706424,RCE,0
33,12,2,0,0,9,0.0,0.2727272727272727,0,12,72,720,397,0,0,0,0,0,200,385,2,11.666666666666666,Normal,0
46,25,4,0,0,11,0.0,0.2391304347826087,0,12,121,769,397,0,0,0,0,0,404,207,2,4.5,Normal,0
109,88,2,0,4,35,0.03669724770642202,0.3211009174311927,0,12,100,748,397,0,0,0,0,0,200,48,2,0.44036697247706424,RCE,0
44,23,4,0,0,11,0.0,0.25,0,12,108,736,397,0,0,0,0,0,404,25,2,0.5681818181818182,Normal,0
33,12,1,0,0,8,0.0,0.24242424242424243,0,13,119,1131,397,0,0,0,0,0,200,104,2,3.1515151515151514,Cookie Injection,0
48,27,4,0,0,11,0.0,0.22916666666666666,0,12,65,695,397,0,0,0,0,0,404,36,2,0.75,Normal,0
109,88,2,0,4,35,0.03669724770642202,0.3211009174311927,0,12,121,751,397,0,0,0,0,0,200,48,2,0.44036697247706424,RCE,0
83,62,13,0,0,40,0.0,0.4819277108433735,0,12,111,757,397,0,0,0,0,0,200,69,2,0.8313253012048193,Directory Traversal,0
33,12,1,0,0,8,0.0,0.24242424242424243,0,13,82,1092,397,0,0,0,0,0,200,104,2,3.1515151515151514,Cookie Injection,0
46,25,4,0,0,12,0.0,0.2608695652173913,0,12,107,734,397,0,0,0,0,0,404,31,2,0.6739130434782609,Normal,0
113,92,2,0,5,32,0.04424778761061947,0.2831858407079646,0,12,72,711,397,0,0,0,0,0,200,20,2,0.17699115044247787,RCE,0
33,12,2,0,0,9,0.0,0.2727272727272727,0,12,106,743,397,0,0,0,0,0,404,28,2,0.8484848484848485,Normal,0
37,16,3,0,0,10,0.0,0.2702702702702703,0,12,77,725,397,0,0,0,0,0,404,207,2,5.594594594594595,Normal,0
33,12,1,0,0,8,0.0,0.24242424242424243,0,14,111,1052,397,0,0,0,0,0,302,211,4,6.393939393939394,Cookie Injection,1
47,26,4,0,0,11,0.0,0.23404255319148937,0,12,107,744,397,0,0,0,0,0,401,26,2,0.5531914893617021,Normal,0
45,24,4,0,0,11,0.0,0.24444444444444444,0,12,107,737,397,0,0,0,0,0,404,207,2,4.6,Normal,0
78,57,4,0,8,21,0.10256410256410256,0.2692307692307692,0,12,66,703,397,0,0,0,0,0,200,50,2,0.6410256410256411,RCE,0
50,29,4,0,0,11,0.0,0.22,0,12,112,740,397,0,0,0,0,0,404,38,2,0.76,Normal,0
33,12,1,0,0,8,0.0,0.24242424242424243,0,13,112,1142,397,0,0,0,0,0,200,105,2,3.1818181818181817,Cookie Injection,0
31,10,2,0,0,10,0.0,0.3225806451612903,0,12,100,746,397,0,0,0,0,0,200,70,2,2.2580645161290325,Normal,0
33,12,1,0,0,8,0.0,0.24242424242424243,0,14,100,1051,397,0,0,0,0,0,302,211,4,6.393939393939394,Cookie Injection,1
22,1,0,0,0,8,0.0,0.36363636363636365,0,12,107,744,397,0,0,0,0,0,200,34,2,1.5454545454545454,Normal,0
44,23,4,0,0,11,0.0,0.25,0,12,103,730,397,0,0,0,0,0,404,25,2,0.5681818181818182,Normal,0
79,20,3,1,3,16,0.0379746835443038,0.20253164556962025,37,12,72,697,397,0,0,0,0,0,401,41,2,0.5189873417721519,Log Forging,0
46,25,4,0,0,11,0.0,0.2391304347826087,0,12,65,695,397,0,0,0,0,0,404,207,2,4.5,Normal,0
33,12,1,0,0,8,0.0,0.24242424242424243,0,14,100,1070,397,0,0,0,0,0,302,211,4,6.393939393939394,Cookie Injection,1
75,54,9,0,0,31,0.0,0.41333333333333333,0,12,102,727,397,0,0,0,0,0,200,61,2,0.8133333333333334,Directory Traversal,0
33,12,1,0,0,8,0.0,0.24242424242424243,0,14,72,1011,397,0,0,0,0,0,302,211,4,6.393939393939394,Cookie Injection,1
92,19,3,1,4,21,0.043478260869565216,0.22826086956521738,51,12,76,724,397,0,0,0,0,0,200,198,2,2.152173913043478,SQL Injection,0
113,92,2,0,5,32,0.04424778761061947,0.2831858407079646,0,12,65,693,397,0,0,0,0,0,200,20,2,0.17699115044247787,RCE,0
31,10,2,0,0,10,0.0,0.3225806451612903,0,12,77,707,397,0,0,0,0,0,200,70,2,2.2580645161290325,Normal,0
93,19,3,1,4,21,0.043010752688172046,0.22580645161290322,52,12,72,709,397,0,0,0,0,0,200,32,2,0.34408602150537637,SQL Injection,0
76,20,3,1,3,16,0.039473684210526314,0.21052631578947367,34,12,108,733,397,0,0,0,0,0,401,41,2,0.5394736842105263,Log Forging,0
31,10,2,0,0,10,0.0,0.3225806451612903,0,12,77,723,397,0,0,0,0,0,200,70,2,2.2580645161290325,Normal,0
33,12,1,0,0,8,0.0,0.24242424242424243,0,13,65,1068,397,0,0,0,0,0,200,103,2,3.121212121212121,Cookie Injection,0
46,25,3,0,0,11,0.0,0.2391304347826087,0,12,101,731,397,0,0,0,0,0,200,32,2,0.6956521739130435,Normal,0
44,23,4,0,0,11,0.0,0.25,0,12,72,699,397,0,0,0,0,0,404,25,2,0.5681818181818182,Normal,0
45,24,4,0,0,11,0.0,0.24444444444444444,0,12,99,747,397,0,0,0,0,0,200,3320,2,73.77777777777777,Normal,0
50,29,4,0,0,11,0.0,0.22,0,12,69,706,397,0,0,0,0,0,404,38,2,0.76,Normal,0
30,9,2,0,0,9,0.0,0.3,0,12,107,737,397,0,0,0,0,0,308,249,3,8.3,Normal,0
92,19,3,1,4,21,0.043478260869565216,0.22826086956521738,51,12,81,711,397,0,0,0,0,0,200,198,2,2.152173913043478,SQL Injection,0
104,11,2,2,2,20,0.019230769230769232,0.19230769230769232,71,12,108,756,397,0,0,0,0,0,401,26,2,0.25,SQL Injection,0
42,21,3,0,0,10,0.0,0.23809523809523808,0,12,111,741,397,0,0,0,0,0,200,933,2,22.214285714285715,Normal,0
89,19,3,1,4,21,0.0449438202247191,0.23595505617977527,48,12,107,753,397,0,0,0,0,0,200,307960,2,3460.224719101124,SQL Injection,0
22,1,0,0,0,8,0.0,0.36363636363636365,0,12,100,748,397,0,0,0,0,0,200,34,2,1.5454545454545454,Normal,0
69,48,5,0,0,14,0.0,0.2028985507246377,0,12,65,693,397,0,0,0,0,0,404,207,2,3.0,Normal,0
33,12,1,0,0,8,0.0,0.24242424242424243,0,14,106,1066,397,0,0,0,0,0,302,211,4,6.393939393939394,Cookie Injection,1
111,11,2,2,2,20,0.018018018018018018,0.18018018018018017,78,12,119,749,397,0,0,0,0,0,401,26,2,0.23423423423423423,SQL Injection,0
33,12,1,0,0,8,0.0,0.24242424242424243,0,13,76,1095,397,0,0,0,0,0,200,106,2,3.212121212121212,Cookie Injection,0
69,48,5,0,0,14,0.0,0.2028985507246377,0,12,106,731,397,0,0,0,0,0,404,207,2,3.0,Normal,0
33,12,1,0,0,8,0.0,0.24242424242424243,0,14,65,1016,397,0,0,0,0,0,302,211,4,6.393939393939394,Cookie Injection,1
47,26,4,0,0,11,0.0,0.23404255319148937,0,12,65,692,397,0,0,0,0,0,404,207,2,4.404255319148936,Normal,0
46,25,4,0,0,12,0.0,0.2608695652173913,0,12,111,759,397,0,0,0,0,0,404,31,2,0.6739130434782609,Normal,0
91,19,3,1,4,21,0.04395604395604396,0.23076923076923078,50,12,65,711,397,0,0,0,0,0,200,24,2,0.26373626373626374,SQL Injection,0
109,11,2,2,2,20,0.01834862385321101,0.1834862385321101,76,12,72,718,397,0,0,0,0,0,401,26,2,0.23853211009174313,SQL Injection,0
81,60,11,0,0,37,0.0,0.4567901234567901,0,12,107,732,397,0,0,0,0,0,200,67,2,0.8271604938271605,Directory Traversal,0
92,19,3,1,4,22,0.043478260869565216,0.2391304347826087,51,12,77,723,397,0,0,0,0,0,200,204,2,2.217391304347826,SQL Injection,0
47,26,4,0,0,11,0.0,0.23404255319148937,0,12,106,733,397,0,0,0,0,0,401,26,2,0.5531914893617021,Normal,0
68,47,8,0,0,25,0.0,0.36764705882352944,0,12,68,695,397,0,0,0,0,0,200,54,2,0.7941176470588235,Directory Traversal,0
37,16,3,0,0,10,0.0,0.2702702702702703,0,12,106,734,397,0,0,0,0,0,404,207,2,5.594594594594595,Normal,0
33,12,1,0,0,8,0.0,0.24242424242424243,0,13,77,1115,397,0,0,0,0,0,200,110,2,3.3333333333333335,Cookie Injection,0
44,23,4,0,0,11,0.0,0.25,0,12,102,794,450,0,1,2,1,1,200,3320,2,75.45454545454545,LOG4J,0
112,11,2,2,2,20,0.017857142857142856,0.17857142857142858,79,12,65,695,397,0,0,0,0,0,401,26,2,0.23214285714285715,SQL Injection,0
105,11,2,2,2,20,0.01904761904761905,0.19047619047619047,72,12,68,698,397,0,0,0,0,0,401,26,2,0.24761904761904763,SQL Injection,0
79,20,3,1,3,16,0.0379746835443038,0.20253164556962025,37,12,65,713,397,0,0,0,0,0,401,41,2,0.5189873417721519,Log Forging,0
93,19,3,1,4,21,0.043010752688172046,0.22580645161290322,52,12,65,713,397,0,0,0,0,0,200,32,2,0.34408602150537637,SQL Injection,0
76,20,3,1,3,16,0.039473684210526314,0.21052631578947367,34,12,76,715,397,0,0,0,0,0,401,41,2,0.5394736842105263,Log Forging,0
48,27,4,0,0,11,0.0,0.22916666666666666,0,12,107,737,397,0,0,0,0,0,404,36,2,0.75,Normal,0
100,11,2,2,2,20,0.02,0.2,67,12,111,750,397,0,0,0,0,0,401,26,2,0.26,SQL Injection,0
93,19,3,1,4,22,0.043010752688172046,0.23655913978494625,52,12,66,703,397,0,0,0,0,0,200,204,2,2.193548387096774,SQL Injection,0
22,1,0,0,0,8,0.0,0.36363636363636365,0,12,76,704,397,0,0,0,0,0,200,34,2,1.5454545454545454,Normal,0
93,19,3,1,4,21,0.043010752688172046,0.22580645161290322,52,12,121,746,397,0,0,0,0,0,200,32,2,0.34408602150537637,SQL Injection,0
33,12,1,0,0,8,0.0,0.24242424242424243,0,13,105,1108,397,0,0,0,0,0,200,103,2,3.121212121212121,Cookie Injection,0
33,12,1,0,0,8,0.0,0.24242424242424243,0,13,76,1106,397,0,0,0,0,0,200,105,2,3.1818181818181817,Cookie Injection,0
22,1,0,0,0,8,0.0,0.36363636363636365,0,12,100,942,397,0,1,2,1,1,200,34,2,1.5454545454545454,LOG4J,0
111,11,2,2,2,20,0.018018018018018018,0.18018018018018017,78,12,102,750,397,0,0,0,0,0,401,26,2,0.23423423423423423,SQL Injection,0
44,23,4,0,0,11,0.0,0.25,0,12,77,714,397,0,0,0,0,0,404,25,2,0.5681818181818182,Normal,0
91,19,3,1,4,21,0.04395604395604396,0.23076923076923078,50,12,77,702,397,0,0,0,0,0,200,24,2,0.26373626373626374,SQL Injection,0
40,19,4,0,0,11,0.0,0.275,0,12,103,749,397,0,0,0,0,0,404,31,2,0.775,Normal,0
78,57,4,0,8,21,0.10256410256410256,0.2692307692307692,0,12,107,732,397,0,0,0,0,0,200,50,2,0.6410256410256411,RCE,0
69,48,7,0,0,25,0.0,0.36231884057971014,0,12,100,727,397,0,0,0,0,0,200,55,2,0.7971014492753623,Directory Traversal,0
33,12,1,0,0,8,0.0,0.24242424242424243,0,14,72,1031,397,0,0,0,0,0,302,211,4,6.393939393939394,Cookie Injection,1
48,27,4,0,0,11,0.0,0.22916666666666666,0,12,106,745,397,0,0,0,0,0,404,36,2,0.75,Normal,0
46,25,4,0,0,11,0.0,0.2391304347826087,0,12,111,739,397,0,0,0,0,0,404,207,2,4.5,Normal,0
75,20,3,1,3,16,0.04,0.21333333333333335,33,12,99,726,397,0,0,0,0,0,401,41,2,0.5466666666666666,Log Forging,0
46,25,4,0,0,11,0.0,0.2391304347826087,0,12,105,735,397,0,0,0,0,0,404,207,2,4.5,Normal,0
113,92,2,0,5,32,0.04424778761061947,0.2831858407079646,0,12,65,704,397,0,0,0,0,0,200,20,2,0.17699115044247787,RCE,0
33,12,1,0,0,8,0.0,0.24242424242424243,0,13,107,1122,397,0,0,0,0,0,200,103,2,3.121212121212121,Cookie Injection,0
31,10,2,0,0,10,0.0,0.3225806451612903,0,12,66,703,397,0,0,0,0,0,200,70,2,2.2580645161290325,Normal,0
33,12,1,0,0,8,0.0,0.24242424242424243,0,13,107,1126,397,0,0,0,0,0,200,104,2,3.1515151515151514,Cookie Injection,0
33,12,1,0,0,8,0.0,0.24242424242424243,0,14,107,1060,397,0,0,0,0,0,302,211,4,6.393939393939394,Cookie Injection,1
37,16,3,0,0,10,0.0,0.2702702702702703,0,12,111,759,397,0,0,0,0,0,404,207,2,5.594594594594595,Normal,0
101,11,2,2,2,20,0.019801980198019802,0.19801980198019803,68,12,72,699,397,0,0,0,0,0,401,26,2,0.25742574257425743,SQL Injection,0
44,23,4,0,0,11,0.0,0.25,0,12,72,700,397,0,0,0,0,0,404,25,2,0.5681818181818182,Normal,0
44,23,4,0,0,11,0.0,0.25,0,12,72,700,397,0,0,0,0,0,404,25,2,0.5681818181818182,Normal,0
33,12,1,0,0,8,0.0,0.24242424242424243,0,14,107,1069,397,0,0,0,0,0,302,211,4,6.393939393939394,Cookie Injection,1
33,12,1,0,0,8,0.0,0.24242424242424243,0,14,111,1073,397,0,0,0,0,0,302,211,4,6.393939393939394,Cookie Injection,1
37,16,3,0,0,10,0.0,0.2702702702702703,0,12,77,702,397,0,0,0,0,0,404,207,2,5.594594594594595,Normal,0
84,20,3,1,3,16,0.03571428571428571,0.19047619047619047,42,12,100,727,397,0,0,0,0,0,401,41,2,0.4880952380952381,Log Forging,0
33,12,1,0,0,8,0.0,0.24242424242424243,0,13,65,1095,397,0,0,0,0,0,200,105,2,3.1818181818181817,Cookie Injection,0
84,20,3,1,4,17,0.047619047619047616,0.20238095238095238,42,12,107,744,397,0,0,0,0,0,401,41,2,0.4880952380952381,Log Forging,0
92,19,3,1,4,21,0.043478260869565216,0.22826086956521738,51,12,107,746,397,0,0,0,0,0,200,198,2,2.152173913043478,SQL Injection,0
78,57,4,0,8,21,0.10256410256410256,0.2692307692307692,0,12,65,690,397,0,0,0,0,0,200,50,2,0.6410256410256411,RCE,0
93,19,3,1,4,21,0.043010752688172046,0.22580645161290322,52,12,72,699,397,0,0,0,0,0,200,32,2,0.34408602150537637,SQL Injection,0
118,11,2,2,2,20,0.01694915254237288,0.1694915254237288,85,12,100,730,397,0,0,0,0,0,401,26,2,0.22033898305084745,SQL Injection,0
45,24,4,0,0,11,0.0,0.24444444444444444,0,12,72,718,397,0,0,0,0,0,404,207,2,4.6,Normal,0
33,12,1,0,0,8,0.0,0.24242424242424243,0,14,81,1025,397,0,0,0,0,0,302,211,4,6.393939393939394,Cookie Injection,1
113,92,2,0,5,32,0.04424778761061947,0.2831858407079646,0,12,103,742,397,0,0,0,0,0,200,20,2,0.17699115044247787,RCE,0
33,12,1,0,0,8,0.0,0.24242424242424243,0,14,82,1042,397,0,0,0,0,0,302,211,4,6.393939393939394,Cookie Injection,1
46,25,4,0,0,12,0.0,0.2608695652173913,0,12,107,755,397,0,0,0,0,0,404,31,2,0.6739130434782609,Normal,0
83,62,13,0,0,40,0.0,0.4819277108433735,0,12,103,742,397,0,0,0,0,0,200,69,2,0.8313253012048193,Directory Traversal,0
44,23,4,0,0,11,0.0,0.25,0,12,65,711,397,0,0,0,0,0,200,3320,2,75.45454545454545,Normal,0
115,11,2,2,2,20,0.017391304347826087,0.17391304347826086,82,12,72,711,397,0,0,0,0,0,401,26,2,0.22608695652173913,SQL Injection,0
89,19,3,1,4,21,0.0449438202247191,0.23595505617977527,48,12,65,693,397,0,0,0,0,0,200,307960,2,3460.224719101124,SQL Injection,0
33,12,1,0,0,8,0.0,0.24242424242424243,0,14,111,1055,397,0,0,0,0,0,302,211,4,6.393939393939394,Cookie Injection,1
92,19,3,1,4,21,0.043478260869565216,0.22826086956521738,51,12,105,735,397,0,0,0,0,0,200,198,2,2.152173913043478,SQL Injection,0
33,12,2,0,0,9,0.0,0.2727272727272727,0,12,77,704,397,0,0,0,0,0,200,304,2,9.212121212121213,Normal,0
40,19,4,0,0,11,0.0,0.275,0,12,107,737,397,0,0,0,0,0,404,31,2,0.775,Normal,0
105,11,2,2,2,20,0.01904761904761905,0.19047619047619047,72,12,105,744,397,0,0,0,0,0,401,26,2,0.24761904761904763,SQL Injection,0
41,20,4,0,0,11,0.0,0.2682926829268293,0,12,69,699,397,0,0,0,0,0,200,364,2,8.878048780487806,Normal,0
68,47,8,0,0,25,0.0,0.36764705882352944,0,12,119,765,397,0,0,0,0,0,200,54,2,0.7941176470588235,Directory Traversal,0
46,25,4,0,0,12,0.0,0.2608695652173913,0,12,106,736,397,0,0,0,0,0,404,31,2,0.6739130434782609,Normal,0
102,11,2,2,2,20,0.0196078431372549,0.19607843137254902,69,12,106,731,397,0,0,0,0,0,401,26,2,0.2549019607843137,SQL Injection,0
30,9,2,0,0,9,0.0,0.3,0,12,66,693,397,0,0,0,0,0,308,249,3,8.3,Normal,0
48,27,4,0,0,11,0.0,0.22916666666666666,0,12,65,704,397,0,0,0,0,0,404,36,2,0.75,Normal,0
96,19,3,1,4,22,0.041666666666666664,0.22916666666666666,55,12,119,746,397,0,0,0,0,0,200,49565,2,516.3020833333334,SQL Injection,0
33,12,1,0,0,8,0.0,0.24242424242424243,0,14,119,1070,397,0,0,0,0,0,302,211,4,6.393939393939394,Cookie Injection,1
33,12,1,0,0,8,0.0,0.24242424242424243,0,14,111,1052,397,0,0,0,0,0,302,211,4,6.393939393939394,Cookie Injection,1
32,11,2,0,0,9,0.0,0.28125,0,12,102,739,397,0,0,0,0,0,200,20,2,0.625,Normal,0
33,12,2,0,0,9,0.0,0.2727272727272727,0,12,105,733,397,0,0,0,0,0,404,28,2,0.8484848484848485,Normal,0
109,88,2,0,4,35,0.03669724770642202,0.3211009174311927,0,12,107,737,397,0,0,0,0,0,200,48,2,0.44036697247706424,RCE,0
46,25,4,0,0,11,0.0,0.2391304347826087,0,12,65,704,397,0,0,0,0,0,404,207,2,4.5,Normal,0
80,59,12,0,0,37,0.0,0.4625,0,12,99,747,397,0,0,0,0,0,200,66,2,0.825,Directory Traversal,0
33,12,2,0,0,9,0.0,0.2727272727272727,0,12,103,809,473,0,1,2,1,1,404,28,2,0.8484848484848485,LOG4J,0
33,12,1,0,0,8,0.0,0.24242424242424243,0,13,72,1082,397,0,0,0,0,0,200,106,2,3.212121212121212,Cookie Injection,0
22,1,0,0,0,8,0.0,0.36363636363636365,0,12,65,760,453,0,1,2,1,1,200,34,2,1.5454545454545454,LOG4J,0
106,11,2,2,2,20,0.018867924528301886,0.18867924528301888,73,12,99,726,397,0,0,0,0,0,401,26,2,0.24528301886792453,SQL Injection,0
37,16,3,0,0,10,0.0,0.2702702702702703,0,12,107,755,397,0,0,0,0,0,404,207,2,5.594594594594595,Normal,0
33,12,1,0,0,8,0.0,0.24242424242424243,0,13,72,1084,397,0,0,0,0,0,200,104,2,3.1515151515151514,Cookie Injection,0
103,11,2,2,2,20,0.019417475728155338,0.1941747572815534,70,12,81,708,397,0,0,0,0,0,401,26,2,0.2524271844660194,SQL Injection,0
46,25,4,0,0,11,0.0,0.2391304347826087,0,12,69,708,397,0,0,0,0,0,404,207,2,4.5,Normal,0
69,48,5,0,0,14,0.0,0.2028985507246377,0,12,72,711,397,0,0,0,0,0,404,207,2,3.0,Normal,0
33,12,1,0,0,8,0.0,0.24242424242424243,0,13,65,1077,397,0,0,0,0,0,200,106,2,3.212121212121212,Cookie Injection,0
84,20,3,1,4,17,0.047619047619047616,0.20238095238095238,42,12,107,737,397,0,0,0,0,0,401,41,2,0.4880952380952381,Log Forging,0
69,48,5,0,0,14,0.0,0.2028985507246377,0,12,72,718,397,0,0,0,0,0,404,207,2,3.0,Normal,0
79,20,3,1,3,16,0.0379746835443038,0.20253164556962025,37,12,76,715,397,0,0,0,0,0,401,41,2,0.5189873417721519,Log Forging,0
32,11,2,0,0,9,0.0,0.28125,0,12,72,699,397,0,0,0,0,0,200,20,2,0.625,Normal,0
44,23,4,0,0,11,0.0,0.25,0,12,65,711,397,0,0,0,0,0,200,3320,2,75.45454545454545,Normal,0
45,24,4,0,0,11,0.0,0.24444444444444444,0,12,121,811,450,0,1,2,1,1,200,3320,2,73.77777777777777,LOG4J,0
33,12,1,0,0,8,0.0,0.24242424242424243,0,13,106,1123,397,0,0,0,0,0,200,103,2,3.121212121212121,Cookie Injection,0
92,19,3,1,4,21,0.043478260869565216,0.22826086956521738,51,12,82,712,397,0,0,0,0,0,200,198,2,2.152173913043478,SQL Injection,0
109,88,2,0,4,35,0.03669724770642202,0.3211009174311927,0,12,112,760,397,0,0,0,0,0,200,48,2,0.44036697247706424,RCE,0
33,12,1,0,0,8,0.0,0.24242424242424243,0,14,82,1029,397,0,0,0,0,0,302,211,4,6.393939393939394,Cookie Injection,1
46,25,3,0,0,11,0.0,0.2391304347826087,0,12,72,697,397,0,0,0,0,0,200,32,2,0.6956521739130435,Normal,0
80,59,12,0,0,37,0.0,0.4625,0,12,72,718,397,0,0,0,0,0,200,66,2,0.825,Directory Traversal,0
33,12,1,0,0,8,0.0,0.24242424242424243,0,13,107,1137,397,0,0,0,0,0,200,105,2,3.1818181818181817,Cookie Injection,0
42,21,3,0,0,10,0.0,0.23809523809523808,0,12,77,702,397,0,0,0,0,0,200,933,2,22.214285714285715,Normal,0
92,19,3,1,4,22,0.043478260869565216,0.2391304347826087,51,12,105,753,397,0,0,0,0,0,200,204,2,2.217391304347826,SQL Injection,0
46,25,3,0,0,11,0.0,0.2391304347826087,0,12,65,750,436,0,1,2,1,1,200,32,2,0.6956521739130435,LOG4J,0
91,19,3,1,4,21,0.04395604395604396,0.23076923076923078,50,12,65,711,397,0,0,0,0,0,200,24,2,0.26373626373626374,SQL Injection,0
68,47,8,0,0,25,0.0,0.36764705882352944,0,12,72,699,397,0,0,0,0,0,200,54,2,0.7941176470588235,Directory Traversal,0
33,12,1,0,0,8,0.0,0.24242424242424243,0,13,68,1078,397,0,0,0,0,0,200,104,2,3.1515151515151514,Cookie Injection,0
40,19,4,0,0,11,0.0,0.275,0,12,72,700,397,0,0,0,0,0,404,31,2,0.775,Normal,0
49,28,4,0,0,12,0.0,0.24489795918367346,0,12,105,735,397,0,0,0,0,0,404,34,2,0.6938775510204082,Normal,0
108,11,2,2,2,20,0.018518518518518517,0.18518518518518517,75,12,107,753,397,0,0,0,0,0,401,26,2,0.24074074074074073,SQL Injection,0
47,26,4,0,0,11,0.0,0.23404255319148937,0,12,65,690,397,0,0,0,0,0,401,26,2,0.5531914893617021,Normal,0
109,88,2,0,4,35,0.03669724770642202,0.3211009174311927,0,12,111,757,397,0,0,0,0,0,200,48,2,0.44036697247706424,RCE,0
46,25,3,0,0,11,0.0,0.2391304347826087,0,12,65,713,397,0,0,0,0,0,200,32,2,0.6956521739130435,Normal,0
109,88,2,0,4,35,0.03669724770642202,0.3211009174311927,0,12,107,737,397,0,0,0,0,0,200,48,2,0.44036697247706424,RCE,0
33,12,2,0,0,9,0.0,0.2727272727272727,0,12,107,744,397,0,0,0,0,0,200,338,2,10.242424242424242,Normal,0
33,12,1,0,0,8,0.0,0.24242424242424243,0,13,108,1114,397,0,0,0,0,0,200,103,2,3.121212121212121,Cookie Injection,0
49,28,4,0,0,12,0.0,0.24489795918367346,0,12,99,738,397,0,0,0,0,0,404,34,2,0.6938775510204082,Normal,0
39,18,2,0,0,10,0.0,0.2564102564102564,0,12,76,724,397,0,0,0,0,0,200,1162,2,29.794871794871796,Normal,0
41,20,4,0,0,11,0.0,0.2682926829268293,0,12,65,713,397,0,0,0,0,0,200,373,2,9.097560975609756,Normal,0
44,23,4,0,0,11,0.0,0.25,0,12,102,727,397,0,0,0,0,0,200,3320,2,75.45454545454545,Normal,0
91,19,3,1,4,21,0.04395604395604396,0.23076923076923078,50,12,65,695,397,0,0,0,0,0,200,24,2,0.26373626373626374,SQL Injection,0
84,63,12,0,0,40,0.0,0.47619047619047616,0,12,108,736,397,0,0,0,0,0,200,70,2,0.8333333333333334,Directory Traversal,0
22,1,0,0,0,8,0.0,0.36363636363636365,0,12,108,854,397,0,1,2,1,1,200,34,2,1.5454545454545454,LOG4J,0
96,19,3,1,4,22,0.041666666666666664,0.22916666666666666,55,12,119,749,397,0,0,0,0,0,200,49565,2,516.3020833333334,SQL Injection,0
32,11,2,0,0,9,0.0,0.28125,0,12,107,753,397,0,0,0,0,0,200,20,2,0.625,Normal,0
92,19,3,1,4,22,0.043478260869565216,0.2391304347826087,51,12,69,694,397,0,0,0,0,0,200,204,2,2.217391304347826,SQL Injection,0
32,11,2,0,0,9,0.0,0.28125,0,12,72,700,397,0,0,0,0,0,200,20,2,0.625,Normal,0
46,25,4,0,0,11,0.0,0.2391304347826087,0,12,107,753,397,0,0,0,0,0,404,207,2,4.5,Normal,0
46,25,3,0,0,11,0.0,0.2391304347826087,0,12,68,707,397,0,0,0,0,0,200,32,2,0.6956521739130435,Normal,0
30,9,2,0,0,9,0.0,0.3,0,12,68,695,397,0,0,0,0,0,308,249,3,8.3,Normal,0
46,25,3,0,0,11,0.0,0.2391304347826087,0,12,69,715,397,0,0,0,0,0,200,32,2,0.6956521739130435,Normal,0
47,26,3,0,0,11,0.0,0.23404255319148937,0,12,101,747,397,0,0,0,0,0,200,33,2,0.7021276595744681,Normal,0
46,25,4,0,0,12,0.0,0.2608695652173913,0,12,66,714,397,0,0,0,0,0,404,31,2,0.6739130434782609,Normal,0
30,9,2,0,0,9,0.0,0.3,0,12,107,737,397,0,0,0,0,0,308,249,3,8.3,Normal,0
77,20,3,1,3,16,0.03896103896103896,0.2077922077922078,35,12,81,718,397,0,0,0,0,0,401,41,2,0.5324675324675324,Log Forging,0
33,12,1,0,0,8,0.0,0.24242424242424243,0,14,112,1062,397,0,0,0,0,0,302,211,4,6.393939393939394,Cookie Injection,1
33,12,2,0,0,9,0.0,0.2727272727272727,0,12,72,702,397,0,0,0,0,0,200,1107,2,33.54545454545455,Normal,0
83,20,3,1,4,17,0.04819277108433735,0.20481927710843373,41,12,112,758,397,0,0,0,0,0,401,41,2,0.4939759036144578,Log Forging,0
69,48,7,0,0,25,0.0,0.36231884057971014,0,12,107,737,397,0,0,0,0,0,200,55,2,0.7971014492753623,Directory Traversal,0
69,48,7,0,0,25,0.0,0.36231884057971014,0,12,65,711,397,0,0,0,0,0,200,55,2,0.7971014492753623,Directory Traversal,0
108,11,2,2,2,20,0.018518518518518517,0.18518518518518517,75,12,105,732,397,0,0,0,0,0,401,26,2,0.24074074074074073,SQL Injection,0
33,12,2,0,0,9,0.0,0.2727272727272727,0,12,81,718,397,0,0,0,0,0,200,21,2,0.6363636363636364,Normal,0
93,19,3,1,4,21,0.043010752688172046,0.22580645161290322,52,12,107,735,397,0,0,0,0,0,200,32,2,0.34408602150537637,SQL Injection,0
33,12,1,0,0,8,0.0,0.24242424242424243,0,13,65,1084,397,0,0,0,0,0,200,106,2,3.212121212121212,Cookie Injection,0
78,57,10,0,0,34,0.0,0.4358974358974359,0,12,106,733,397,0,0,0,0,0,200,64,2,0.8205128205128205,Directory Traversal,0
69,48,5,0,0,14,0.0,0.2028985507246377,0,12,66,714,397,0,0,0,0,0,404,207,2,3.0,Normal,0
39,18,2,0,0,10,0.0,0.2564102564102564,0,12,77,725,397,0,0,0,0,0,200,2666,2,68.35897435897436,Normal,0
93,19,3,1,4,21,0.043010752688172046,0.22580645161290322,52,12,72,699,397,0,0,0,0,0,200,32,2,0.34408602150537637,SQL Injection,0
77,20,3,1,3,16,0.03896103896103896,0.2077922077922078,35,12,82,709,397,0,0,0,0,0,401,41,2,0.5324675324675324,Log Forging,0
72,51,8,0,0,28,0.0,0.3888888888888889,0,12,107,744,397,0,0,0,0,0,200,58,2,0.8055555555555556,Directory Traversal,0
32,11,2,0,0,9,0.0,0.28125,0,12,107,744,397,0,0,0,0,0,200,20,2,0.625,Normal,0
96,19,3,1,4,22,0.041666666666666664,0.22916666666666666,55,12,111,736,397,0,0,0,0,0,200,49565,2,516.3020833333334,SQL Injection,0
46,25,3,0,0,11,0.0,0.2391304347826087,0,12,77,707,397,0,0,0,0,0,200,32,2,0.6956521739130435,Normal,0
33,12,2,0,0,9,0.0,0.2727272727272727,0,12,69,694,397,0,0,0,0,0,200,664,2,20.12121212121212,Normal,0
47,26,4,0,0,11,0.0,0.23404255319148937,0,12,101,728,397,0,0,0,0,0,401,26,2,0.5531914893617021,Normal,0
46,25,4,0,0,11,0.0,0.2391304347826087,0,12,107,737,397,0,0,0,0,0,404,207,2,4.5,Normal,0
33,12,1,0,0,8,0.0,0.24242424242424243,0,13,111,1137,397,0,0,0,0,0,200,103,2,3.121212121212121,Cookie Injection,0
74,53,10,0,0,31,0.0,0.4189189189189189,0,12,100,748,397,0,0,0,0,0,200,60,2,0.8108108108108109,Directory Traversal,0
42,21,3,0,0,10,0.0,0.23809523809523808,0,12,65,690,397,0,0,0,0,0,200,933,2,22.214285714285715,Normal,0
45,24,4,0,0,11,0.0,0.24444444444444444,0,12,77,723,397,0,0,0,0,0,404,207,2,4.6,Normal,0
109,88,2,0,4,35,0.03669724770642202,0.3211009174311927,0,12,119,744,397,0,0,0,0,0,200,48,2,0.44036697247706424,RCE,0
46,25,3,0,0,11,0.0,0.2391304347826087,0,12,65,702,397,0,0,0,0,0,200,32,2,0.6956521739130435,Normal,0
84,20,3,1,4,17,0.047619047619047616,0.20238095238095238,42,12,106,733,397,0,0,0,0,0,401,41,2,0.4880952380952381,Log Forging,0
33,12,1,0,0,8,0.0,0.24242424242424243,0,14,112,1059,397,0,0,0,0,0,302,211,4,6.393939393939394,Cookie Injection,1
46,25,4,0,0,12,0.0,0.2608695652173913,0,12,77,707,397,0,0,0,0,0,404,31,2,0.6739130434782609,Normal,0
77,56,11,0,0,34,0.0,0.44155844155844154,0,12,65,704,397,0,0,0,0,0,200,63,2,0.8181818181818182,Directory Traversal,0
32,11,2,0,0,9,0.0,0.28125,0,12,119,749,397,0,0,0,0,0,200,20,2,0.625,Normal,0
71,50,9,0,0,28,0.0,0.39436619718309857,0,12,107,737,397,0,0,0,0,0,200,57,2,0.8028169014084507,Directory Traversal,0
108,11,2,2,2,20,0.018518518518518517,0.18518518518518517,75,12,76,713,397,0,0,0,0,0,401,26,2,0.24074074074074073,SQL Injection,0
78,57,4,0,8,21,0.10256410256410256,0.2692307692307692,0,12,107,734,397,0,0,0,0,0,200,50,2,0.6410256410256411,RCE,0
83,20,3,1,4,17,0.04819277108433735,0.20481927710843373,41,12,102,750,397,0,0,0,0,0,401,41,2,0.4939759036144578,Log Forging,0
45,24,4,0,0,11,0.0,0.24444444444444444,0,12,77,714,397,0,0,0,0,0,404,207,2,4.6,Normal,0
33,12,1,0,0,8,0.0,0.24242424242424243,0,14,72,1013,397,0,0,0,0,0,302,211,4,6.393939393939394,Cookie Injection,1
78,20,3,1,3,16,0.038461538461538464,0.20512820512820512,36,12,107,732,397,0,0,0,0,0,401,41,2,0.5256410256410257,Log Forging,0
47,26,4,0,0,11,0.0,0.23404255319148937,0,12,82,709,397,0,0,0,0,0,401,26,2,0.5531914893617021,Normal,0
97,11,2,2,2,20,0.020618556701030927,0.20618556701030927,64,12,66,693,397,0,0,0,0,0,401,26,2,0.26804123711340205,SQL Injection,0
46,25,4,0,0,12,0.0,0.2608695652173913,0,12,68,716,397,0,0,0,0,0,404,31,2,0.6739130434782609,Normal,0
110,11,2,2,2,20,0.01818181818181818,0.18181818181818182,77,12,107,735,397,0,0,0,0,0,401,26,2,0.23636363636363636,SQL Injection,0
109,88,2,0,4,35,0.03669724770642202,0.3211009174311927,0,12,65,690,397,0,0,0,0,0,200,48,2,0.44036697247706424,RCE,0
69,48,5,0,0,14,0.0,0.2028985507246377,0,12,65,693,397,0,0,0,0,0,404,207,2,3.0,Normal,0
33,12,1,0,0,8,0.0,0.24242424242424243,0,14,107,1054,397,0,0,0,0,0,302,211,4,6.393939393939394,Cookie Injection,1
42,21,3,0,0,10,0.0,0.23809523809523808,0,12,72,760,437,0,1,2,1,1,200,933,2,22.214285714285715,LOG4J,0
47,26,4,0,0,11,0.0,0.23404255319148937,0,12,106,733,397,0,0,0,0,0,401,26,2,0.5531914893617021,Normal,0
42,21,3,0,0,10,0.0,0.23809523809523808,0,12,77,705,397,0,0,0,0,0,200,933,2,22.214285714285715,Normal,0
111,11,2,2,2,20,0.018018018018018018,0.18018018018018017,78,12,66,712,397,0,0,0,0,0,401,26,2,0.23423423423423423,SQL Injection,0
71,50,9,0,0,28,0.0,0.39436619718309857,0,12,66,691,397,0,0,0,0,0,200,57,2,0.8028169014084507,Directory Traversal,0
46,25,3,0,0,11,0.0,0.2391304347826087,0,12,99,738,397,0,0,0,0,0,200,32,2,0.6956521739130435,Normal,0
34,13,2,0,0,9,0.0,0.2647058823529412,0,12,105,733,397,0,0,0,0,0,404,28,2,0.8235294117647058,Normal,0
33,12,1,0,0,8,0.0,0.24242424242424243,0,13,65,1075,397,0,0,0,0,0,200,106,2,3.212121212121212,Cookie Injection,0
69,48,5,0,0,14,0.0,0.2028985507246377,0,12,106,736,397,0,0,0,0,0,404,207,2,3.0,Normal,0
39,18,2,0,0,10,0.0,0.2564102564102564,0,12,65,695,397,0,0,0,0,0,200,746,2,19.128205128205128,Normal,0
78,20,3,1,3,16,0.038461538461538464,0.20512820512820512,36,12,105,733,397,0,0,0,0,0,401,41,2,0.5256410256410257,Log Forging,0
33,12,1,0,0,8,0.0,0.24242424242424243,0,13,111,1118,397,0,0,0,0,0,200,105,2,3.1818181818181817,Cookie Injection,0
105,11,2,2,2,20,0.01904761904761905,0.19047619047619047,72,12,103,740,397,0,0,0,0,0,401,26,2,0.24761904761904763,SQL Injection,0
47,26,4,0,0,12,0.0,0.2553191489361702,0,12,106,743,397,0,0,0,0,0,404,31,2,0.6595744680851063,Normal,0
44,23,4,0,0,11,0.0,0.25,0,12,77,725,397,0,0,0,0,0,200,3320,2,75.45454545454545,Normal,0
46,25,4,0,0,11,0.0,0.2391304347826087,0,12,77,707,397,0,0,0,0,0,404,207,2,4.5,Normal,0
75,54,9,0,0,31,0.0,0.41333333333333333,0,12,65,711,397,0,0,0,0,0,200,61,2,0.8133333333333334,Directory Traversal,0
78,57,4,0,8,21,0.10256410256410256,0.2692307692307692,0,12,77,723,397,0,0,0,0,0,200,50,2,0.6410256410256411,RCE,0
46,25,4,0,0,12,0.0,0.2608695652173913,0,12,102,727,397,0,0,0,0,0,404,31,2,0.6739130434782609,Normal,0
33,12,1,0,0,8,0.0,0.24242424242424243,0,13,111,1117,397,0,0,0,0,0,200,103,2,3.121212121212121,Cookie Injection,0
44,23,4,0,0,11,0.0,0.25,0,12,121,758,397,0,0,0,0,0,404,25,2,0.5681818181818182,Normal,0
33,12,1,0,0,8,0.0,0.24242424242424243,0,13,108,1136,397,0,0,0,0,0,200,105,2,3.1818181818181817,Cookie Injection,0
69,48,5,0,0,14,0.0,0.2028985507246377,0,12,82,721,397,0,0,0,0,0,404,207,2,3.0,Normal,0
113,92,2,0,5,32,0.04424778761061947,0.2831858407079646,0,12,81,706,397,0,0,0,0,0,200,20,2,0.17699115044247787,RCE,0
92,19,3,1,4,22,0.043478260869565216,0.2391304347826087,51,12,72,720,397,0,0,0,0,0,200,204,2,2.217391304347826,SQL Injection,0
46,25,4,0,0,11,0.0,0.2391304347826087,0,12,119,756,397,0,0,0,0,0,404,207,2,4.5,Normal,0
74,20,3,1,3,16,0.04054054054054054,0.21621621621621623,32,12,66,714,397,0,0,0,0,0,401,41,2,0.5540540540540541,Log Forging,0
33,12,1,0,0,8,0.0,0.24242424242424243,0,13,111,1118,397,0,0,0,0,0,200,105,2,3.1818181818181817,Cookie Injection,0
107,11,2,2,2,20,0.018691588785046728,0.18691588785046728,74,12,107,732,397,0,0,0,0,0,401,26,2,0.24299065420560748,SQL Injection,0
69,48,7,0,0,25,0.0,0.36231884057971014,0,12,77,714,397,0,0,0,0,0,200,55,2,0.7971014492753623,Directory Traversal,0
113,92,2,0,5,32,0.04424778761061947,0.2831858407079646,0,12,100,727,397,0,0,0,0,0,200,20,2,0.17699115044247787,RCE,0
31,10,2,0,0,10,0.0,0.3225806451612903,0,12,108,735,397,0,0,0,0,0,200,70,2,2.2580645161290325,Normal,0
80,20,3,1,3,16,0.0375,0.2,38,12,77,702,397,0,0,0,0,0,401,41,2,0.5125,Log Forging,0
33,12,2,0,0,9,0.0,0.2727272727272727,0,12,77,704,397,0,0,0,0,0,200,1586,2,48.06060606060606,Normal,0
72,51,8,0,0,28,0.0,0.3888888888888889,0,12,100,739,397,0,0,0,0,0,200,58,2,0.8055555555555556,Directory Traversal,0
31,10,2,0,0,10,0.0,0.3225806451612903,0,12,106,745,397,0,0,0,0,0,200,70,2,2.2580645161290325,Normal,0
84,63,12,0,0,40,0.0,0.47619047619047616,0,12,105,735,397,0,0,0,0,0,200,70,2,0.8333333333333334,Directory Traversal,0
83,62,13,0,0,40,0.0,0.4819277108433735,0,12,65,690,397,0,0,0,0,0,200,69,2,0.8313253012048193,Directory Traversal,0
44,23,4,0,0,11,0.0,0.25,0,12,121,820,397,0,1,2,1,1,200,3320,2,75.45454545454545,LOG4J,0
70,49,5,0,0,14,0.0,0.2,0,12,65,693,397,0,0,0,0,0,404,207,2,2.9571428571428573,Normal,0
80,20,3,1,3,16,0.0375,0.2,38,12,81,706,397,0,0,0,0,0,401,41,2,0.5125,Log Forging,0
42,21,3,0,0,10,0.0,0.23809523809523808,0,12,81,720,397,0,0,0,0,0,200,933,2,22.214285714285715,Normal,0
46,25,3,0,0,11,0.0,0.2391304347826087,0,12,68,707,397,0,0,0,0,0,200,32,2,0.6956521739130435,Normal,0
37,16,3,0,0,10,0.0,0.2702702702702703,0,12,76,810,501,0,1,2,1,1,404,207,2,5.594594594594595,LOG4J,0
33,12,2,0,0,9,0.0,0.2727272727272727,0,12,65,695,397,0,0,0,0,0,404,28,2,0.8484848484848485,Normal,0
33,12,1,0,0,8,0.0,0.24242424242424243,0,14,102,1054,397,0,0,0,0,0,302,211,4,6.393939393939394,Cookie Injection,1
69,48,7,0,0,25,0.0,0.36231884057971014,0,12,105,732,397,0,0,0,0,0,200,55,2,0.7971014492753623,Directory Traversal,0
48,27,4,0,0,11,0.0,0.22916666666666666,0,12,102,750,397,0,0,0,0,0,404,36,2,0.75,Normal,0
109,88,2,0,4,35,0.03669724770642202,0.3211009174311927,0,12,65,695,397,0,0,0,0,0,200,48,2,0.44036697247706424,RCE,0
37,16,3,0,0,10,0.0,0.2702702702702703,0,12,103,731,397,0,0,0,0,0,404,207,2,5.594594594594595,Normal,0
46,25,4,0,0,11,0.0,0.2391304347826087,0,12,72,700,397,0,0,0,0,0,404,207,2,4.5,Normal,0
102,11,2,2,2,20,0.0196078431372549,0.19607843137254902,69,12,65,704,397,0,0,0,0,0,401,26,2,0.2549019607843137,SQL Injection,0
77,20,3,1,3,16,0.03896103896103896,0.2077922077922078,35,12,107,744,397,0,0,0,0,0,401,41,2,0.5324675324675324,Log Forging,0
78,57,4,0,8,21,0.10256410256410256,0.2692307692307692,0,12,72,700,397,0,0,0,0,0,200,50,2,0.6410256410256411,RCE,0
116,11,2,2,2,20,0.017241379310344827,0.1724137931034483,83,12,101,747,397,0,0,0,0,0,401,26,2,0.22413793103448276,SQL Injection,0
47,26,4,0,0,11,0.0,0.23404255319148937,0,12,72,700,397,0,0,0,0,0,401,26,2,0.5531914893617021,Normal,0
32,11,2,0,0,9,0.0,0.28125,0,12,119,747,397,0,0,0,0,0,200,20,2,0.625,Normal,0
42,21,3,0,0,10,0.0,0.23809523809523808,0,12,101,738,397,0,0,0,0,0,200,933,2,22.214285714285715,Normal,0
33,12,2,0,0,9,0.0,0.2727272727272727,0,12,72,720,397,0,0,0,0,0,200,2734,2,82.84848484848484,Normal,0
42,21,3,0,0,10,0.0,0.23809523809523808,0,12,66,712,397,0,0,0,0,0,200,933,2,22.214285714285715,Normal,0
30,9,2,0,0,9,0.0,0.3,0,12,106,745,397,0,0,0,0,0,308,249,3,8.3,Normal,0
81,60,11,0,0,37,0.0,0.4567901234567901,0,12,99,729,397,0,0,0,0,0,200,67,2,0.8271604938271605,Directory Traversal,0
113,92,2,0,5,32,0.04424778761061947,0.2831858407079646,0,12,77,707,397,0,0,0,0,0,200,20,2,0.17699115044247787,RCE,0
78,57,4,0,8,21,0.10256410256410256,0.2692307692307692,0,12,101,738,397,0,0,0,0,0,200,50,2,0.6410256410256411,RCE,0
31,10,2,0,0,10,0.0,0.3225806451612903,0,12,72,697,397,0,0,0,0,0,200,70,2,2.2580645161290325,Normal,0
83,20,3,1,4,17,0.04819277108433735,0.20481927710843373,41,12,101,749,397,0,0,0,0,0,401,41,2,0.4939759036144578,Log Forging,0
102,11,2,2,2,20,0.0196078431372549,0.19607843137254902,69,12,77,702,397,0,0,0,0,0,401,26,2,0.2549019607843137,SQL Injection,0
31,10,2,0,0,10,0.0,0.3225806451612903,0,12,107,889,554,0,1,2,1,1,200,70,2,2.2580645161290325,LOG4J,0
41,20,4,0,0,11,0.0,0.2682926829268293,0,12,81,720,397,0,0,0,0,0,404,31,2,0.7560975609756098,Normal,0
33,12,2,0,0,9,0.0,0.2727272727272727,0,12,107,737,397,0,0,0,0,0,200,1053,2,31.90909090909091,Normal,0
69,48,5,0,0,14,0.0,0.2028985507246377,0,12,69,715,397,0,0,0,0,0,404,207,2,3.0,Normal,0
92,19,3,1,4,21,0.043478260869565216,0.22826086956521738,51,12,66,703,397,0,0,0,0,0,200,198,2,2.152173913043478,SQL Injection,0
33,12,1,0,0,8,0.0,0.24242424242424243,0,14,100,1039,397,0,0,0,0,0,302,211,4,6.393939393939394,Cookie Injection,1
48,27,4,0,0,11,0.0,0.22916666666666666,0,12,119,744,397,0,0,0,0,0,404,36,2,0.75,Normal,0
84,63,12,0,0,40,0.0,0.47619047619047616,0,12,99,747,397,0,0,0,0,0,200,70,2,0.8333333333333334,Directory Traversal,0
91,19,3,1,4,21,0.04395604395604396,0.23076923076923078,50,12,65,704,397,0,0,0,0,0,200,24,2,0.26373626373626374,SQL Injection,0
89,19,3,1,4,21,0.0449438202247191,0.23595505617977527,48,12,72,699,397,0,0,0,0,0,200,307960,2,3460.224719101124,SQL Injection,0
49,28,4,0,0,12,0.0,0.24489795918367346,0,12,68,737,397,0,1,2,1,1,404,34,2,0.6938775510204082,LOG4J,0
37,16,3,0,0,10,0.0,0.2702702702702703,0,12,72,711,397,0,0,0,0,0,404,207,2,5.594594594594595,Normal,0
33,12,1,0,0,8,0.0,0.24242424242424243,0,13,99,1120,397,0,0,0,0,0,200,104,2,3.1515151515151514,Cookie Injection,0
47,26,4,0,0,11,0.0,0.23404255319148937,0,12,107,746,397,0,0,0,0,0,401,26,2,0.5531914893617021,Normal,0
68,47,8,0,0,25,0.0,0.36764705882352944,0,12,72,711,397,0,0,0,0,0,200,54,2,0.7941176470588235,Directory Traversal,0
76,20,3,1,3,16,0.039473684210526314,0.21052631578947367,34,12,72,699,397,0,0,0,0,0,401,41,2,0.5394736842105263,Log Forging,0
32,11,2,0,0,9,0.0,0.28125,0,12,105,735,397,0,0,0,0,0,200,20,2,0.625,Normal,0
33,12,1,0,0,8,0.0,0.24242424242424243,0,14,77,1018,397,0,0,0,0,0,302,211,4,6.393939393939394,Cookie Injection,1
83,20,3,1,4,17,0.04819277108433735,0.20481927710843373,41,12,105,733,397,0,0,0,0,0,401,41,2,0.4939759036144578,Log Forging,0
105,11,2,2,2,20,0.01904761904761905,0.19047619047619047,72,12,112,758,397,0,0,0,0,0,401,26,2,0.24761904761904763,SQL Injection,0
33,12,1,0,0,8,0.0,0.24242424242424243,0,14,121,1060,397,0,0,0,0,0,302,211,4,6.393939393939394,Cookie Injection,1
46,25,4,0,0,11,0.0,0.2391304347826087,0,12,121,749,397,0,0,0,0,0,404,207,2,4.5,Normal,0
32,11,2,0,0,9,0.0,0.28125,0,12,65,704,397,0,0,0,0,0,200,20,2,0.625,Normal,0
46,25,4,0,0,12,0.0,0.2608695652173913,0,12,68,696,397,0,0,0,0,0,404,31,2,0.6739130434782609,Normal,0
44,23,4,0,0,11,0.0,0.25,0,12,76,750,444,0,1,2,1,1,200,3320,2,75.45454545454545,LOG4J,0
49,28,4,0,0,12,0.0,0.24489795918367346,0,12,77,786,458,0,1,2,1,1,404,34,2,0.6938775510204082,LOG4J,0
101,11,2,2,2,20,0.019801980198019802,0.19801980198019803,68,12,100,730,397,0,0,0,0,0,401,26,2,0.25742574257425743,SQL Injection,0
49,28,4,0,0,12,0.0,0.24489795918367346,0,12,81,727,397,0,0,0,0,0,404,34,2,0.6938775510204082,Normal,0
30,9,2,0,0,9,0.0,0.3,0,12,72,720,397,0,0,0,0,0,308,249,3,8.3,Normal,0
89,19,3,1,4,21,0.0449438202247191,0.23595505617977527,48,12,77,705,397,0,0,0,0,0,200,307960,2,3460.224719101124,SQL Injection,0
112,11,2,2,2,20,0.017857142857142856,0.17857142857142858,79,12,65,693,397,0,0,0,0,0,401,26,2,0.23214285714285715,SQL Injection,0
46,25,4,0,0,12,0.0,0.2608695652173913,0,12,82,709,397,0,0,0,0,0,404,31,2,0.6739130434782609,Normal,0
84,63,12,0,0,40,0.0,0.47619047619047616,0,12,107,755,397,0,0,0,0,0,200,70,2,0.8333333333333334,Directory Traversal,0
30,9,2,0,0,9,0.0,0.3,0,12,72,709,397,0,0,0,0,0,308,249,3,8.3,Normal,0
30,9,2,0,0,9,0.0,0.3,0,12,111,792,451,0,1,2,1,1,308,249,3,8.3,LOG4J,0
22,1,0,0,0,8,0.0,0.36363636363636365,0,12,100,739,397,0,0,0,0,0,200,34,2,1.5454545454545454,Normal,0
47,26,4,0,0,11,0.0,0.23404255319148937,0,12,107,744,397,0,0,0,0,0,401,26,2,0.5531914893617021,Normal,0
92,19,3,1,4,22,0.043478260869565216,0.2391304347826087,51,12,77,707,397,0,0,0,0,0,200,204,2,2.217391304347826,SQL Injection,0
80,59,12,0,0,37,0.0,0.4625,0,12,119,747,397,0,0,0,0,0,200,66,2,0.825,Directory Traversal,0
42,21,3,0,0,10,0.0,0.23809523809523808,0,12,107,744,397,0,0,0,0,0,200,933,2,22.214285714285715,Normal,0
33,12,1,0,0,8,0.0,0.24242424242424243,0,14,77,1028,397,0,0,0,0,0,302,211,4,6.393939393939394,Cookie Injection,1
33,12,1,0,0,8,0.0,0.24242424242424243,0,14,76,1029,397,0,0,0,0,0,302,211,4,6.393939393939394,Cookie Injection,1
48,27,4,0,0,11,0.0,0.22916666666666666,0,12,66,712,397,0,0,0,0,0,404,36,2,0.75,Normal,0
31,10,2,0,0,10,0.0,0.3225806451612903,0,12,72,711,397,0,0,0,0,0,200,70,2,2.2580645161290325,Normal,0
37,16,3,0,0,10,0.0,0.2702702702702703,0,12,112,740,397,0,0,0,0,0,404,207,2,5.594594594594595,Normal,0
46,25,4,0,0,12,0.0,0.2608695652173913,0,12,99,736,397,0,0,0,0,0,404,31,2,0.6739130434782609,Normal,0
108,11,2,2,2,20,0.018518518518518517,0.18518518518518517,75,12,107,734,397,0,0,0,0,0,401,26,2,0.24074074074074073,SQL Injection,0
47,26,4,0,0,11,0.0,0.23404255319148937,0,12,107,744,397,0,0,0,0,0,401,26,2,0.5531914893617021,Normal,0
22,1,0,0,0,8,0.0,0.36363636363636365,0,12,65,713,397,0,0,0,0,0,200,34,2,1.5454545454545454,Normal,0
33,12,2,0,0,9,0.0,0.2727272727272727,0,12,65,834,397,0,1,2,1,1,200,546,2,16.545454545454547,LOG4J,0
48,27,4,0,0,11,0.0,0.22916666666666666,0,12,77,716,397,0,0,0,0,0,404,36,2,0.75,Normal,0
89,19,3,1,4,21,0.0449438202247191,0.23595505617977527,48,12,101,731,397,0,0,0,0,0,200,307960,2,3460.224719101124,SQL Injection,0
105,11,2,2,2,20,0.01904761904761905,0.19047619047619047,72,12,72,720,397,0,0,0,0,0,401,26,2,0.24761904761904763,SQL Injection,0
76,20,3,1,3,16,0.039473684210526314,0.21052631578947367,34,12,121,769,397,0,0,0,0,0,401,41,2,0.5394736842105263,Log Forging,0
81,20,3,1,3,16,0.037037037037037035,0.19753086419753085,39,12,72,697,397,0,0,0,0,0,401,41,2,0.5061728395061729,Log Forging,0
46,25,4,0,0,11,0.0,0.2391304347826087,0,12,107,744,397,0,0,0,0,0,404,207,2,4.5,Normal,0
46,25,3,0,0,11,0.0,0.2391304347826087,0,12,107,746,397,0,0,0,0,0,200,32,2,0.6956521739130435,Normal,0
37,16,3,0,0,10,0.0,0.2702702702702703,0,12,81,768,457,0,1,2,1,1,404,207,2,5.594594594594595,LOG4J,0
31,10,2,0,0,10,0.0,0.3225806451612903,0,12,100,748,397,0,0,0,0,0,200,70,2,2.2580645161290325,Normal,0
44,23,4,0,0,11,0.0,0.25,0,12,107,769,434,0,1,2,1,1,200,3320,2,75.45454545454545,LOG4J,0
109,11,2,2,2,20,0.01834862385321101,0.1834862385321101,76,12,107,734,397,0,0,0,0,0,401,26,2,0.23853211009174313,SQL Injection,0
108,11,2,2,2,20,0.018518518518518517,0.18518518518518517,75,12,72,699,397,0,0,0,0,0,401,26,2,0.24074074074074073,SQL Injection,0
109,88,2,0,4,35,0.03669724770642202,0.3211009174311927,0,12,65,704,397,0,0,0,0,0,200,48,2,0.44036697247706424,RCE,0
33,12,1,0,0,8,0.0,0.24242424242424243,0,13,72,1084,397,0,0,0,0,0,200,106,2,3.212121212121212,Cookie Injection,0
92,19,3,1,4,22,0.043478260869565216,0.2391304347826087,51,12,76,704,397,0,0,0,0,0,200,204,2,2.217391304347826,SQL Injection,0
113,11,2,2,2,20,0.017699115044247787,0.17699115044247787,80,12,100,746,397,0,0,0,0,0,401,26,2,0.23008849557522124,SQL Injection,0
77,56,11,0,0,34,0.0,0.44155844155844154,0,12,121,760,397,0,0,0,0,0,200,63,2,0.8181818181818182,Directory Traversal,0
89,19,3,1,4,21,0.0449438202247191,0.23595505617977527,48,12,107,746,397,0,0,0,0,0,200,307960,2,3460.224719101124,SQL Injection,0
89,19,3,1,4,21,0.0449438202247191,0.23595505617977527,48,12,107,755,397,0,0,0,0,0,200,307960,2,3460.224719101124,SQL Injection,0
44,23,4,0,0,11,0.0,0.25,0,12,99,738,397,0,0,0,0,0,200,3320,2,75.45454545454545,Normal,0
46,25,4,0,0,11,0.0,0.2391304347826087,0,12,106,848,493,0,1,2,1,1,404,207,2,4.5,LOG4J,0
46,25,3,0,0,11,0.0,0.2391304347826087,0,12,111,817,475,0,1,2,1,1,200,32,2,0.6956521739130435,LOG4J,0
112,11,2,2,2,20,0.017857142857142856,0.17857142857142858,79,12,69,694,397,0,0,0,0,0,401,26,2,0.23214285714285715,SQL Injection,0
22,1,0,0,0,8,0.0,0.36363636363636365,0,12,102,729,397,0,0,0,0,0,200,34,2,1.5454545454545454,Normal,0
78,57,10,0,0,34,0.0,0.4358974358974359,0,12,100,748,397,0,0,0,0,0,200,64,2,0.8205128205128205,Directory Traversal,0
46,25,4,0,0,11,0.0,0.2391304347826087,0,12,101,738,397,0,0,0,0,0,404,207,2,4.5,Normal,0
80,59,12,0,0,37,0.0,0.4625,0,12,82,721,397,0,0,0,0,0,200,66,2,0.825,Directory Traversal,0
75,20,3,1,3,16,0.04,0.21333333333333335,33,12,107,753,397,0,0,0,0,0,401,41,2,0.5466666666666666,Log Forging,0
89,19,3,1,4,21,0.0449438202247191,0.23595505617977527,48,12,107,744,397,0,0,0,0,0,200,307960,2,3460.224719101124,SQL Injection,0
33,12,1,0,0,8,0.0,0.24242424242424243,0,13,101,1111,397,0,0,0,0,0,200,106,2,3.212121212121212,Cookie Injection,0
74,53,10,0,0,31,0.0,0.4189189189189189,0,12,107,746,397,0,0,0,0,0,200,60,2,0.8108108108108109,Directory Traversal,0
69,48,5,0,0,14,0.0,0.2028985507246377,0,12,108,756,397,0,0,0,0,0,404,207,2,3.0,Normal,0
46,25,4,0,0,12,0.0,0.2608695652173913,0,12,106,731,397,0,0,0,0,0,404,31,2,0.6739130434782609,Normal,0
93,19,3,1,4,21,0.043010752688172046,0.22580645161290322,52,12,107,735,397,0,0,0,0,0,200,32,2,0.34408602150537637,SQL Injection,0
37,16,3,0,0,10,0.0,0.2702702702702703,0,12,65,711,397,0,0,0,0,0,404,207,2,5.594594594594595,Normal,0
42,21,3,0,0,10,0.0,0.23809523809523808,0,12,107,735,397,0,0,0,0,0,200,933,2,22.214285714285715,Normal,0
92,19,3,1,4,22,0.043478260869565216,0.2391304347826087,51,12,66,714,397,0,0,0,0,0,200,204,2,2.217391304347826,SQL Injection,0
42,21,3,0,0,10,0.0,0.23809523809523808,0,12,108,735,397,0,0,0,0,0,200,933,2,22.214285714285715,Normal,0
31,10,2,0,0,10,0.0,0.3225806451612903,0,12,82,728,397,0,0,0,0,0,200,70,2,2.2580645161290325,Normal,0
92,19,3,1,4,21,0.043478260869565216,0.22826086956521738,51,12,100,748,397,0,0,0,0,0,200,198,2,2.152173913043478,SQL Injection,0
84,63,12,0,0,40,0.0,0.47619047619047616,0,12,103,728,397,0,0,0,0,0,200,70,2,0.8333333333333334,Directory Traversal,0
33,12,2,0,0,9,0.0,0.2727272727272727,0,12,65,692,397,0,0,0,0,0,404,28,2,0.8484848484848485,Normal,0
44,23,4,0,0,11,0.0,0.25,0,12,68,716,397,0,0,0,0,0,404,25,2,0.5681818181818182,Normal,0
69,48,5,0,0,14,0.0,0.2028985507246377,0,12,108,736,397,0,0,0,0,0,404,207,2,3.0,Normal,0
42,21,3,0,0,10,0.0,0.23809523809523808,0,12,77,767,397,0,1,2,1,1,200,933,2,22.214285714285715,LOG4J,0
49,28,4,0,0,12,0.0,0.24489795918367346,0,12,68,693,397,0,0,0,0,0,404,34,2,0.6938775510204082,Normal,0
40,19,4,0,0,11,0.0,0.275,0,12,99,726,397,0,0,0,0,0,404,31,2,0.775,Normal,0
105,11,2,2,2,20,0.01904761904761905,0.19047619047619047,72,12,107,732,397,0,0,0,0,0,401,26,2,0.24761904761904763,SQL Injection,0
46,25,3,0,0,11,0.0,0.2391304347826087,0,12,65,695,397,0,0,0,0,0,200,32,2,0.6956521739130435,Normal,0
46,25,3,0,0,11,0.0,0.2391304347826087,0,12,107,735,397,0,0,0,0,0,200,32,2,0.6956521739130435,Normal,0
45,24,4,0,0,11,0.0,0.24444444444444444,0,12,107,737,397,0,0,0,0,0,404,207,2,4.6,Normal,0
92,19,3,1,4,22,0.043478260869565216,0.2391304347826087,51,12,105,730,397,0,0,0,0,0,200,204,2,2.217391304347826,SQL Injection,0
96,19,3,1,4,22,0.041666666666666664,0.22916666666666666,55,12,107,735,397,0,0,0,0,0,200,49565,2,516.3020833333334,SQL Injection,0
32,11,2,0,0,9,0.0,0.28125,0,12,76,724,397,0,0,0,0,0,200,20,2,0.625,Normal,0
33,12,2,0,0,9,0.0,0.2727272727272727,0,12,107,734,397,0,0,0,0,0,200,307,2,9.303030303030303,Normal,0
100,11,2,2,2,20,0.02,0.2,67,12,101,726,397,0,0,0,0,0,401,26,2,0.26,SQL Injection,0
33,12,2,0,0,9,0.0,0.2727272727272727,0,12,111,739,397,0,0,0,0,0,200,2713,2,82.21212121212122,Normal,0
81,60,11,0,0,37,0.0,0.4567901234567901,0,12,76,724,397,0,0,0,0,0,200,67,2,0.8271604938271605,Directory Traversal,0
103,11,2,2,2,20,0.019417475728155338,0.1941747572815534,70,12,77,714,397,0,0,0,0,0,401,26,2,0.2524271844660194,SQL Injection,0
46,25,3,0,0,11,0.0,0.2391304347826087,0,12,65,695,397,0,0,0,0,0,200,32,2,0.6956521739130435,Normal,0
33,12,1,0,0,8,0.0,0.24242424242424243,0,14,77,1016,397,0,0,0,0,0,302,211,4,6.393939393939394,Cookie Injection,1
92,19,3,1,4,22,0.043478260869565216,0.2391304347826087,51,12,77,707,397,0,0,0,0,0,200,204,2,2.217391304347826,SQL Injection,0
50,29,4,0,0,11,0.0,0.22,0,12,119,801,431,0,1,2,1,1,404,38,2,0.76,LOG4J,0
92,19,3,1,4,21,0.043478260869565216,0.22826086956521738,51,12,119,756,397,0,0,0,0,0,200,198,2,2.152173913043478,SQL Injection,0
74,20,3,1,3,16,0.04054054054054054,0.21621621621621623,32,12,65,695,397,0,0,0,0,0,401,41,2,0.5540540540540541,Log Forging,0
47,26,4,0,0,11,0.0,0.23404255319148937,0,12,72,772,451,0,1,2,1,1,401,26,2,0.5531914893617021,LOG4J,0
96,19,3,1,4,22,0.041666666666666664,0.22916666666666666,55,12,76,703,397,0,0,0,0,0,200,49565,2,516.3020833333334,SQL Injection,0
81,20,3,1,3,16,0.037037037037037035,0.19753086419753085,39,12,107,746,397,0,0,0,0,0,401,41,2,0.5061728395061729,Log Forging,0
48,27,4,0,0,11,0.0,0.22916666666666666,0,12,69,697,397,0,0,0,0,0,404,36,2,0.75,Normal,0
113,92,2,0,5,32,0.04424778761061947,0.2831858407079646,0,12,68,695,397,0,0,0,0,0,200,20,2,0.17699115044247787,RCE,0
33,12,1,0,0,8,0.0,0.24242424242424243,0,14,65,1017,397,0,0,0,0,0,302,211,4,6.393939393939394,Cookie Injection,1
48,27,4,0,0,11,0.0,0.22916666666666666,0,12,77,707,397,0,0,0,0,0,404,36,2,0.75,Normal,0
32,11,2,0,0,9,0.0,0.28125,0,12,72,702,397,0,0,0,0,0,200,20,2,0.625,Normal,0
33,12,1,0,0,8,0.0,0.24242424242424243,0,14,107,1058,397,0,0,0,0,0,302,211,4,6.393939393939394,Cookie Injection,1
47,26,4,0,0,11,0.0,0.23404255319148937,0,12,65,711,397,0,0,0,0,0,401,26,2,0.5531914893617021,Normal,0
32,11,2,0,0,9,0.0,0.28125,0,12,76,715,397,0,0,0,0,0,200,20,2,0.625,Normal,0
47,26,4,0,0,11,0.0,0.23404255319148937,0,12,65,713,397,0,0,0,0,0,401,26,2,0.5531914893617021,Normal,0
109,88,2,0,4,35,0.03669724770642202,0.3211009174311927,0,12,100,748,397,0,0,0,0,0,200,48,2,0.44036697247706424,RCE,0
78,20,3,1,3,16,0.038461538461538464,0.20512820512820512,36,12,107,732,397,0,0,0,0,0,401,41,2,0.5256410256410257,Log Forging,0
49,28,4,0,0,11,0.0,0.22448979591836735,0,12,108,733,397,0,0,0,0,0,404,36,2,0.7346938775510204,Normal,0
71,50,9,0,0,28,0.0,0.39436619718309857,0,12,119,765,397,0,0,0,0,0,200,57,2,0.8028169014084507,Directory Traversal,0
50,29,4,0,0,11,0.0,0.22,0,12,119,744,397,0,0,0,0,0,404,38,2,0.76,Normal,0
51,30,4,0,0,11,0.0,0.21568627450980393,0,12,107,734,397,0,0,0,0,0,404,38,2,0.7450980392156863,Normal,0
89,19,3,1,4,21,0.0449438202247191,0.23595505617977527,48,12,107,732,397,0,0,0,0,0,200,307960,2,3460.224719101124,SQL Injection,0
42,21,3,0,0,10,0.0,0.23809523809523808,0,12,107,746,397,0,0,0,0,0,200,933,2,22.214285714285715,Normal,0
33,12,1,0,0,8,0.0,0.24242424242424243,0,13,111,1117,397,0,0,0,0,0,200,103,2,3.121212121212121,Cookie Injection,0
89,19,3,1,4,21,0.0449438202247191,0.23595505617977527,48,12,65,711,397,0,0,0,0,0,200,307960,2,3460.224719101124,SQL Injection,0
92,19,3,1,4,21,0.043478260869565216,0.22826086956521738,51,12,66,691,397,0,0,0,0,0,200,198,2,2.152173913043478,SQL Injection,0
31,10,2,0,0,10,0.0,0.3225806451612903,0,12,72,711,397,0,0,0,0,0,200,70,2,2.2580645161290325,Normal,0
45,24,4,0,0,11,0.0,0.24444444444444444,0,12,106,745,397,0,0,0,0,0,200,3320,2,73.77777777777777,Normal,0
113,92,2,0,5,32,0.04424778761061947,0.2831858407079646,0,12,72,697,397,0,0,0,0,0,200,20,2,0.17699115044247787,RCE,0
93,19,3,1,4,21,0.043010752688172046,0.22580645161290322,52,12,119,747,397,0,0,0,0,0,200,32,2,0.34408602150537637,SQL Injection,0
109,88,2,0,4,35,0.03669724770642202,0.3211009174311927,0,12,77,716,397,0,0,0,0,0,200,48,2,0.44036697247706424,RCE,0
77,56,11,0,0,34,0.0,0.44155844155844154,0,12,69,697,397,0,0,0,0,0,200,63,2,0.8181818181818182,Directory Traversal,0
44,23,4,0,0,11,0.0,0.25,0,12,107,734,397,0,0,0,0,0,200,3320,2,75.45454545454545,Normal,0
89,19,3,1,4,21,0.0449438202247191,0.23595505617977527,48,12,102,727,397,0,0,0,0,0,200,307960,2,3460.224719101124,SQL Injection,0
81,60,11,0,0,37,0.0,0.4567901234567901,0,12,107,735,397,0,0,0,0,0,200,67,2,0.8271604938271605,Directory Traversal,0
49,28,4,0,0,12,0.0,0.24489795918367346,0,12,107,735,397,0,0,0,0,0,404,34,2,0.6938775510204082,Normal,0
69,48,5,0,0,14,0.0,0.2028985507246377,0,12,72,755,397,0,1,2,1,1,404,207,2,3.0,LOG4J,0
109,88,2,0,4,35,0.03669724770642202,0.3211009174311927,0,12,107,735,397,0,0,0,0,0,200,48,2,0.44036697247706424,RCE,0
49,28,4,0,0,12,0.0,0.24489795918367346,0,12,72,744,397,0,1,2,1,1,404,34,2,0.6938775510204082,LOG4J,0
31,10,2,0,0,10,0.0,0.3225806451612903,0,12,77,716,397,0,0,0,0,0,200,70,2,2.2580645161290325,Normal,0
68,47,8,0,0,25,0.0,0.36764705882352944,0,12,68,693,397,0,0,0,0,0,200,54,2,0.7941176470588235,Directory Traversal,0
33,12,1,0,0,8,0.0,0.24242424242424243,0,14,76,1017,397,0,0,0,0,0,302,211,4,6.393939393939394,Cookie Injection,1
75,20,3,1,3,16,0.04,0.21333333333333335,33,12,111,748,397,0,0,0,0,0,401,41,2,0.5466666666666666,Log Forging,0
49,28,4,0,0,12,0.0,0.24489795918367346,0,12,119,758,397,0,0,0,0,0,404,34,2,0.6938775510204082,Normal,0
76,20,3,1,3,16,0.039473684210526314,0.21052631578947367,34,12,76,706,397,0,0,0,0,0,401,41,2,0.5394736842105263,Log Forging,0
40,19,4,0,0,11,0.0,0.275,0,12,103,771,435,0,1,2,1,1,404,31,2,0.775,LOG4J,0
45,24,4,0,0,11,0.0,0.24444444444444444,0,12,108,754,397,0,0,0,0,0,404,207,2,4.6,Normal,0
78,57,4,0,8,21,0.10256410256410256,0.2692307692307692,0,12,100,748,397,0,0,0,0,0,200,50,2,0.6410256410256411,RCE,0
22,1,0,0,0,8,0.0,0.36363636363636365,0,12,69,697,397,0,0,0,0,0,200,34,2,1.5454545454545454,Normal,0
78,57,4,0,8,21,0.10256410256410256,0.2692307692307692,0,12,102,727,397,0,0,0,0,0,200,50,2,0.6410256410256411,RCE,0
44,23,4,0,0,11,0.0,0.25,0,12,107,737,397,0,0,0,0,0,404,25,2,0.5681818181818182,Normal,0
85,20,3,1,4,17,0.047058823529411764,0.2,43,12,82,719,397,0,0,0,0,0,401,41,2,0.4823529411764706,Log Forging,0
92,19,3,1,4,21,0.043478260869565216,0.22826086956521738,51,12,107,732,397,0,0,0,0,0,200,198,2,2.152173913043478,SQL Injection,0
109,88,2,0,4,35,0.03669724770642202,0.3211009174311927,0,12,101,740,397,0,0,0,0,0,200,48,2,0.44036697247706424,RCE,0
69,48,7,0,0,25,0.0,0.36231884057971014,0,12,65,711,397,0,0,0,0,0,200,55,2,0.7971014492753623,Directory Traversal,0
33,12,2,0,0,9,0.0,0.2727272727272727,0,12,121,760,397,0,0,0,0,0,404,28,2,0.8484848484848485,Normal,0
69,48,5,0,0,14,0.0,0.2028985507246377,0,12,105,780,442,0,1,2,1,1,404,207,2,3.0,LOG4J,0
46,25,4,0,0,11,0.0,0.2391304347826087,0,12,77,705,397,0,0,0,0,0,404,207,2,4.5,Normal,0
33,12,1,0,0,8,0.0,0.24242424242424243,0,14,111,1050,397,0,0,0,0,0,302,211,4,6.393939393939394,Cookie Injection,1
33,12,2,0,0,9,0.0,0.2727272727272727,0,12,107,732,397,0,0,0,0,0,404,28,2,0.8484848484848485,Normal,0
39,18,2,0,0,10,0.0,0.2564102564102564,0,12,100,730,397,0,0,0,0,0,200,1604,2,41.12820512820513,Normal,0
92,19,3,1,4,22,0.043478260869565216,0.2391304347826087,51,12,107,737,397,0,0,0,0,0,200,204,2,2.217391304347826,SQL Injection,0
106,11,2,2,2,20,0.018867924528301886,0.18867924528301888,73,12,65,704,397,0,0,0,0,0,401,26,2,0.24528301886792453,SQL Injection,0
22,1,0,0,0,8,0.0,0.36363636363636365,0,12,102,750,397,0,0,0,0,0,200,34,2,1.5454545454545454,Normal,0
33,12,2,0,0,9,0.0,0.2727272727272727,0,12,102,729,397,0,0,0,0,0,200,213,2,6.454545454545454,Normal,0
93,19,3,1,4,21,0.043010752688172046,0.22580645161290322,52,12,72,720,397,0,0,0,0,0,200,32,2,0.34408602150537637,SQL Injection,0
48,27,4,0,0,11,0.0,0.22916666666666666,0,12,77,716,397,0,0,0,0,0,404,36,2,0.75,Normal,0
70,49,5,0,0,14,0.0,0.2,0,12,66,766,397,0,1,2,1,1,404,207,2,2.9571428571428573,LOG4J,0
78,57,4,0,8,21,0.10256410256410256,0.2692307692307692,0,12,107,746,397,0,0,0,0,0,200,50,2,0.6410256410256411,RCE,0
33,12,1,0,0,8,0.0,0.24242424242424243,0,14,102,1070,397,0,0,0,0,0,302,211,4,6.393939393939394,Cookie Injection,1
50,29,4,0,0,12,0.0,0.24,0,12,103,751,397,0,0,0,0,0,404,34,2,0.68,Normal,0
92,19,3,1,4,21,0.043478260869565216,0.22826086956521738,51,12,72,709,397,0,0,0,0,0,200,198,2,2.152173913043478,SQL Injection,0
33,12,1,0,0,8,0.0,0.24242424242424243,0,14,106,1050,397,0,0,0,0,0,302,211,4,6.393939393939394,Cookie Injection,1
44,23,4,0,0,11,0.0,0.25,0,12,99,727,397,0,0,0,0,0,404,25,2,0.5681818181818182,Normal,0
33,12,2,0,0,9,0.0,0.2727272727272727,0,12,103,740,397,0,0,0,0,0,200,1053,2,31.90909090909091,Normal,0
39,18,2,0,0,10,0.0,0.2564102564102564,0,12,65,713,397,0,0,0,0,0,200,2734,2,70.1025641025641,Normal,0
96,19,3,1,4,22,0.041666666666666664,0.22916666666666666,55,12,72,697,397,0,0,0,0,0,200,49565,2,516.3020833333334,SQL Injection,0
22,1,0,0,0,8,0.0,0.36363636363636365,0,12,72,702,397,0,0,0,0,0,200,34,2,1.5454545454545454,Normal,0
80,59,12,0,0,37,0.0,0.4625,0,12,105,751,397,0,0,0,0,0,200,66,2,0.825,Directory Traversal,0
33,12,2,0,0,9,0.0,0.2727272727272727,0,12,72,699,397,0,0,0,0,0,404,28,2,0.8484848484848485,Normal,0
33,12,1,0,0,8,0.0,0.24242424242424243,0,14,121,1074,397,0,0,0,0,0,302,211,4,6.393939393939394,Cookie Injection,1
46,25,4,0,0,11,0.0,0.2391304347826087,0,12,72,720,397,0,0,0,0,0,404,207,2,4.5,Normal,0
33,12,1,0,0,8,0.0,0.24242424242424243,0,14,107,1048,397,0,0,0,0,0,302,211,4,6.393939393939394,Cookie Injection,1
46,25,4,0,0,11,0.0,0.2391304347826087,0,12,77,707,397,0,0,0,0,0,404,207,2,4.5,Normal,0
84,63,12,0,0,40,0.0,0.47619047619047616,0,12,72,702,397,0,0,0,0,0,200,70,2,0.8333333333333334,Directory Traversal,0
33,12,1,0,0,8,0.0,0.24242424242424243,0,13,82,1091,397,0,0,0,0,0,200,104,2,3.1515151515151514,Cookie Injection,0
45,24,4,0,0,11,0.0,0.24444444444444444,0,12,66,712,397,0,0,0,0,0,404,207,2,4.6,Normal,0
39,18,2,0,0,10,0.0,0.2564102564102564,0,12,121,748,397,0,0,0,0,0,200,664,2,17.025641025641026,Normal,0
112,11,2,2,2,20,0.017857142857142856,0.17857142857142858,79,12,107,732,397,0,0,0,0,0,401,26,2,0.23214285714285715,SQL Injection,0
49,28,4,0,0,11,0.0,0.22448979591836735,0,12,77,705,397,0,0,0,0,0,404,36,2,0.7346938775510204,Normal,0
78,57,4,0,8,21,0.10256410256410256,0.2692307692307692,0,12,119,765,397,0,0,0,0,0,200,50,2,0.6410256410256411,RCE,0
80,59,12,0,0,37,0.0,0.4625,0,12,111,750,397,0,0,0,0,0,200,66,2,0.825,Directory Traversal,0
40,19,4,0,0,11,0.0,0.275,0,12,65,690,397,0,0,0,0,0,404,31,2,0.775,Normal,0
92,19,3,1,4,22,0.043478260869565216,0.2391304347826087,51,12,72,709,397,0,0,0,0,0,200,204,2,2.217391304347826,SQL Injection,0
113,92,2,0,5,32,0.04424778761061947,0.2831858407079646,0,12,107,737,397,0,0,0,0,0,200,20,2,0.17699115044247787,RCE,0
44,23,4,0,0,11,0.0,0.25,0,12,72,711,397,0,0,0,0,0,200,3320,2,75.45454545454545,Normal,0
33,12,1,0,0,8,0.0,0.24242424242424243,0,14,107,1069,397,0,0,0,0,0,302,211,4,6.393939393939394,Cookie Injection,1
45,24,4,0,0,11,0.0,0.24444444444444444,0,12,76,805,498,0,1,2,1,1,404,207,2,4.6,LOG4J,0
48,27,4,0,0,11,0.0,0.22916666666666666,0,12,112,749,397,0,0,0,0,0,404,36,2,0.75,Normal,0
113,92,2,0,5,32,0.04424778761061947,0.2831858407079646,0,12,111,757,397,0,0,0,0,0,200,20,2,0.17699115044247787,RCE,0
77,20,3,1,3,16,0.03896103896103896,0.2077922077922078,35,12,107,744,397,0,0,0,0,0,401,41,2,0.5324675324675324,Log Forging,0
92,19,3,1,4,22,0.043478260869565216,0.2391304347826087,51,12,106,731,397,0,0,0,0,0,200,204,2,2.217391304347826,SQL Injection,0
69,48,7,0,0,25,0.0,0.36231884057971014,0,12,81,729,397,0,0,0,0,0,200,55,2,0.7971014492753623,Directory Traversal,0
91,19,3,1,4,21,0.04395604395604396,0.23076923076923078,50,12,99,747,397,0,0,0,0,0,200,24,2,0.26373626373626374,SQL Injection,0
49,28,4,0,0,12,0.0,0.24489795918367346,0,12,72,711,397,0,0,0,0,0,404,34,2,0.6938775510204082,Normal,0
69,48,5,0,0,14,0.0,0.2028985507246377,0,12,107,746,397,0,0,0,0,0,404,207,2,3.0,Normal,0
39,18,2,0,0,10,0.0,0.2564102564102564,0,12,105,744,397,0,0,0,0,0,200,1162,2,29.794871794871796,Normal,0
46,25,3,0,0,11,0.0,0.2391304347826087,0,12,105,730,397,0,0,0,0,0,200,32,2,0.6956521739130435,Normal,0
78,57,4,0,8,21,0.10256410256410256,0.2692307692307692,0,12,68,714,397,0,0,0,0,0,200,50,2,0.6410256410256411,RCE,0
31,10,2,0,0,10,0.0,0.3225806451612903,0,12,66,696,397,0,0,0,0,0,200,70,2,2.2580645161290325,Normal,0
32,11,2,0,0,9,0.0,0.28125,0,12,102,727,397,0,0,0,0,0,200,20,2,0.625,Normal,0
78,57,4,0,8,21,0.10256410256410256,0.2692307692307692,0,12,72,718,397,0,0,0,0,0,200,50,2,0.6410256410256411,RCE,0
31,10,2,0,0,10,0.0,0.3225806451612903,0,12,72,699,397,0,0,0,0,0,200,70,2,2.2580645161290325,Normal,0
47,26,4,0,0,11,0.0,0.23404255319148937,0,12,72,700,397,0,0,0,0,0,401,26,2,0.5531914893617021,Normal,0
99,11,2,2,2,20,0.020202020202020204,0.20202020202020202,66,12,103,728,397,0,0,0,0,0,401,26,2,0.26262626262626265,SQL Injection,0
92,19,3,1,4,22,0.043478260869565216,0.2391304347826087,51,12,81,709,397,0,0,0,0,0,200,204,2,2.217391304347826,SQL Injection,0
76,20,3,1,3,16,0.039473684210526314,0.21052631578947367,34,12,77,707,397,0,0,0,0,0,401,41,2,0.5394736842105263,Log Forging,0
22,1,0,0,0,8,0.0,0.36363636363636365,0,12,77,705,397,0,0,0,0,0,200,34,2,1.5454545454545454,Normal,0
37,16,3,0,0,10,0.0,0.2702702702702703,0,12,77,714,397,0,0,0,0,0,404,207,2,5.594594594594595,Normal,0
74,20,3,1,3,16,0.04054054054054054,0.21621621621621623,32,12,65,713,397,0,0,0,0,0,401,41,2,0.5540540540540541,Log Forging,0
84,20,3,1,4,17,0.047619047619047616,0.20238095238095238,42,12,76,704,397,0,0,0,0,0,401,41,2,0.4880952380952381,Log Forging,0
50,29,4,0,0,11,0.0,0.22,0,12,119,758,397,0,0,0,0,0,404,38,2,0.76,Normal,0
44,23,4,0,0,11,0.0,0.25,0,12,107,732,397,0,0,0,0,0,200,3320,2,75.45454545454545,Normal,0
44,23,4,0,0,11,0.0,0.25,0,12,72,700,397,0,0,0,0,0,200,3320,2,75.45454545454545,Normal,0
40,19,4,0,0,11,0.0,0.275,0,12,69,697,397,0,0,0,0,0,404,31,2,0.775,Normal,0
49,28,4,0,0,12,0.0,0.24489795918367346,0,12,105,777,397,0,1,2,1,1,404,34,2,0.6938775510204082,LOG4J,0
30,9,2,0,0,9,0.0,0.3,0,12,121,749,397,0,0,0,0,0,308,249,3,8.3,Normal,0
47,26,4,0,0,11,0.0,0.23404255319148937,0,12,66,691,397,0,0,0,0,0,401,26,2,0.5531914893617021,Normal,0
33,12,1,0,0,8,0.0,0.24242424242424243,0,13,121,1130,397,0,0,0,0,0,200,106,2,3.212121212121212,Cookie Injection,0
33,12,1,0,0,8,0.0,0.24242424242424243,0,13,65,1084,397,0,0,0,0,0,200,105,2,3.1818181818181817,Cookie Injection,0
44,23,4,0,0,11,0.0,0.25,0,12,81,709,397,0,0,0,0,0,404,25,2,0.5681818181818182,Normal,0
40,19,4,0,0,11,0.0,0.275,0,12,68,884,397,0,1,2,1,1,404,31,2,0.775,LOG4J,0
46,25,4,0,0,12,0.0,0.2608695652173913,0,12,65,690,397,0,0,0,0,0,404,31,2,0.6739130434782609,Normal,0
50,29,4,0,0,11,0.0,0.22,0,12,108,735,397,0,0,0,0,0,404,38,2,0.76,Normal,0
22,1,0,0,0,8,0.0,0.36363636363636365,0,12,77,723,397,0,0,0,0,0,200,34,2,1.5454545454545454,Normal,0
45,24,4,0,0,11,0.0,0.24444444444444444,0,12,119,765,397,0,0,0,0,0,404,207,2,4.6,Normal,0
33,12,1,0,0,8,0.0,0.24242424242424243,0,14,81,1034,397,0,0,0,0,0,302,211,4,6.393939393939394,Cookie Injection,1
33,12,1,0,0,8,0.0,0.24242424242424243,0,14,65,1004,397,0,0,0,0,0,302,211,4,6.393939393939394,Cookie Injection,1
103,11,2,2,2,20,0.019417475728155338,0.1941747572815534,70,12,65,693,397,0,0,0,0,0,401,26,2,0.2524271844660194,SQL Injection,0
22,1,0,0,0,8,0.0,0.36363636363636365,0,12,107,962,397,0,1,2,1,1,200,34,2,1.5454545454545454,LOG4J,0
69,48,5,0,0,14,0.0,0.2028985507246377,0,12,107,746,397,0,0,0,0,0,404,207,2,3.0,Normal,0
42,21,3,0,0,10,0.0,0.23809523809523808,0,12,102,750,397,0,0,0,0,0,200,933,2,22.214285714285715,Normal,0
69,48,7,0,0,25,0.0,0.36231884057971014,0,12,107,735,397,0,0,0,0,0,200,55,2,0.7971014492753623,Directory Traversal,0
108,11,2,2,2,20,0.018518518518518517,0.18518518518518517,75,12,107,737,397,0,0,0,0,0,401,26,2,0.24074074074074073,SQL Injection,0
31,10,2,0,0,10,0.0,0.3225806451612903,0,12,111,736,397,0,0,0,0,0,200,70,2,2.2580645161290325,Normal,0
33,12,1,0,0,8,0.0,0.24242424242424243,0,13,107,1114,397,0,0,0,0,0,200,106,2,3.212121212121212,Cookie Injection,0
46,25,4,0,0,11,0.0,0.2391304347826087,0,12,81,706,397,0,0,0,0,0,404,207,2,4.5,Normal,0
79,20,3,1,3,16,0.0379746835443038,0.20253164556962025,37,12,105,730,397,0,0,0,0,0,401,41,2,0.5189873417721519,Log Forging,0
81,60,11,0,0,37,0.0,0.4567901234567901,0,12,112,737,397,0,0,0,0,0,200,67,2,0.8271604938271605,Directory Traversal,0
44,23,4,0,0,11,0.0,0.25,0,12,65,693,397,0,0,0,0,0,404,25,2,0.5681818181818182,Normal,0
33,12,1,0,0,8,0.0,0.24242424242424243,0,13,100,1130,397,0,0,0,0,0,200,105,2,3.1818181818181817,Cookie Injection,0
69,48,5,0,0,14,0.0,0.2028985507246377,0,12,100,739,397,0,0,0,0,0,404,207,2,3.0,Normal,0
46,25,4,0,0,11,0.0,0.2391304347826087,0,12,108,735,397,0,0,0,0,0,404,207,2,4.5,Normal,0
30,9,2,0,0,9,0.0,0.3,0,12,107,781,441,0,1,2,1,1,308,249,3,8.3,LOG4J,0
48,27,4,0,0,11,0.0,0.22916666666666666,0,12,100,725,397,0,0,0,0,0,404,36,2,0.75,Normal,0
32,11,2,0,0,9,0.0,0.28125,0,12,103,733,397,0,0,0,0,0,200,20,2,0.625,Normal,0
72,51,8,0,0,28,0.0,0.3888888888888889,0,12,108,736,397,0,0,0,0,0,200,58,2,0.8055555555555556,Directory Traversal,0
31,10,2,0,0,10,0.0,0.3225806451612903,0,12,77,716,397,0,0,0,0,0,200,70,2,2.2580645161290325,Normal,0
77,56,11,0,0,34,0.0,0.44155844155844154,0,12,107,744,397,0,0,0,0,0,200,63,2,0.8181818181818182,Directory Traversal,0
46,25,3,0,0,11,0.0,0.2391304347826087,0,12,102,750,397,0,0,0,0,0,200,32,2,0.6956521739130435,Normal,0
44,23,4,0,0,11,0.0,0.25,0,12,99,747,397,0,0,0,0,0,404,25,2,0.5681818181818182,Normal,0
44,23,4,0,0,11,0.0,0.25,0,12,100,725,397,0,0,0,0,0,404,25,2,0.5681818181818182,Normal,0
110,11,2,2,2,20,0.01818181818181818,0.18181818181818182,77,12,106,752,397,0,0,0,0,0,401,26,2,0.23636363636363636,SQL Injection,0
45,24,4,0,0,11,0.0,0.24444444444444444,0,12,108,733,397,0,0,0,0,0,200,3320,2,73.77777777777777,Normal,0
33,12,2,0,0,9,0.0,0.2727272727272727,0,12,112,742,397,0,0,0,0,0,404,28,2,0.8484848484848485,Normal,0
78,57,10,0,0,34,0.0,0.4358974358974359,0,12,82,709,397,0,0,0,0,0,200,64,2,0.8205128205128205,Directory Traversal,0
46,25,4,0,0,12,0.0,0.2608695652173913,0,12,103,730,397,0,0,0,0,0,404,31,2,0.6739130434782609,Normal,0
45,24,4,0,0,11,0.0,0.24444444444444444,0,12,107,755,397,0,0,0,0,0,404,207,2,4.6,Normal,0
77,20,3,1,3,16,0.03896103896103896,0.2077922077922078,35,12,107,755,397,0,0,0,0,0,401,41,2,0.5324675324675324,Log Forging,0
39,18,2,0,0,10,0.0,0.2564102564102564,0,12,111,757,397,0,0,0,0,0,200,213,2,5.461538461538462,Normal,0
46,25,4,0,0,11,0.0,0.2391304347826087,0,12,72,700,397,0,0,0,0,0,404,207,2,4.5,Normal,0
113,92,2,0,5,32,0.04424778761061947,0.2831858407079646,0,12,102,727,397,0,0,0,0,0,200,20,2,0.17699115044247787,RCE,0
50,29,4,0,0,11,0.0,0.22,0,12,107,732,397,0,0,0,0,0,404,38,2,0.76,Normal,0
113,11,2,2,2,20,0.017699115044247787,0.17699115044247787,80,12,77,705,397,0,0,0,0,0,401,26,2,0.23008849557522124,SQL Injection,0
93,19,3,1,4,21,0.043010752688172046,0.22580645161290322,52,12,65,692,397,0,0,0,0,0,200,32,2,0.34408602150537637,SQL Injection,0
98,11,2,2,2,20,0.02040816326530612,0.20408163265306123,65,12,103,751,397,0,0,0,0,0,401,26,2,0.2653061224489796,SQL Injection,0
33,12,1,0,0,8,0.0,0.24242424242424243,0,13,102,1120,397,0,0,0,0,0,200,110,2,3.3333333333333335,Cookie Injection,0
40,19,4,0,0,11,0.0,0.275,0,12,102,729,397,0,0,0,0,0,404,31,2,0.775,Normal,0
39,18,2,0,0,10,0.0,0.2564102564102564,0,12,99,726,397,0,0,0,0,0,200,2713,2,69.56410256410257,Normal,0
46,25,3,0,0,11,0.0,0.2391304347826087,0,12,108,754,397,0,0,0,0,0,200,32,2,0.6956521739130435,Normal,0
46,25,4,0,0,12,0.0,0.2608695652173913,0,12,100,748,397,0,0,0,0,0,404,31,2,0.6739130434782609,Normal,0
109,88,2,0,4,35,0.03669724770642202,0.3211009174311927,0,12,65,690,397,0,0,0,0,0,200,48,2,0.44036697247706424,RCE,0
49,28,4,0,0,12,0.0,0.24489795918367346,0,12,103,728,397,0,0,0,0,0,404,34,2,0.6938775510204082,Normal,0
33,12,2,0,0,9,0.0,0.2727272727272727,0,12,101,731,397,0,0,0,0,0,200,304,2,9.212121212121213,Normal,0
33,12,1,0,0,8,0.0,0.24242424242424243,0,13,66,1085,397,0,0,0,0,0,200,106,2,3.212121212121212,Cookie Injection,0
78,57,4,0,8,21,0.10256410256410256,0.2692307692307692,0,12,72,718,397,0,0,0,0,0,200,50,2,0.6410256410256411,RCE,0
33,12,2,0,0,9,0.0,0.2727272727272727,0,12,106,743,397,0,0,0,0,0,404,28,2,0.8484848484848485,Normal,0
34,13,2,0,0,9,0.0,0.2647058823529412,0,12,65,799,492,0,1,2,1,1,404,28,2,0.8235294117647058,LOG4J,0
31,10,2,0,0,10,0.0,0.3225806451612903,0,12,103,751,397,0,0,0,0,0,200,70,2,2.2580645161290325,Normal,0
49,28,4,0,0,12,0.0,0.24489795918367346,0,12,69,811,397,0,1,2,1,1,404,34,2,0.6938775510204082,LOG4J,0
109,88,2,0,4,35,0.03669724770642202,0.3211009174311927,0,12,107,755,397,0,0,0,0,0,200,48,2,0.44036697247706424,RCE,0
31,10,2,0,0,10,0.0,0.3225806451612903,0,12,106,736,397,0,0,0,0,0,200,70,2,2.2580645161290325,Normal,0
78,57,10,0,0,34,0.0,0.4358974358974359,0,12,107,744,397,0,0,0,0,0,200,64,2,0.8205128205128205,Directory Traversal,0
30,9,2,0,0,9,0.0,0.3,0,12,100,788,397,0,1,2,1,1,308,249,3,8.3,LOG4J,0
91,19,3,1,4,21,0.04395604395604396,0.23076923076923078,50,12,101,740,397,0,0,0,0,0,200,24,2,0.26373626373626374,SQL Injection,0
37,16,3,0,0,10,0.0,0.2702702702702703,0,12,77,716,397,0,0,0,0,0,404,207,2,5.594594594594595,Normal,0
33,12,2,0,0,9,0.0,0.2727272727272727,0,12,103,749,397,0,0,0,0,0,200,546,2,16.545454545454547,Normal,0
48,27,4,0,0,11,0.0,0.22916666666666666,0,12,99,736,397,0,0,0,0,0,404,36,2,0.75,Normal,0
39,18,2,0,0,10,0.0,0.2564102564102564,0,12,107,737,397,0,0,0,0,0,200,2721,2,69.76923076923077,Normal,0
96,19,3,1,4,22,0.041666666666666664,0.22916666666666666,55,12,100,727,397,0,0,0,0,0,200,49565,2,516.3020833333334,SQL Injection,0
103,11,2,2,2,20,0.019417475728155338,0.1941747572815534,70,12,112,740,397,0,0,0,0,0,401,26,2,0.2524271844660194,SQL Injection,0
44,23,4,0,0,11,0.0,0.25,0,12,108,756,397,0,0,0,0,0,200,3320,2,75.45454545454545,Normal,0
46,25,3,0,0,11,0.0,0.2391304347826087,0,12,100,746,397,0,0,0,0,0,200,32,2,0.6956521739130435,Normal,0
42,21,3,0,0,10,0.0,0.23809523809523808,0,12,102,727,397,0,0,0,0,0,200,933,2,22.214285714285715,Normal,0
110,11,2,2,2,20,0.01818181818181818,0.18181818181818182,77,12,105,735,397,0,0,0,0,0,401,26,2,0.23636363636363636,SQL Injection,0
42,21,3,0,0,10,0.0,0.23809523809523808,0,12,106,743,397,0,0,0,0,0,200,933,2,22.214285714285715,Normal,0
30,9,2,0,0,9,0.0,0.3,0,12,72,700,397,0,0,0,0,0,308,249,3,8.3,Normal,0
33,12,1,0,0,8,0.0,0.24242424242424243,0,14,65,1016,397,0,0,0,0,0,302,211,4,6.393939393939394,Cookie Injection,1
40,19,4,0,0,11,0.0,0.275,0,12,81,720,397,0,0,0,0,0,404,31,2,0.775,Normal,0
78,57,4,0,8,21,0.10256410256410256,0.2692307692307692,0,12,66,691,397,0,0,0,0,0,200,50,2,0.6410256410256411,RCE,0
76,20,3,1,3,16,0.039473684210526314,0.21052631578947367,34,12,107,746,397,0,0,0,0,0,401,41,2,0.5394736842105263,Log Forging,0
92,19,3,1,4,22,0.043478260869565216,0.2391304347826087,51,12,69,697,397,0,0,0,0,0,200,204,2,2.217391304347826,SQL Injection,0
83,62,13,0,0,40,0.0,0.4819277108433735,0,12,111,759,397,0,0,0,0,0,200,69,2,0.8313253012048193,Directory Traversal,0
31,10,2,0,0,10,0.0,0.3225806451612903,0,12,77,705,397,0,0,0,0,0,200,70,2,2.2580645161290325,Normal,0
42,21,3,0,0,10,0.0,0.23809523809523808,0,12,101,738,397,0,0,0,0,0,200,933,2,22.214285714285715,Normal,0
33,12,1,0,0,8,0.0,0.24242424242424243,0,13,100,1130,397,0,0,0,0,0,200,104,2,3.1515151515151514,Cookie Injection,0
78,57,4,0,8,21,0.10256410256410256,0.2692307692307692,0,12,77,725,397,0,0,0,0,0,200,50,2,0.6410256410256411,RCE,0
37,16,3,0,0,10,0.0,0.2702702702702703,0,12,103,749,397,0,0,0,0,0,404,207,2,5.594594594594595,Normal,0
33,12,1,0,0,8,0.0,0.24242424242424243,0,14,107,1046,397,0,0,0,0,0,302,211,4,6.393939393939394,Cookie Injection,1
41,20,4,0,0,11,0.0,0.2682926829268293,0,12,66,694,397,0,0,0,0,0,404,31,2,0.7560975609756098,Normal,0
84,63,12,0,0,40,0.0,0.47619047619047616,0,12,112,742,397,0,0,0,0,0,200,70,2,0.8333333333333334,Directory Traversal,0
41,20,4,0,0,11,0.0,0.2682926829268293,0,12,76,703,397,0,0,0,0,0,200,367,2,8.951219512195122,Normal,0
47,26,4,0,0,11,0.0,0.23404255319148937,0,12,69,708,397,0,0,0,0,0,401,26,2,0.5531914893617021,Normal,0
30,9,2,0,0,9,0.0,0.3,0,12,99,747,397,0,0,0,0,0,308,249,3,8.3,Normal,0
77,56,11,0,0,34,0.0,0.44155844155844154,0,12,111,748,397,0,0,0,0,0,200,63,2,0.8181818181818182,Directory Traversal,0
113,92,2,0,5,32,0.04424778761061947,0.2831858407079646,0,12,107,746,397,0,0,0,0,0,200,20,2,0.17699115044247787,RCE,0
69,48,5,0,0,14,0.0,0.2028985507246377,0,12,107,732,397,0,0,0,0,0,404,207,2,3.0,Normal,0
68,47,8,0,0,25,0.0,0.36764705882352944,0,12,77,714,397,0,0,0,0,0,200,54,2,0.7941176470588235,Directory Traversal,0
109,88,2,0,4,35,0.03669724770642202,0.3211009174311927,0,12,112,740,397,0,0,0,0,0,200,48,2,0.44036697247706424,RCE,0
33,12,1,0,0,8,0.0,0.24242424242424243,0,13,107,1122,397,0,0,0,0,0,200,110,2,3.3333333333333335,Cookie Injection,0
113,92,2,0,5,32,0.04424778761061947,0.2831858407079646,0,12,81,706,397,0,0,0,0,0,200,20,2,0.17699115044247787,RCE,0
113,11,2,2,2,20,0.017699115044247787,0.17699115044247787,80,12,68,716,397,0,0,0,0,0,401,26,2,0.23008849557522124,SQL Injection,0
48,27,4,0,0,11,0.0,0.22916666666666666,0,12,76,715,397,0,0,0,0,0,401,26,2,0.5416666666666666,Normal,0
33,12,1,0,0,8,0.0,0.24242424242424243,0,13,77,1096,397,0,0,0,0,0,200,105,2,3.1818181818181817,Cookie Injection,0
42,21,3,0,0,10,0.0,0.23809523809523808,0,12,107,744,397,0,0,0,0,0,200,933,2,22.214285714285715,Normal,0
69,48,5,0,0,14,0.0,0.2028985507246377,0,12,99,747,397,0,0,0,0,0,404,207,2,3.0,Normal,0
50,29,4,0,0,11,0.0,0.22,0,12,77,705,397,0,0,0,0,0,404,38,2,0.76,Normal,0
37,16,3,0,0,10,0.0,0.2702702702702703,0,12,77,714,397,0,0,0,0,0,404,207,2,5.594594594594595,Normal,0
111,11,2,2,2,20,0.018018018018018018,0.18018018018018017,78,12,102,729,397,0,0,0,0,0,401,26,2,0.23423423423423423,SQL Injection,0
78,57,4,0,8,21,0.10256410256410256,0.2692307692307692,0,12,76,701,397,0,0,0,0,0,200,50,2,0.6410256410256411,RCE,0
44,23,4,0,0,11,0.0,0.25,0,12,107,735,397,0,0,0,0,0,404,25,2,0.5681818181818182,Normal,0
91,19,3,1,4,21,0.04395604395604396,0.23076923076923078,50,12,121,746,397,0,0,0,0,0,200,24,2,0.26373626373626374,SQL Injection,0
37,16,3,0,0,10,0.0,0.2702702702702703,0,12,100,725,397,0,0,0,0,0,404,207,2,5.594594594594595,Normal,0
85,20,3,1,3,16,0.03529411764705882,0.18823529411764706,43,12,101,740,397,0,0,0,0,0,401,41,2,0.4823529411764706,Log Forging,0
80,20,3,1,3,16,0.0375,0.2,38,12,111,757,397,0,0,0,0,0,401,41,2,0.5125,Log Forging,0
33,12,1,0,0,8,0.0,0.24242424242424243,0,13,100,1112,397,0,0,0,0,0,200,106,2,3.212121212121212,Cookie Injection,0
40,19,4,0,0,11,0.0,0.275,0,12,119,758,397,0,0,0,0,0,404,31,2,0.775,Normal,0
49,28,4,0,0,12,0.0,0.24489795918367346,0,12,101,749,397,0,0,0,0,0,404,34,2,0.6938775510204082,Normal,0
33,12,1,0,0,8,0.0,0.24242424242424243,0,13,72,1084,397,0,0,0,0,0,200,106,2,3.212121212121212,Cookie Injection,0
33,12,1,0,0,8,0.0,0.24242424242424243,0,13,107,1126,397,0,0,0,0,0,200,106,2,3.212121212121212,Cookie Injection,0
39,18,2,0,0,10,0.0,0.2564102564102564,0,12,121,758,397,0,0,0,0,0,200,2689,2,68.94871794871794,Normal,0
50,29,4,0,0,11,0.0,0.22,0,12,68,714,397,0,0,0,0,0,404,38,2,0.76,Normal,0
47,26,4,0,0,11,0.0,0.23404255319148937,0,12,107,735,397,0,0,0,0,0,401,26,2,0.5531914893617021,Normal,0
22,1,0,0,0,8,0.0,0.36363636363636365,0,12,107,753,397,0,0,0,0,0,200,34,2,1.5454545454545454,Normal,0
47,26,4,0,0,11,0.0,0.23404255319148937,0,12,107,753,397,0,0,0,0,0,401,26,2,0.5531914893617021,Normal,0
89,19,3,1,4,21,0.0449438202247191,0.23595505617977527,48,12,65,693,397,0,0,0,0,0,200,307960,2,3460.224719101124,SQL Injection,0
33,12,2,0,0,9,0.0,0.2727272727272727,0,12,106,743,397,0,0,0,0,0,200,307,2,9.303030303030303,Normal,0
39,18,2,0,0,10,0.0,0.2564102564102564,0,12,68,714,397,0,0,0,0,0,200,668,2,17.128205128205128,Normal,0
81,20,3,1,3,16,0.037037037037037035,0.19753086419753085,39,12,103,740,397,0,0,0,0,0,401,41,2,0.5061728395061729,Log Forging,0
33,12,1,0,0,8,0.0,0.24242424242424243,0,13,103,1113,397,0,0,0,0,0,200,106,2,3.212121212121212,Cookie Injection,0
39,18,2,0,0,10,0.0,0.2564102564102564,0,12,72,718,397,0,0,0,0,0,200,1091,2,27.974358974358974,Normal,0
48,27,4,0,0,11,0.0,0.22916666666666666,0,12,111,759,397,0,0,0,0,0,404,36,2,0.75,Normal,0
40,19,4,0,0,11,0.0,0.275,0,12,68,716,397,0,0,0,0,0,404,31,2,0.775,Normal,0
37,16,3,0,0,10,0.0,0.2702702702702703,0,12,100,730,397,0,0,0,0,0,404,207,2,5.594594594594595,Normal,0
48,27,4,0,0,11,0.0,0.22916666666666666,0,12,107,735,397,0,0,0,0,0,404,36,2,0.75,Normal,0
46,25,4,0,0,12,0.0,0.2608695652173913,0,12,77,705,397,0,0,0,0,0,404,31,2,0.6739130434782609,Normal,0
37,16,3,0,0,10,0.0,0.2702702702702703,0,12,100,727,397,0,0,0,0,0,404,207,2,5.594594594594595,Normal,0
33,12,2,0,0,9,0.0,0.2727272727272727,0,12,107,753,397,0,0,0,0,0,200,1053,2,31.90909090909091,Normal,0
92,19,3,1,4,22,0.043478260869565216,0.2391304347826087,51,12,102,732,397,0,0,0,0,0,200,204,2,2.217391304347826,SQL Injection,0
45,24,4,0,0,11,0.0,0.24444444444444444,0,12,100,728,397,0,0,0,0,0,404,207,2,4.6,Normal,0
33,12,2,0,0,9,0.0,0.2727272727272727,0,12,77,704,397,0,0,0,0,0,404,28,2,0.8484848484848485,Normal,0
78,57,4,0,8,21,0.10256410256410256,0.2692307692307692,0,12,108,747,397,0,0,0,0,0,200,50,2,0.6410256410256411,RCE,0
78,57,10,0,0,34,0.0,0.4358974358974359,0,12,72,711,397,0,0,0,0,0,200,64,2,0.8205128205128205,Directory Traversal,0
48,27,4,0,0,11,0.0,0.22916666666666666,0,12,77,714,397,0,0,0,0,0,404,36,2,0.75,Normal,0
48,27,4,0,0,11,0.0,0.22916666666666666,0,12,107,734,397,0,0,0,0,0,401,26,2,0.5416666666666666,Normal,0
33,12,1,0,0,8,0.0,0.24242424242424243,0,14,81,1043,397,0,0,0,0,0,302,211,4,6.393939393939394,Cookie Injection,1
81,60,11,0,0,37,0.0,0.4567901234567901,0,12,105,730,397,0,0,0,0,0,200,67,2,0.8271604938271605,Directory Traversal,0
45,24,4,0,0,11,0.0,0.24444444444444444,0,12,107,755,397,0,0,0,0,0,404,207,2,4.6,Normal,0
83,62,13,0,0,40,0.0,0.4819277108433735,0,12,103,731,397,0,0,0,0,0,200,69,2,0.8313253012048193,Directory Traversal,0
42,21,3,0,0,10,0.0,0.23809523809523808,0,12,121,758,397,0,0,0,0,0,200,933,2,22.214285714285715,Normal,0
113,92,2,0,5,32,0.04424778761061947,0.2831858407079646,0,12,102,732,397,0,0,0,0,0,200,20,2,0.17699115044247787,RCE,0
78,20,3,1,3,16,0.038461538461538464,0.20512820512820512,36,12,77,702,397,0,0,0,0,0,401,41,2,0.5256410256410257,Log Forging,0
46,25,4,0,0,12,0.0,0.2608695652173913,0,12,105,742,397,0,0,0,0,0,404,31,2,0.6739130434782609,Normal,0
76,20,3,1,3,16,0.039473684210526314,0.21052631578947367,34,12,100,727,397,0,0,0,0,0,401,41,2,0.5394736842105263,Log Forging,0
46,25,3,0,0,11,0.0,0.2391304347826087,0,12,102,739,397,0,0,0,0,0,200,32,2,0.6956521739130435,Normal,0
113,92,2,0,5,32,0.04424778761061947,0.2831858407079646,0,12,107,744,397,0,0,0,0,0,200,20,2,0.17699115044247787,RCE,0
32,11,2,0,0,9,0.0,0.28125,0,12,99,747,397,0,0,0,0,0,200,20,2,0.625,Normal,0
68,47,8,0,0,25,0.0,0.36764705882352944,0,12,119,765,397,0,0,0,0,0,200,54,2,0.7941176470588235,Directory Traversal,0
113,92,2,0,5,32,0.04424778761061947,0.2831858407079646,0,12,112,758,397,0,0,0,0,0,200,20,2,0.17699115044247787,RCE,0
37,16,3,0,0,10,0.0,0.2702702702702703,0,12,66,714,397,0,0,0,0,0,404,207,2,5.594594594594595,Normal,0
78,20,3,1,3,16,0.038461538461538464,0.20512820512820512,36,12,107,755,397,0,0,0,0,0,401,41,2,0.5256410256410257,Log Forging,0
107,11,2,2,2,20,0.018691588785046728,0.18691588785046728,74,12,105,753,397,0,0,0,0,0,401,26,2,0.24299065420560748,SQL Injection,0
44,23,4,0,0,11,0.0,0.25,0,12,121,751,397,0,0,0,0,0,200,3320,2,75.45454545454545,Normal,0
69,48,7,0,0,25,0.0,0.36231884057971014,0,12,100,728,397,0,0,0,0,0,200,55,2,0.7971014492753623,Directory Traversal,0
48,27,4,0,0,11,0.0,0.22916666666666666,0,12,121,749,397,0,0,0,0,0,404,36,2,0.75,Normal,0
48,27,4,0,0,11,0.0,0.22916666666666666,0,12,121,749,397,0,0,0,0,0,404,36,2,0.75,Normal,0
74,20,3,1,3,16,0.04054054054054054,0.21621621621621623,32,12,81,729,397,0,0,0,0,0,401,41,2,0.5540540540540541,Log Forging,0
42,21,3,0,0,10,0.0,0.23809523809523808,0,12,69,717,397,0,0,0,0,0,200,933,2,22.214285714285715,Normal,0
78,57,4,0,8,21,0.10256410256410256,0.2692307692307692,0,12,68,695,397,0,0,0,0,0,200,50,2,0.6410256410256411,RCE,0
71,50,9,0,0,28,0.0,0.39436619718309857,0,12,72,697,397,0,0,0,0,0,200,57,2,0.8028169014084507,Directory Traversal,0
47,26,4,0,0,11,0.0,0.23404255319148937,0,12,107,744,397,0,0,0,0,0,401,26,2,0.5531914893617021,Normal,0
81,60,11,0,0,37,0.0,0.4567901234567901,0,12,77,716,397,0,0,0,0,0,200,67,2,0.8271604938271605,Directory Traversal,0
22,1,0,0,0,8,0.0,0.36363636363636365,0,12,65,713,397,0,0,0,0,0,200,34,2,1.5454545454545454,Normal,0
33,12,2,0,0,9,0.0,0.2727272727272727,0,12,107,773,436,0,1,2,1,1,200,21,2,0.6363636363636364,LOG4J,0
46,25,4,0,0,12,0.0,0.2608695652173913,0,12,66,705,397,0,0,0,0,0,404,31,2,0.6739130434782609,Normal,0
48,27,4,0,0,11,0.0,0.22916666666666666,0,12,77,725,397,0,0,0,0,0,404,36,2,0.75,Normal,0
45,24,4,0,0,11,0.0,0.24444444444444444,0,12,101,740,397,0,0,0,0,0,404,207,2,4.6,Normal,0
44,23,4,0,0,11,0.0,0.25,0,12,68,696,397,0,0,0,0,0,200,3320,2,75.45454545454545,Normal,0
49,28,4,0,0,12,0.0,0.24489795918367346,0,12,66,799,484,0,1,2,1,1,404,34,2,0.6938775510204082,LOG4J,0
46,25,4,0,0,11,0.0,0.2391304347826087,0,12,107,735,397,0,0,0,0,0,404,207,2,4.5,Normal,0
44,23,4,0,0,11,0.0,0.25,0,12,107,816,397,0,1,2,1,1,200,3320,2,75.45454545454545,LOG4J,0
30,9,2,0,0,9,0.0,0.3,0,12,72,702,397,0,0,0,0,0,308,249,3,8.3,Normal,0
69,48,5,0,0,14,0.0,0.2028985507246377,0,12,77,723,397,0,0,0,0,0,404,207,2,3.0,Normal,0
39,18,2,0,0,10,0.0,0.2564102564102564,0,12,65,695,397,0,0,0,0,0,200,746,2,19.128205128205128,Normal,0
50,29,4,0,0,11,0.0,0.22,0,12,82,728,397,0,0,0,0,0,404,38,2,0.76,Normal,0
77,20,3,1,3,16,0.03896103896103896,0.2077922077922078,35,12,111,739,397,0,0,0,0,0,401,41,2,0.5324675324675324,Log Forging,0
39,18,2,0,0,10,0.0,0.2564102564102564,0,12,77,704,397,0,0,0,0,0,200,3719,2,95.35897435897436,Normal,0
46,25,4,0,0,12,0.0,0.2608695652173913,0,12,66,778,397,0,1,2,1,1,404,31,2,0.6739130434782609,LOG4J,0
33,12,2,0,0,9,0.0,0.2727272727272727,0,12,112,749,397,0,0,0,0,0,200,786,2,23.818181818181817,Normal,0
45,24,4,0,0,11,0.0,0.24444444444444444,0,12,105,820,397,0,1,2,1,1,404,207,2,4.6,LOG4J,0
33,12,1,0,0,8,0.0,0.24242424242424243,0,13,101,1122,397,0,0,0,0,0,200,106,2,3.212121212121212,Cookie Injection,0
46,25,3,0,0,11,0.0,0.2391304347826087,0,12,65,704,397,0,0,0,0,0,200,32,2,0.6956521739130435,Normal,0
31,10,2,0,0,10,0.0,0.3225806451612903,0,12,108,738,397,0,0,0,0,0,200,70,2,2.2580645161290325,Normal,0
37,16,3,0,0,10,0.0,0.2702702702702703,0,12,68,714,397,0,0,0,0,0,404,207,2,5.594594594594595,Normal,0
119,11,2,2,2,20,0.01680672268907563,0.16806722689075632,86,12,68,698,397,0,0,0,0,0,401,26,2,0.2184873949579832,SQL Injection,0
33,12,1,0,0,8,0.0,0.24242424242424243,0,13,108,1127,397,0,0,0,0,0,200,104,2,3.1515151515151514,Cookie Injection,0
39,18,2,0,0,10,0.0,0.2564102564102564,0,12,66,714,397,0,0,0,0,0,200,720,2,18.46153846153846,Normal,0
37,16,3,0,0,10,0.0,0.2702702702702703,0,12,65,711,397,0,0,0,0,0,404,207,2,5.594594594594595,Normal,0
45,24,4,0,0,11,0.0,0.24444444444444444,0,12,107,732,397,0,0,0,0,0,404,207,2,4.6,Normal,0
89,19,3,1,4,21,0.0449438202247191,0.23595505617977527,48,12,77,707,397,0,0,0,0,0,200,307960,2,3460.224719101124,SQL Injection,0
40,19,4,0,0,11,0.0,0.275,0,12,77,702,397,0,0,0,0,0,404,31,2,0.775,Normal,0
44,23,4,0,0,11,0.0,0.25,0,12,108,738,397,0,0,0,0,0,200,3320,2,75.45454545454545,Normal,0
33,12,1,0,0,8,0.0,0.24242424242424243,0,13,77,1083,397,0,0,0,0,0,200,103,2,3.121212121212121,Cookie Injection,0
81,60,11,0,0,37,0.0,0.4567901234567901,0,12,68,693,397,0,0,0,0,0,200,67,2,0.8271604938271605,Directory Traversal,0
74,53,10,0,0,31,0.0,0.4189189189189189,0,12,107,732,397,0,0,0,0,0,200,60,2,0.8108108108108109,Directory Traversal,0
93,19,3,1,4,21,0.043010752688172046,0.22580645161290322,52,12,112,751,397,0,0,0,0,0,200,32,2,0.34408602150537637,SQL Injection,0
69,48,5,0,0,14,0.0,0.2028985507246377,0,12,112,749,397,0,0,0,0,0,404,207,2,3.0,Normal,0
39,18,2,0,0,10,0.0,0.2564102564102564,0,12,107,799,461,0,1,2,1,1,200,213,2,5.461538461538462,LOG4J,0
33,12,2,0,0,9,0.0,0.2727272727272727,0,12,72,709,397,0,0,0,0,0,404,28,2,0.8484848484848485,Normal,0
33,12,1,0,0,8,0.0,0.24242424242424243,0,13,65,1086,397,0,0,0,0,0,200,104,2,3.1515151515151514,Cookie Injection,0
49,28,4,0,0,12,0.0,0.24489795918367346,0,12,108,735,397,0,0,0,0,0,404,34,2,0.6938775510204082,Normal,0
75,20,3,1,3,16,0.04,0.21333333333333335,33,12,72,702,397,0,0,0,0,0,401,41,2,0.5466666666666666,Log Forging,0
33,12,1,0,0,8,0.0,0.24242424242424243,0,14,102,1055,397,0,0,0,0,0,302,211,4,6.393939393939394,Cookie Injection,1
30,9,2,0,0,9,0.0,0.3,0,12,77,702,397,0,0,0,0,0,308,249,3,8.3,Normal,0
39,18,2,0,0,10,0.0,0.2564102564102564,0,12,72,711,397,0,0,0,0,0,200,546,2,14.0,Normal,0
76,20,3,1,3,16,0.039473684210526314,0.21052631578947367,34,12,81,709,397,0,0,0,0,0,401,41,2,0.5394736842105263,Log Forging,0
48,27,4,0,0,11,0.0,0.22916666666666666,0,12,107,753,397,0,0,0,0,0,404,36,2,0.75,Normal,0
33,12,1,0,0,8,0.0,0.24242424242424243,0,13,99,1129,397,0,0,0,0,0,200,106,2,3.212121212121212,Cookie Injection,0
114,11,2,2,2,20,0.017543859649122806,0.17543859649122806,81,12,105,751,397,0,0,0,0,0,401,26,2,0.22807017543859648,SQL Injection,0
46,25,4,0,0,11,0.0,0.2391304347826087,0,12,68,714,397,0,0,0,0,0,404,207,2,4.5,Normal,0
85,20,3,1,4,17,0.047058823529411764,0.2,43,12,65,711,397,0,0,0,0,0,401,41,2,0.4823529411764706,Log Forging,0
39,18,2,0,0,10,0.0,0.2564102564102564,0,12,81,706,397,0,0,0,0,0,200,1619,2,41.51282051282051,Normal,0
74,53,10,0,0,31,0.0,0.4189189189189189,0,12,119,749,397,0,0,0,0,0,200,60,2,0.8108108108108109,Directory Traversal,0
113,11,2,2,2,20,0.017699115044247787,0.17699115044247787,80,12,72,697,397,0,0,0,0,0,401,26,2,0.23008849557522124,SQL Injection,0
74,53,10,0,0,31,0.0,0.4189189189189189,0,12,77,704,397,0,0,0,0,0,200,60,2,0.8108108108108109,Directory Traversal,0
33,12,2,0,0,9,0.0,0.2727272727272727,0,12,102,730,397,0,0,0,0,0,404,28,2,0.8484848484848485,Normal,0
40,19,4,0,0,11,0.0,0.275,0,12,77,714,397,0,0,0,0,0,404,31,2,0.775,Normal,0
33,12,1,0,0,8,0.0,0.24242424242424243,0,14,77,1019,397,0,0,0,0,0,302,211,4,6.393939393939394,Cookie Injection,1
44,23,4,0,0,11,0.0,0.25,0,12,65,713,397,0,0,0,0,0,404,25,2,0.5681818181818182,Normal,0
37,16,3,0,0,10,0.0,0.2702702702702703,0,12,77,725,397,0,0,0,0,0,404,207,2,5.594594594594595,Normal,0
45,24,4,0,0,11,0.0,0.24444444444444444,0,12,100,737,397,0,0,0,0,0,404,207,2,4.6,Normal,0
33,12,1,0,0,8,0.0,0.24242424242424243,0,13,100,1107,397,0,0,0,0,0,200,106,2,3.212121212121212,Cookie Injection,0
33,12,1,0,0,8,0.0,0.24242424242424243,0,13,107,1131,397,0,0,0,0,0,200,103,2,3.121212121212121,Cookie Injection,0
42,21,3,0,0,10,0.0,0.23809523809523808,0,12,66,714,397,0,0,0,0,0,200,933,2,22.214285714285715,Normal,0
40,19,4,0,0,11,0.0,0.275,0,12,72,699,397,0,0,0,0,0,404,31,2,0.775,Normal,0
46,25,4,0,0,11,0.0,0.2391304347826087,0,12,77,723,397,0,0,0,0,0,404,207,2,4.5,Normal,0
78,57,4,0,8,21,0.10256410256410256,0.2692307692307692,0,12,72,720,397,0,0,0,0,0,200,50,2,0.6410256410256411,RCE,0
37,16,3,0,0,10,0.0,0.2702702702702703,0,12,72,720,397,0,0,0,0,0,404,207,2,5.594594594594595,Normal,0
69,48,5,0,0,14,0.0,0.2028985507246377,0,12,76,701,397,0,0,0,0,0,404,207,2,3.0,Normal,0
113,92,2,0,5,32,0.04424778761061947,0.2831858407079646,0,12,65,713,397,0,0,0,0,0,200,20,2,0.17699115044247787,RCE,0
39,18,2,0,0,10,0.0,0.2564102564102564,0,12,121,758,397,0,0,0,0,0,200,1586,2,40.666666666666664,Normal,0
22,1,0,0,0,8,0.0,0.36363636363636365,0,12,111,736,397,0,0,0,0,0,200,34,2,1.5454545454545454,Normal,0
109,88,2,0,4,35,0.03669724770642202,0.3211009174311927,0,12,121,749,397,0,0,0,0,0,200,48,2,0.44036697247706424,RCE,0
33,12,1,0,0,8,0.0,0.24242424242424243,0,13,72,1108,397,0,0,0,0,0,200,110,2,3.3333333333333335,Cookie Injection,0
46,25,4,0,0,11,0.0,0.2391304347826087,0,12,77,723,397,0,0,0,0,0,404,207,2,4.5,Normal,0
37,16,3,0,0,10,0.0,0.2702702702702703,0,12,77,714,397,0,0,0,0,0,404,207,2,5.594594594594595,Normal,0
113,92,2,0,5,32,0.04424778761061947,0.2831858407079646,0,12,68,716,397,0,0,0,0,0,200,20,2,0.17699115044247787,RCE,0
44,23,4,0,0,11,0.0,0.25,0,12,103,751,397,0,0,0,0,0,200,3320,2,75.45454545454545,Normal,0
49,28,4,0,0,12,0.0,0.24489795918367346,0,12,72,702,397,0,0,0,0,0,404,34,2,0.6938775510204082,Normal,0
33,12,2,0,0,9,0.0,0.2727272727272727,0,12,103,783,449,0,1,2,1,1,404,28,2,0.8484848484848485,LOG4J,0
68,47,8,0,0,25,0.0,0.36764705882352944,0,12,108,733,397,0,0,0,0,0,200,54,2,0.7941176470588235,Directory Traversal,0
33,12,2,0,0,9,0.0,0.2727272727272727,0,12,72,702,397,0,0,0,0,0,200,786,2,23.818181818181817,Normal,0
44,23,4,0,0,11,0.0,0.25,0,12,119,747,397,0,0,0,0,0,200,3320,2,75.45454545454545,Normal,0
78,20,3,1,3,16,0.038461538461538464,0.20512820512820512,36,12,112,760,397,0,0,0,0,0,401,41,2,0.5256410256410257,Log Forging,0
75,20,3,1,3,16,0.04,0.21333333333333335,33,12,72,700,397,0,0,0,0,0,401,41,2,0.5466666666666666,Log Forging,0
30,9,2,0,0,9,0.0,0.3,0,12,101,826,497,0,1,2,1,1,308,249,3,8.3,LOG4J,0
37,16,3,0,0,10,0.0,0.2702702702702703,0,12,81,727,397,0,0,0,0,0,404,207,2,5.594594594594595,Normal,0
84,20,3,1,3,16,0.03571428571428571,0.19047619047619047,42,12,119,758,397,0,0,0,0,0,401,41,2,0.4880952380952381,Log Forging,0
78,20,3,1,3,16,0.038461538461538464,0.20512820512820512,36,12,106,734,397,0,0,0,0,0,401,41,2,0.5256410256410257,Log Forging,0
22,1,0,0,0,8,0.0,0.36363636363636365,0,12,101,738,397,0,0,0,0,0,200,34,2,1.5454545454545454,Normal,0
33,12,1,0,0,8,0.0,0.24242424242424243,0,14,81,1023,397,0,0,0,0,0,302,211,4,6.393939393939394,Cookie Injection,1
45,24,4,0,0,11,0.0,0.24444444444444444,0,12,121,760,397,0,0,0,0,0,404,207,2,4.6,Normal,0
42,21,3,0,0,10,0.0,0.23809523809523808,0,12,76,701,397,0,0,0,0,0,200,933,2,22.214285714285715,Normal,0
48,27,4,0,0,11,0.0,0.22916666666666666,0,12,112,751,397,0,0,0,0,0,404,36,2,0.75,Normal,0
22,1,0,0,0,8,0.0,0.36363636363636365,0,12,107,737,397,0,0,0,0,0,200,34,2,1.5454545454545454,Normal,0
22,1,0,0,0,8,0.0,0.36363636363636365,0,12,68,693,397,0,0,0,0,0,200,34,2,1.5454545454545454,Normal,0
39,18,2,0,0,10,0.0,0.2564102564102564,0,12,100,727,397,0,0,0,0,0,200,2734,2,70.1025641025641,Normal,0
69,48,5,0,0,14,0.0,0.2028985507246377,0,12,102,729,397,0,0,0,0,0,404,207,2,3.0,Normal,0
33,12,1,0,0,8,0.0,0.24242424242424243,0,14,100,1060,397,0,0,0,0,0,302,211,4,6.393939393939394,Cookie Injection,1
33,12,1,0,0,8,0.0,0.24242424242424243,0,14,76,1036,397,0,0,0,0,0,302,211,4,6.393939393939394,Cookie Injection,1
33,12,1,0,0,8,0.0,0.24242424242424243,0,14,72,1034,397,0,0,0,0,0,302,211,4,6.393939393939394,Cookie Injection,1
109,88,2,0,4,35,0.03669724770642202,0.3211009174311927,0,12,100,737,397,0,0,0,0,0,200,48,2,0.44036697247706424,RCE,0
39,18,2,0,0,10,0.0,0.2564102564102564,0,12,72,743,438,0,1,2,1,1,200,2721,2,69.76923076923077,LOG4J,0
33,12,1,0,0,8,0.0,0.24242424242424243,0,14,81,1041,397,0,0,0,0,0,302,211,4,6.393939393939394,Cookie Injection,1
47,26,4,0,0,11,0.0,0.23404255319148937,0,12,108,735,397,0,0,0,0,0,401,26,2,0.5531914893617021,Normal,0
22,1,0,0,0,8,0.0,0.36363636363636365,0,12,107,735,397,0,0,0,0,0,200,34,2,1.5454545454545454,Normal,0
37,16,3,0,0,10,0.0,0.2702702702702703,0,12,107,753,397,0,0,0,0,0,404,207,2,5.594594594594595,Normal,0
46,25,4,0,0,12,0.0,0.2608695652173913,0,12,81,727,397,0,0,0,0,0,404,31,2,0.6739130434782609,Normal,0
81,20,3,1,3,16,0.037037037037037035,0.19753086419753085,39,12,101,729,397,0,0,0,0,0,401,41,2,0.5061728395061729,Log Forging,0
104,11,2,2,2,20,0.019230769230769232,0.19230769230769232,71,12,101,726,397,0,0,0,0,0,401,26,2,0.25,SQL Injection,0
48,27,4,0,0,11,0.0,0.22916666666666666,0,12,65,693,397,0,0,0,0,0,404,36,2,0.75,Normal,0
32,11,2,0,0,9,0.0,0.28125,0,12,65,692,397,0,0,0,0,0,200,20,2,0.625,Normal,0
33,12,1,0,0,8,0.0,0.24242424242424243,0,14,77,1019,397,0,0,0,0,0,302,211,4,6.393939393939394,Cookie Injection,1
112,11,2,2,2,20,0.017857142857142856,0.17857142857142858,79,12,69,699,397,0,0,0,0,0,401,26,2,0.23214285714285715,SQL Injection,0
33,12,1,0,0,8,0.0,0.24242424242424243,0,14,82,1024,397,0,0,0,0,0,302,211,4,6.393939393939394,Cookie Injection,1
113,92,2,0,5,32,0.04424778761061947,0.2831858407079646,0,12,77,725,397,0,0,0,0,0,200,20,2,0.17699115044247787,RCE,0
106,11,2,2,2,20,0.018867924528301886,0.18867924528301888,73,12,69,699,397,0,0,0,0,0,401,26,2,0.24528301886792453,SQL Injection,0
22,1,0,0,0,8,0.0,0.36363636363636365,0,12,106,743,397,0,0,0,0,0,200,34,2,1.5454545454545454,Normal,0
109,88,2,0,4,35,0.03669724770642202,0.3211009174311927,0,12,69,696,397,0,0,0,0,0,200,48,2,0.44036697247706424,RCE,0
32,11,2,0,0,9,0.0,0.28125,0,12,72,795,492,0,1,2,1,1,200,20,2,0.625,LOG4J,0
33,12,1,0,0,8,0.0,0.24242424242424243,0,14,65,1009,397,0,0,0,0,0,302,211,4,6.393939393939394,Cookie Injection,1
46,25,4,0,0,12,0.0,0.2608695652173913,0,12,68,791,397,0,1,2,1,1,404,31,2,0.6739130434782609,LOG4J,0
107,11,2,2,2,20,0.018691588785046728,0.18691588785046728,74,12,69,699,397,0,0,0,0,0,401,26,2,0.24299065420560748,SQL Injection,0
33,12,2,0,0,9,0.0,0.2727272727272727,0,12,101,728,397,0,0,0,0,0,200,2721,2,82.45454545454545,Normal,0
47,26,4,0,0,11,0.0,0.23404255319148937,0,12,68,693,397,0,0,0,0,0,401,26,2,0.5531914893617021,Normal,0
31,10,2,0,0,10,0.0,0.3225806451612903,0,12,68,696,397,0,0,0,0,0,200,70,2,2.2580645161290325,Normal,0
40,19,4,0,0,11,0.0,0.275,0,12,105,733,397,0,0,0,0,0,404,31,2,0.775,Normal,0
37,16,3,0,0,10,0.0,0.2702702702702703,0,12,99,727,397,0,0,0,0,0,404,207,2,5.594594594594595,Normal,0
109,88,2,0,4,35,0.03669724770642202,0.3211009174311927,0,12,103,730,397,0,0,0,0,0,200,48,2,0.44036697247706424,RCE,0
30,9,2,0,0,9,0.0,0.3,0,12,65,693,397,0,0,0,0,0,308,249,3,8.3,Normal,0
109,88,2,0,4,35,0.03669724770642202,0.3211009174311927,0,12,119,758,397,0,0,0,0,0,200,48,2,0.44036697247706424,RCE,0
46,25,4,0,0,12,0.0,0.2608695652173913,0,12,119,747,397,0,0,0,0,0,404,31,2,0.6739130434782609,Normal,0
33,12,1,0,0,8,0.0,0.24242424242424243,0,13,77,1105,397,0,0,0,0,0,200,104,2,3.1515151515151514,Cookie Injection,0
92,19,3,1,4,21,0.043478260869565216,0.22826086956521738,51,12,72,700,397,0,0,0,0,0,200,198,2,2.152173913043478,SQL Injection,0
83,62,13,0,0,40,0.0,0.4819277108433735,0,12,100,748,397,0,0,0,0,0,200,69,2,0.8313253012048193,Directory Traversal,0
33,12,1,0,0,8,0.0,0.24242424242424243,0,14,108,1068,397,0,0,0,0,0,302,211,4,6.393939393939394,Cookie Injection,1
93,19,3,1,4,21,0.043010752688172046,0.22580645161290322,52,12,100,730,397,0,0,0,0,0,200,32,2,0.34408602150537637,SQL Injection,0
47,26,4,0,0,11,0.0,0.23404255319148937,0,12,107,753,397,0,0,0,0,0,401,26,2,0.5531914893617021,Normal,0
50,29,4,0,0,11,0.0,0.22,0,12,107,744,397,0,0,0,0,0,404,38,2,0.76,Normal,0
48,27,4,0,0,11,0.0,0.22916666666666666,0,12,107,755,397,0,0,0,0,0,404,36,2,0.75,Normal,0
33,12,1,0,0,8,0.0,0.24242424242424243,0,13,121,1149,397,0,0,0,0,0,200,105,2,3.1818181818181817,Cookie Injection,0
42,21,3,0,0,10,0.0,0.23809523809523808,0,12,66,696,397,0,0,0,0,0,200,933,2,22.214285714285715,Normal,0
30,9,2,0,0,9,0.0,0.3,0,12,112,758,397,0,0,0,0,0,308,249,3,8.3,Normal,0
46,25,4,0,0,11,0.0,0.2391304347826087,0,12,112,739,397,0,0,0,0,0,404,207,2,4.5,Normal,0
78,57,10,0,0,34,0.0,0.4358974358974359,0,12,107,732,397,0,0,0,0,0,200,64,2,0.8205128205128205,Directory Traversal,0
77,20,3,1,3,16,0.03896103896103896,0.2077922077922078,35,12,100,739,397,0,0,0,0,0,401,41,2,0.5324675324675324,Log Forging,0
33,12,2,0,0,9,0.0,0.2727272727272727,0,12,100,746,397,0,0,0,0,0,404,28,2,0.8484848484848485,Normal,0
33,12,1,0,0,8,0.0,0.24242424242424243,0,13,69,1076,397,0,0,0,0,0,200,104,2,3.1515151515151514,Cookie Injection,0
46,25,4,0,0,11,0.0,0.2391304347826087,0,12,107,753,397,0,0,0,0,0,404,207,2,4.5,Normal,0
46,25,3,0,0,11,0.0,0.2391304347826087,0,12,65,695,397,0,0,0,0,0,200,32,2,0.6956521739130435,Normal,0
40,19,4,0,0,11,0.0,0.275,0,12,100,746,397,0,0,0,0,0,404,31,2,0.775,Normal,0
80,59,12,0,0,37,0.0,0.4625,0,12,76,722,397,0,0,0,0,0,200,66,2,0.825,Directory Traversal,0
50,29,4,0,0,11,0.0,0.22,0,12,107,737,397,0,0,0,0,0,404,38,2,0.76,Normal,0
33,12,1,0,0,8,0.0,0.24242424242424243,0,14,107,1051,397,0,0,0,0,0,302,211,4,6.393939393939394,Cookie Injection,1
42,21,3,0,0,10,0.0,0.23809523809523808,0,12,72,809,397,0,1,2,1,1,200,933,2,22.214285714285715,LOG4J,0
33,12,2,0,0,9,0.0,0.2727272727272727,0,12,107,744,397,0,0,0,0,0,200,940,2,28.484848484848484,Normal,0
69,48,7,0,0,25,0.0,0.36231884057971014,0,12,76,715,397,0,0,0,0,0,200,55,2,0.7971014492753623,Directory Traversal,0
39,18,2,0,0,10,0.0,0.2564102564102564,0,12,107,755,397,0,0,0,0,0,200,376,2,9.64102564102564,Normal,0
45,24,4,0,0,11,0.0,0.24444444444444444,0,12,107,765,430,0,1,2,1,1,404,25,2,0.5555555555555556,LOG4J,0
109,88,2,0,4,35,0.03669724770642202,0.3211009174311927,0,12,106,752,397,0,0,0,0,0,200,48,2,0.44036697247706424,RCE,0
33,12,1,0,0,8,0.0,0.24242424242424243,0,13,65,1077,397,0,0,0,0,0,200,105,2,3.1818181818181817,Cookie Injection,0
48,27,4,0,0,11,0.0,0.22916666666666666,0,12,65,713,397,0,0,0,0,0,404,36,2,0.75,Normal,0
30,9,2,0,0,9,0.0,0.3,0,12,112,749,397,0,0,0,0,0,308,249,3,8.3,Normal,0
42,21,3,0,0,10,0.0,0.23809523809523808,0,12,99,736,397,0,0,0,0,0,200,933,2,22.214285714285715,Normal,0
109,88,2,0,4,35,0.03669724770642202,0.3211009174311927,0,12,107,755,397,0,0,0,0,0,200,48,2,0.44036697247706424,RCE,0
33,12,2,0,0,9,0.0,0.2727272727272727,0,12,103,749,397,0,0,0,0,0,404,28,2,0.8484848484848485,Normal,0
46,25,4,0,0,12,0.0,0.2608695652173913,0,12,103,730,397,0,0,0,0,0,404,31,2,0.6739130434782609,Normal,0
22,1,0,0,0,8,0.0,0.36363636363636365,0,12,68,693,397,0,0,0,0,0,200,34,2,1.5454545454545454,Normal,0
33,12,1,0,0,8,0.0,0.24242424242424243,0,13,65,1095,397,0,0,0,0,0,200,104,2,3.1515151515151514,Cookie Injection,0
48,27,4,0,0,11,0.0,0.22916666666666666,0,12,69,694,397,0,0,0,0,0,404,36,2,0.75,Normal,0
39,18,2,0,0,10,0.0,0.2564102564102564,0,12,100,846,495,0,1,2,1,1,200,447,2,11.461538461538462,LOG4J,0
44,23,4,0,0,11,0.0,0.25,0,12,107,746,397,0,0,0,0,0,404,25,2,0.5681818181818182,Normal,0
40,19,4,0,0,11,0.0,0.275,0,12,76,703,397,0,0,0,0,0,404,31,2,0.775,Normal,0
31,10,2,0,0,10,0.0,0.3225806451612903,0,12,108,793,397,0,1,2,1,1,200,70,2,2.2580645161290325,LOG4J,0
78,57,4,0,8,21,0.10256410256410256,0.2692307692307692,0,12,76,713,397,0,0,0,0,0,200,50,2,0.6410256410256411,RCE,0
77,20,3,1,3,16,0.03896103896103896,0.2077922077922078,35,12,77,705,397,0,0,0,0,0,401,41,2,0.5324675324675324,Log Forging,0
33,12,1,0,0,8,0.0,0.24242424242424243,0,13,107,1135,397,0,0,0,0,0,200,104,2,3.1515151515151514,Cookie Injection,0
71,50,9,0,0,28,0.0,0.39436619718309857,0,12,112,739,397,0,0,0,0,0,200,57,2,0.8028169014084507,Directory Traversal,0
45,24,4,0,0,11,0.0,0.24444444444444444,0,12,107,734,397,0,0,0,0,0,404,207,2,4.6,Normal,0
33,12,1,0,0,8,0.0,0.24242424242424243,0,14,66,1019,397,0,0,0,0,0,302,211,4,6.393939393939394,Cookie Injection,1
39,18,2,0,0,10,0.0,0.2564102564102564,0,12,101,731,397,0,0,0,0,0,200,1053,2,27.0,Normal,0
112,11,2,2,2,20,0.017857142857142856,0.17857142857142858,79,12,99,738,397,0,0,0,0,0,401,26,2,0.23214285714285715,SQL Injection,0
109,88,2,0,4,35,0.03669724770642202,0.3211009174311927,0,12,66,712,397,0,0,0,0,0,200,48,2,0.44036697247706424,RCE,0
113,92,2,0,5,32,0.04424778761061947,0.2831858407079646,0,12,66,712,397,0,0,0,0,0,200,20,2,0.17699115044247787,RCE,0
109,88,2,0,4,35,0.03669724770642202,0.3211009174311927,0,12,77,723,397,0,0,0,0,0,200,48,2,0.44036697247706424,RCE,0
31,10,2,0,0,10,0.0,0.3225806451612903,0,12,100,746,397,0,0,0,0,0,200,70,2,2.2580645161290325,Normal,0
33,12,1,0,0,8,0.0,0.24242424242424243,0,13,100,1128,397,0,0,0,0,0,200,105,2,3.1818181818181817,Cookie Injection,0
50,29,4,0,0,11,0.0,0.22,0,12,65,755,397,0,1,2,1,1,404,38,2,0.76,LOG4J,0
49,28,4,0,0,12,0.0,0.24489795918367346,0,12,65,690,397,0,0,0,0,0,404,34,2,0.6938775510204082,Normal,0
113,11,2,2,2,20,0.017699115044247787,0.17699115044247787,80,12,101,747,397,0,0,0,0,0,401,26,2,0.23008849557522124,SQL Injection,0
33,12,2,0,0,9,0.0,0.2727272727272727,0,12,72,720,397,0,0,0,0,0,200,21,2,0.6363636363636364,Normal,0
33,12,1,0,0,8,0.0,0.24242424242424243,0,13,82,1090,397,0,0,0,0,0,200,103,2,3.121212121212121,Cookie Injection,0
113,92,2,0,5,32,0.04424778761061947,0.2831858407079646,0,12,103,742,397,0,0,0,0,0,200,20,2,0.17699115044247787,RCE,0
113,92,2,0,5,32,0.04424778761061947,0.2831858407079646,0,12,103,749,397,0,0,0,0,0,200,20,2,0.17699115044247787,RCE,0
68,47,8,0,0,25,0.0,0.36764705882352944,0,12,100,737,397,0,0,0,0,0,200,54,2,0.7941176470588235,Directory Traversal,0
48,27,4,0,0,11,0.0,0.22916666666666666,0,12,65,713,397,0,0,0,0,0,404,36,2,0.75,Normal,0
39,18,2,0,0,10,0.0,0.2564102564102564,0,12,107,779,423,0,1,2,1,1,200,413,2,10.58974358974359,LOG4J,0
30,9,2,0,0,9,0.0,0.3,0,12,107,732,397,0,0,0,0,0,308,249,3,8.3,Normal,0
117,11,2,2,2,20,0.017094017094017096,0.17094017094017094,84,12,68,705,397,0,0,0,0,0,401,26,2,0.2222222222222222,SQL Injection,0
89,19,3,1,4,21,0.0449438202247191,0.23595505617977527,48,12,77,723,397,0,0,0,0,0,200,307960,2,3460.224719101124,SQL Injection,0
110,11,2,2,2,20,0.01818181818181818,0.18181818181818182,77,12,100,730,397,0,0,0,0,0,401,26,2,0.23636363636363636,SQL Injection,0
106,11,2,2,2,20,0.018867924528301886,0.18867924528301888,73,12,103,751,397,0,0,0,0,0,401,26,2,0.24528301886792453,SQL Injection,0
104,11,2,2,2,20,0.019230769230769232,0.19230769230769232,71,12,107,744,397,0,0,0,0,0,401,26,2,0.25,SQL Injection,0
44,23,4,0,0,11,0.0,0.25,0,12,81,729,397,0,0,0,0,0,404,25,2,0.5681818181818182,Normal,0
33,12,1,0,0,8,0.0,0.24242424242424243,0,14,77,1030,397,0,0,0,0,0,302,211,4,6.393939393939394,Cookie Injection,1
40,19,4,0,0,11,0.0,0.275,0,12,82,707,397,0,0,0,0,0,404,31,2,0.775,Normal,0
44,23,4,0,0,11,0.0,0.25,0,12,65,693,397,0,0,0,0,0,404,25,2,0.5681818181818182,Normal,0
33,12,1,0,0,8,0.0,0.24242424242424243,0,13,121,1142,397,0,0,0,0,0,200,104,2,3.1515151515151514,Cookie Injection,0
46,25,3,0,0,11,0.0,0.2391304347826087,0,12,68,707,397,0,0,0,0,0,200,32,2,0.6956521739130435,Normal,0
42,21,3,0,0,10,0.0,0.23809523809523808,0,12,99,727,397,0,0,0,0,0,200,933,2,22.214285714285715,Normal,0
78,57,4,0,8,21,0.10256410256410256,0.2692307692307692,0,12,107,734,397,0,0,0,0,0,200,50,2,0.6410256410256411,RCE,0
44,23,4,0,0,11,0.0,0.25,0,12,108,735,397,0,0,0,0,0,404,25,2,0.5681818181818182,Normal,0
33,12,1,0,0,8,0.0,0.24242424242424243,0,13,101,1110,397,0,0,0,0,0,200,106,2,3.212121212121212,Cookie Injection,0
74,53,10,0,0,31,0.0,0.4189189189189189,0,12,107,753,397,0,0,0,0,0,200,60,2,0.8108108108108109,Directory Traversal,0
33,12,2,0,0,9,0.0,0.2727272727272727,0,12,99,738,397,0,0,0,0,0,404,28,2,0.8484848484848485,Normal,0
45,24,4,0,0,11,0.0,0.24444444444444444,0,12,68,698,397,0,0,0,0,0,404,207,2,4.6,Normal,0
44,23,4,0,0,11,0.0,0.25,0,12,111,759,397,0,0,0,0,0,200,3320,2,75.45454545454545,Normal,0
106,11,2,2,2,20,0.018867924528301886,0.18867924528301888,73,12,119,744,397,0,0,0,0,0,401,26,2,0.24528301886792453,SQL Injection,0
33,12,1,0,0,8,0.0,0.24242424242424243,0,14,77,1021,397,0,0,0,0,0,302,211,4,6.393939393939394,Cookie Injection,1
101,11,2,2,2,20,0.019801980198019802,0.19801980198019803,68,12,66,694,397,0,0,0,0,0,401,26,2,0.25742574257425743,SQL Injection,0
78,57,4,0,8,21,0.10256410256410256,0.2692307692307692,0,12,105,744,397,0,0,0,0,0,200,50,2,0.6410256410256411,RCE,0
31,10,2,0,0,10,0.0,0.3225806451612903,0,12,72,699,397,0,0,0,0,0,200,70,2,2.2580645161290325,Normal,0
102,11,2,2,2,20,0.0196078431372549,0.19607843137254902,69,12,102,739,397,0,0,0,0,0,401,26,2,0.2549019607843137,SQL Injection,0
22,1,0,0,0,8,0.0,0.36363636363636365,0,12,99,747,397,0,0,0,0,0,200,34,2,1.5454545454545454,Normal,0
48,27,4,0,0,11,0.0,0.22916666666666666,0,12,65,695,397,0,0,0,0,0,404,36,2,0.75,Normal,0
50,29,4,0,0,11,0.0,0.22,0,12,76,703,397,0,0,0,0,0,404,38,2,0.76,Normal,0
91,19,3,1,4,21,0.04395604395604396,0.23076923076923078,50,12,69,708,397,0,0,0,0,0,200,24,2,0.26373626373626374,SQL Injection,0
71,50,9,0,0,28,0.0,0.39436619718309857,0,12,107,732,397,0,0,0,0,0,200,57,2,0.8028169014084507,Directory Traversal,0
33,12,1,0,0,8,0.0,0.24242424242424243,0,13,100,1130,397,0,0,0,0,0,200,105,2,3.1818181818181817,Cookie Injection,0
78,57,4,0,8,21,0.10256410256410256,0.2692307692307692,0,12,107,755,397,0,0,0,0,0,200,50,2,0.6410256410256411,RCE,0
33,12,2,0,0,9,0.0,0.2727272727272727,0,12,107,737,397,0,0,0,0,0,200,213,2,6.454545454545454,Normal,0
31,10,2,0,0,10,0.0,0.3225806451612903,0,12,107,744,397,0,0,0,0,0,200,70,2,2.2580645161290325,Normal,0
75,54,9,0,0,31,0.0,0.41333333333333333,0,12,72,711,397,0,0,0,0,0,200,61,2,0.8133333333333334,Directory Traversal,0
78,57,4,0,8,21,0.10256410256410256,0.2692307692307692,0,12,76,722,397,0,0,0,0,0,200,50,2,0.6410256410256411,RCE,0
77,20,3,1,3,16,0.03896103896103896,0.2077922077922078,35,12,103,742,397,0,0,0,0,0,401,41,2,0.5324675324675324,Log Forging,0
33,12,2,0,0,9,0.0,0.2727272727272727,0,12,82,707,397,0,0,0,0,0,200,1449,2,43.90909090909091,Normal,0
80,20,3,1,3,16,0.0375,0.2,38,12,103,742,397,0,0,0,0,0,401,41,2,0.5125,Log Forging,0
33,12,1,0,0,8,0.0,0.24242424242424243,0,14,107,1075,397,0,0,0,0,0,302,211,4,6.393939393939394,Cookie Injection,1
46,25,4,0,0,12,0.0,0.2608695652173913,0,12,108,738,397,0,0,0,0,0,404,31,2,0.6739130434782609,Normal,0
44,23,4,0,0,11,0.0,0.25,0,12,107,734,397,0,0,0,0,0,404,25,2,0.5681818181818182,Normal,0
44,23,4,0,0,11,0.0,0.25,0,12,65,711,397,0,0,0,0,0,200,3320,2,75.45454545454545,Normal,0
84,63,12,0,0,40,0.0,0.47619047619047616,0,12,65,690,397,0,0,0,0,0,200,70,2,0.8333333333333334,Directory Traversal,0
22,1,0,0,0,8,0.0,0.36363636363636365,0,12,106,734,397,0,0,0,0,0,200,34,2,1.5454545454545454,Normal,0
47,26,4,0,0,11,0.0,0.23404255319148937,0,12,107,746,397,0,0,0,0,0,401,26,2,0.5531914893617021,Normal,0
77,56,11,0,0,34,0.0,0.44155844155844154,0,12,69,699,397,0,0,0,0,0,200,63,2,0.8181818181818182,Directory Traversal,0
74,20,3,1,3,16,0.04054054054054054,0.21621621621621623,32,12,107,746,397,0,0,0,0,0,401,41,2,0.5540540540540541,Log Forging,0
47,26,4,0,0,11,0.0,0.23404255319148937,0,12,65,702,397,0,0,0,0,0,401,26,2,0.5531914893617021,Normal,0
32,11,2,0,0,9,0.0,0.28125,0,12,82,730,397,0,0,0,0,0,200,20,2,0.625,Normal,0
89,19,3,1,4,21,0.0449438202247191,0.23595505617977527,48,12,65,713,397,0,0,0,0,0,200,307960,2,3460.224719101124,SQL Injection,0
92,19,3,1,4,22,0.043478260869565216,0.2391304347826087,51,12,65,690,397,0,0,0,0,0,200,204,2,2.217391304347826,SQL Injection,0
46,25,4,0,0,12,0.0,0.2608695652173913,0,12,108,745,397,0,0,0,0,0,404,31,2,0.6739130434782609,Normal,0
33,12,2,0,0,9,0.0,0.2727272727272727,0,12,66,783,397,0,1,2,1,1,200,385,2,11.666666666666666,LOG4J,0
42,21,3,0,0,10,0.0,0.23809523809523808,0,12,72,711,397,0,0,0,0,0,200,933,2,22.214285714285715,Normal,0
47,26,4,0,0,11,0.0,0.23404255319148937,0,12,65,702,397,0,0,0,0,0,401,26,2,0.5531914893617021,Normal,0
30,9,2,0,0,9,0.0,0.3,0,12,107,755,397,0,0,0,0,0,308,249,3,8.3,Normal,0
107,11,2,2,2,20,0.018691588785046728,0.18691588785046728,74,12,77,705,397,0,0,0,0,0,401,26,2,0.24299065420560748,SQL Injection,0
46,25,4,0,0,11,0.0,0.2391304347826087,0,12,65,690,397,0,0,0,0,0,404,207,2,4.5,Normal,0
39,18,2,0,0,10,0.0,0.2564102564102564,0,12,111,741,397,0,0,0,0,0,200,904,2,23.17948717948718,Normal,0
44,23,4,0,0,11,0.0,0.25,0,12,108,736,397,0,0,0,0,0,404,25,2,0.5681818181818182,Normal,0
113,92,2,0,5,32,0.04424778761061947,0.2831858407079646,0,12,105,753,397,0,0,0,0,0,200,20,2,0.17699115044247787,RCE,0
46,25,4,0,0,12,0.0,0.2608695652173913,0,12,65,837,532,0,1,2,1,1,404,31,2,0.6739130434782609,LOG4J,0
77,56,11,0,0,34,0.0,0.44155844155844154,0,12,77,705,397,0,0,0,0,0,200,63,2,0.8181818181818182,Directory Traversal,0
93,19,3,1,4,21,0.043010752688172046,0.22580645161290322,52,12,65,702,397,0,0,0,0,0,200,32,2,0.34408602150537637,SQL Injection,0
69,48,5,0,0,14,0.0,0.2028985507246377,0,12,72,697,397,0,0,0,0,0,404,207,2,3.0,Normal,0
33,12,2,0,0,9,0.0,0.2727272727272727,0,12,68,714,397,0,0,0,0,0,404,28,2,0.8484848484848485,Normal,0
44,23,4,0,0,11,0.0,0.25,0,12,77,705,397,0,0,0,0,0,200,3320,2,75.45454545454545,Normal,0
77,20,3,1,3,16,0.03896103896103896,0.2077922077922078,35,12,65,690,397,0,0,0,0,0,401,41,2,0.5324675324675324,Log Forging,0
106,11,2,2,2,20,0.018867924528301886,0.18867924528301888,73,12,82,730,397,0,0,0,0,0,401,26,2,0.24528301886792453,SQL Injection,0
70,49,5,0,0,14,0.0,0.2,0,12,107,734,397,0,0,0,0,0,404,207,2,2.9571428571428573,Normal,0
38,17,3,0,0,10,0.0,0.2631578947368421,0,12,66,694,397,0,0,0,0,0,404,207,2,5.447368421052632,Normal,0
33,12,2,0,0,9,0.0,0.2727272727272727,0,12,107,732,397,0,0,0,0,0,200,3719,2,112.6969696969697,Normal,0
48,27,4,0,0,11,0.0,0.22916666666666666,0,12,100,730,397,0,0,0,0,0,404,36,2,0.75,Normal,0
79,20,3,1,3,16,0.0379746835443038,0.20253164556962025,37,12,65,695,397,0,0,0,0,0,401,41,2,0.5189873417721519,Log Forging,0
42,21,3,0,0,10,0.0,0.23809523809523808,0,12,77,723,397,0,0,0,0,0,200,933,2,22.214285714285715,Normal,0
33,12,1,0,0,8,0.0,0.24242424242424243,0,13,99,1129,397,0,0,0,0,0,200,104,2,3.1515151515151514,Cookie Injection,0
31,10,2,0,0,10,0.0,0.3225806451612903,0,12,99,729,397,0,0,0,0,0,200,70,2,2.2580645161290325,Normal,0
49,28,4,0,0,12,0.0,0.24489795918367346,0,12,105,732,397,0,0,0,0,0,404,34,2,0.6938775510204082,Normal,0
30,9,2,0,0,9,0.0,0.3,0,12,82,719,397,0,0,0,0,0,308,249,3,8.3,Normal,0
106,11,2,2,2,20,0.018867924528301886,0.18867924528301888,73,12,107,753,397,0,0,0,0,0,401,26,2,0.24528301886792453,SQL Injection,0
42,21,3,0,0,10,0.0,0.23809523809523808,0,12,66,696,397,0,0,0,0,0,200,933,2,22.214285714285715,Normal,0
71,50,9,0,0,28,0.0,0.39436619718309857,0,12,65,711,397,0,0,0,0,0,200,57,2,0.8028169014084507,Directory Traversal,0
22,1,0,0,0,8,0.0,0.36363636363636365,0,12,108,745,397,0,0,0,0,0,200,34,2,1.5454545454545454,Normal,0
113,92,2,0,5,32,0.04424778761061947,0.2831858407079646,0,12,105,753,397,0,0,0,0,0,200,20,2,0.17699115044247787,RCE,0
33,12,2,0,0,9,0.0,0.2727272727272727,0,12,102,741,397,0,0,0,0,0,200,1107,2,33.54545454545455,Normal,0
33,12,2,0,0,9,0.0,0.2727272727272727,0,12,103,731,397,0,0,0,0,0,200,2089,2,63.303030303030305,Normal,0
80,20,3,1,3,16,0.0375,0.2,38,12,106,733,397,0,0,0,0,0,401,41,2,0.5125,Log Forging,0
80,20,3,1,3,16,0.0375,0.2,38,12,77,705,397,0,0,0,0,0,401,41,2,0.5125,Log Forging,0
33,12,2,0,0,9,0.0,0.2727272727272727,0,12,107,746,397,0,0,0,0,0,404,28,2,0.8484848484848485,Normal,0
49,28,4,0,0,12,0.0,0.24489795918367346,0,12,66,693,397,0,0,0,0,0,404,34,2,0.6938775510204082,Normal,0
50,29,4,0,0,11,0.0,0.22,0,12,81,729,397,0,0,0,0,0,404,38,2,0.76,Normal,0
44,23,4,0,0,11,0.0,0.25,0,12,102,732,397,0,0,0,0,0,200,3320,2,75.45454545454545,Normal,0
48,27,4,0,0,11,0.0,0.22916666666666666,0,12,65,702,397,0,0,0,0,0,404,36,2,0.75,Normal,0
107,11,2,2,2,20,0.018691588785046728,0.18691588785046728,74,12,106,733,397,0,0,0,0,0,401,26,2,0.24299065420560748,SQL Injection,0
92,19,3,1,4,21,0.043478260869565216,0.22826086956521738,51,12,69,697,397,0,0,0,0,0,200,198,2,2.152173913043478,SQL Injection,0
46,25,4,0,0,11,0.0,0.2391304347826087,0,12,112,751,397,0,0,0,0,0,404,207,2,4.5,Normal,0
33,12,1,0,0,8,0.0,0.24242424242424243,0,14,100,1044,397,0,0,0,0,0,302,211,4,6.393939393939394,Cookie Injection,1
22,1,0,0,0,8,0.0,0.36363636363636365,0,12,105,742,397,0,0,0,0,0,200,34,2,1.5454545454545454,Normal,0
46,25,3,0,0,11,0.0,0.2391304347826087,0,12,72,709,397,0,0,0,0,0,200,32,2,0.6956521739130435,Normal,0
32,11,2,0,0,9,0.0,0.28125,0,12,101,740,397,0,0,0,0,0,200,20,2,0.625,Normal,0
33,12,1,0,0,8,0.0,0.24242424242424243,0,13,100,1128,397,0,0,0,0,0,200,105,2,3.1818181818181817,Cookie Injection,0
37,16,3,0,0,10,0.0,0.2702702702702703,0,12,121,751,397,0,0,0,0,0,404,207,2,5.594594594594595,Normal,0
47,26,4,0,0,11,0.0,0.23404255319148937,0,12,121,760,397,0,0,0,0,0,401,26,2,0.5531914893617021,Normal,0
69,48,7,0,0,25,0.0,0.36231884057971014,0,12,65,695,397,0,0,0,0,0,200,55,2,0.7971014492753623,Directory Traversal,0
33,12,1,0,0,8,0.0,0.24242424242424243,0,14,107,1060,397,0,0,0,0,0,302,211,4,6.393939393939394,Cookie Injection,1
44,23,4,0,0,11,0.0,0.25,0,12,69,708,397,0,0,0,0,0,404,25,2,0.5681818181818182,Normal,0
110,11,2,2,2,20,0.01818181818181818,0.18181818181818182,77,12,107,737,397,0,0,0,0,0,401,26,2,0.23636363636363636,SQL Injection,0
45,24,4,0,0,11,0.0,0.24444444444444444,0,12,72,711,397,0,0,0,0,0,404,207,2,4.6,Normal,0
49,28,4,0,0,12,0.0,0.24489795918367346,0,12,77,723,397,0,0,0,0,0,404,34,2,0.6938775510204082,Normal,0
33,12,1,0,0,8,0.0,0.24242424242424243,0,13,105,1124,397,0,0,0,0,0,200,104,2,3.1515151515151514,Cookie Injection,0
48,27,4,0,0,11,0.0,0.22916666666666666,0,12,105,735,397,0,0,0,0,0,404,36,2,0.75,Normal,0
69,48,5,0,0,14,0.0,0.2028985507246377,0,12,65,690,397,0,0,0,0,0,404,207,2,3.0,Normal,0
109,88,2,0,4,35,0.03669724770642202,0.3211009174311927,0,12,119,756,397,0,0,0,0,0,200,48,2,0.44036697247706424,RCE,0
74,20,3,1,3,16,0.04054054054054054,0.21621621621621623,32,12,106,745,397,0,0,0,0,0,401,41,2,0.5540540540540541,Log Forging,0
44,23,4,0,0,11,0.0,0.25,0,12,106,752,397,0,0,0,0,0,404,25,2,0.5681818181818182,Normal,0
78,57,4,0,8,21,0.10256410256410256,0.2692307692307692,0,12,82,728,397,0,0,0,0,0,200,50,2,0.6410256410256411,RCE,0
51,30,4,0,0,11,0.0,0.21568627450980393,0,12,66,714,397,0,0,0,0,0,404,38,2,0.7450980392156863,Normal,0
72,51,8,0,0,28,0.0,0.3888888888888889,0,12,101,749,397,0,0,0,0,0,200,58,2,0.8055555555555556,Directory Traversal,0
31,10,2,0,0,10,0.0,0.3225806451612903,0,12,102,741,397,0,0,0,0,0,200,70,2,2.2580645161290325,Normal,0
46,25,3,0,0,11,0.0,0.2391304347826087,0,12,105,751,397,0,0,0,0,0,200,32,2,0.6956521739130435,Normal,0
31,10,2,0,0,10,0.0,0.3225806451612903,0,12,111,759,397,0,0,0,0,0,200,70,2,2.2580645161290325,Normal,0
42,21,3,0,0,10,0.0,0.23809523809523808,0,12,119,744,397,0,0,0,0,0,200,933,2,22.214285714285715,Normal,0
103,11,2,2,2,20,0.019417475728155338,0.1941747572815534,70,12,102,741,397,0,0,0,0,0,401,26,2,0.2524271844660194,SQL Injection,0
80,20,3,1,3,16,0.0375,0.2,38,12,72,700,397,0,0,0,0,0,401,41,2,0.5125,Log Forging,0
38,17,3,0,0,10,0.0,0.2631578947368421,0,12,68,707,397,0,0,0,0,0,404,207,2,5.447368421052632,Normal,0
33,12,1,0,0,8,0.0,0.24242424242424243,0,13,101,1116,397,0,0,0,0,0,200,103,2,3.121212121212121,Cookie Injection,0
78,57,4,0,8,21,0.10256410256410256,0.2692307692307692,0,12,106,731,397,0,0,0,0,0,200,50,2,0.6410256410256411,RCE,0
78,57,4,0,8,21,0.10256410256410256,0.2692307692307692,0,12,107,744,397,0,0,0,0,0,200,50,2,0.6410256410256411,RCE,0
110,11,2,2,2,20,0.01818181818181818,0.18181818181818182,77,12,99,736,397,0,0,0,0,0,401,26,2,0.23636363636363636,SQL Injection,0
91,19,3,1,4,21,0.04395604395604396,0.23076923076923078,50,12,65,704,397,0,0,0,0,0,200,24,2,0.26373626373626374,SQL Injection,0
33,12,2,0,0,9,0.0,0.2727272727272727,0,12,72,699,397,0,0,0,0,0,200,21,2,0.6363636363636364,Normal,0
109,11,2,2,2,20,0.01834862385321101,0.1834862385321101,76,12,77,704,397,0,0,0,0,0,401,26,2,0.23853211009174313,SQL Injection,0
44,23,4,0,0,11,0.0,0.25,0,12,107,753,397,0,0,0,0,0,404,25,2,0.5681818181818182,Normal,0
33,12,1,0,0,8,0.0,0.24242424242424243,0,13,65,1093,397,0,0,0,0,0,200,105,2,3.1818181818181817,Cookie Injection,0
45,24,4,0,0,11,0.0,0.24444444444444444,0,12,65,704,397,0,0,0,0,0,404,207,2,4.6,Normal,0
42,21,3,0,0,10,0.0,0.23809523809523808,0,12,72,711,397,0,0,0,0,0,200,933,2,22.214285714285715,Normal,0
51,30,4,0,0,11,0.0,0.21568627450980393,0,12,65,762,397,0,1,2,1,1,404,38,2,0.7450980392156863,LOG4J,0
33,12,1,0,0,8,0.0,0.24242424242424243,0,13,81,1090,397,0,0,0,0,0,200,104,2,3.1515151515151514,Cookie Injection,0
84,20,3,1,3,16,0.03571428571428571,0.19047619047619047,42,12,82,728,397,0,0,0,0,0,401,41,2,0.4880952380952381,Log Forging,0
68,47,8,0,0,25,0.0,0.36764705882352944,0,12,76,724,397,0,0,0,0,0,200,54,2,0.7941176470588235,Directory Traversal,0
78,57,10,0,0,34,0.0,0.4358974358974359,0,12,72,711,397,0,0,0,0,0,200,64,2,0.8205128205128205,Directory Traversal,0
33,12,2,0,0,9,0.0,0.2727272727272727,0,12,65,690,397,0,0,0,0,0,200,786,2,23.818181818181817,Normal,0
30,9,2,0,0,9,0.0,0.3,0,12,111,750,397,0,0,0,0,0,308,249,3,8.3,Normal,0
22,1,0,0,0,8,0.0,0.36363636363636365,0,12,106,745,397,0,0,0,0,0,200,34,2,1.5454545454545454,Normal,0
33,12,1,0,0,8,0.0,0.24242424242424243,0,13,99,1118,397,0,0,0,0,0,200,105,2,3.1818181818181817,Cookie Injection,0
69,48,5,0,0,14,0.0,0.2028985507246377,0,12,76,703,397,0,0,0,0,0,404,207,2,3.0,Normal,0
46,25,3,0,0,11,0.0,0.2391304347826087,0,12,65,693,397,0,0,0,0,0,200,32,2,0.6956521739130435,Normal,0
33,12,1,0,0,8,0.0,0.24242424242424243,0,14,102,1062,397,0,0,0,0,0,302,211,4,6.393939393939394,Cookie Injection,1
89,19,3,1,4,21,0.0449438202247191,0.23595505617977527,48,12,81,708,397,0,0,0,0,0,200,307960,2,3460.224719101124,SQL Injection,0
33,12,1,0,0,8,0.0,0.24242424242424243,0,13,101,1113,397,0,0,0,0,0,200,104,2,3.1515151515151514,Cookie Injection,0
102,11,2,2,2,20,0.0196078431372549,0.19607843137254902,69,12,81,711,397,0,0,0,0,0,401,26,2,0.2549019607843137,SQL Injection,0
109,88,2,0,4,35,0.03669724770642202,0.3211009174311927,0,12,77,725,397,0,0,0,0,0,200,48,2,0.44036697247706424,RCE,0
80,20,3,1,3,16,0.0375,0.2,38,12,102,729,397,0,0,0,0,0,401,41,2,0.5125,Log Forging,0
42,21,3,0,0,10,0.0,0.23809523809523808,0,12,103,761,397,0,1,2,1,1,200,933,2,22.214285714285715,LOG4J,0
93,19,3,1,4,21,0.043010752688172046,0.22580645161290322,52,12,107,734,397,0,0,0,0,0,200,32,2,0.34408602150537637,SQL Injection,0
70,49,5,0,0,14,0.0,0.2,0,12,107,737,397,0,0,0,0,0,404,207,2,2.9571428571428573,Normal,0
31,10,2,0,0,10,0.0,0.3225806451612903,0,12,107,737,397,0,0,0,0,0,200,70,2,2.2580645161290325,Normal,0
109,88,2,0,4,35,0.03669724770642202,0.3211009174311927,0,12,72,702,397,0,0,0,0,0,200,48,2,0.44036697247706424,RCE,0
49,28,4,0,0,12,0.0,0.24489795918367346,0,12,77,702,397,0,0,0,0,0,404,34,2,0.6938775510204082,Normal,0
44,23,4,0,0,11,0.0,0.25,0,12,100,725,397,0,0,0,0,0,404,25,2,0.5681818181818182,Normal,0
75,20,3,1,3,16,0.04,0.21333333333333335,33,12,107,753,397,0,0,0,0,0,401,41,2,0.5466666666666666,Log Forging,0
45,24,4,0,0,11,0.0,0.24444444444444444,0,12,82,709,397,0,0,0,0,0,404,207,2,4.6,Normal,0
33,12,1,0,0,8,0.0,0.24242424242424243,0,14,105,1047,397,0,0,0,0,0,302,211,4,6.393939393939394,Cookie Injection,1
42,21,3,0,0,10,0.0,0.23809523809523808,0,12,101,747,397,0,0,0,0,0,200,933,2,22.214285714285715,Normal,0
46,25,4,0,0,11,0.0,0.2391304347826087,0,12,119,804,397,0,1,2,1,1,404,207,2,4.5,LOG4J,0
109,88,2,0,4,35,0.03669724770642202,0.3211009174311927,0,12,77,705,397,0,0,0,0,0,200,48,2,0.44036697247706424,RCE,0
42,21,3,0,0,10,0.0,0.23809523809523808,0,12,100,730,397,0,0,0,0,0,200,933,2,22.214285714285715,Normal,0
22,1,0,0,0,8,0.0,0.36363636363636365,0,12,81,755,397,0,1,2,1,1,200,34,2,1.5454545454545454,LOG4J,0
46,25,4,0,0,12,0.0,0.2608695652173913,0,12,100,746,397,0,0,0,0,0,404,31,2,0.6739130434782609,Normal,0
49,28,4,0,0,12,0.0,0.24489795918367346,0,12,112,758,397,0,0,0,0,0,404,34,2,0.6938775510204082,Normal,0
69,48,5,0,0,14,0.0,0.2028985507246377,0,12,77,716,397,0,0,0,0,0,404,207,2,3.0,Normal,0
44,23,4,0,0,11,0.0,0.25,0,12,72,700,397,0,0,0,0,0,404,25,2,0.5681818181818182,Normal,0
123,11,2,2,2,20,0.016260162601626018,0.16260162601626016,90,12,108,733,397,0,0,0,0,0,401,26,2,0.21138211382113822,SQL Injection,0
51,30,4,0,0,11,0.0,0.21568627450980393,0,12,99,724,397,0,0,0,0,0,404,38,2,0.7450980392156863,Normal,0
45,24,4,0,0,11,0.0,0.24444444444444444,0,12,107,735,397,0,0,0,0,0,404,207,2,4.6,Normal,0
33,12,1,0,0,8,0.0,0.24242424242424243,0,13,102,1112,397,0,0,0,0,0,200,104,2,3.1515151515151514,Cookie Injection,0
47,26,4,0,0,11,0.0,0.23404255319148937,0,12,65,713,397,0,0,0,0,0,401,26,2,0.5531914893617021,Normal,0
33,12,1,0,0,8,0.0,0.24242424242424243,0,14,65,1025,397,0,0,0,0,0,302,211,4,6.393939393939394,Cookie Injection,1
77,20,3,1,3,16,0.03896103896103896,0.2077922077922078,35,12,107,753,397,0,0,0,0,0,401,41,2,0.5324675324675324,Log Forging,0
75,54,9,0,0,31,0.0,0.41333333333333333,0,12,81,727,397,0,0,0,0,0,200,61,2,0.8133333333333334,Directory Traversal,0
31,10,2,0,0,10,0.0,0.3225806451612903,0,12,65,704,397,0,0,0,0,0,200,70,2,2.2580645161290325,Normal,0
105,11,2,2,2,20,0.01904761904761905,0.19047619047619047,72,12,107,744,397,0,0,0,0,0,401,26,2,0.24761904761904763,SQL Injection,0
33,12,2,0,0,9,0.0,0.2727272727272727,0,12,107,734,397,0,0,0,0,0,404,28,2,0.8484848484848485,Normal,0
50,29,4,0,0,11,0.0,0.22,0,12,66,691,397,0,0,0,0,0,404,38,2,0.76,Normal,0
33,12,2,0,0,9,0.0,0.2727272727272727,0,12,65,711,397,0,0,0,0,0,404,28,2,0.8484848484848485,Normal,0
33,12,2,0,0,9,0.0,0.2727272727272727,0,12,65,702,397,0,0,0,0,0,404,28,2,0.8484848484848485,Normal,0
32,11,2,0,0,9,0.0,0.28125,0,12,100,728,397,0,0,0,0,0,200,20,2,0.625,Normal,0
33,12,2,0,0,9,0.0,0.2727272727272727,0,12,77,705,397,0,0,0,0,0,200,21,2,0.6363636363636364,Normal,0
50,29,4,0,0,11,0.0,0.22,0,12,107,737,397,0,0,0,0,0,404,38,2,0.76,Normal,0
50,29,4,0,0,11,0.0,0.22,0,12,112,751,397,0,0,0,0,0,404,38,2,0.76,Normal,0
42,21,3,0,0,10,0.0,0.23809523809523808,0,12,82,721,397,0,0,0,0,0,200,933,2,22.214285714285715,Normal,0
44,23,4,0,0,11,0.0,0.25,0,12,77,716,397,0,0,0,0,0,404,25,2,0.5681818181818182,Normal,0
46,25,4,0,0,12,0.0,0.2608695652173913,0,12,105,751,397,0,0,0,0,0,404,31,2,0.6739130434782609,Normal,0
31,10,2,0,0,10,0.0,0.3225806451612903,0,12,107,737,397,0,0,0,0,0,200,70,2,2.2580645161290325,Normal,0
76,20,3,1,3,16,0.039473684210526314,0.21052631578947367,34,12,121,758,397,0,0,0,0,0,401,41,2,0.5394736842105263,Log Forging,0
46,25,4,0,0,12,0.0,0.2608695652173913,0,12,105,730,397,0,0,0,0,0,404,31,2,0.6739130434782609,Normal,0
96,19,3,1,4,22,0.041666666666666664,0.22916666666666666,55,12,68,693,397,0,0,0,0,0,200,49565,2,516.3020833333334,SQL Injection,0
48,27,4,0,0,11,0.0,0.22916666666666666,0,12,81,711,397,0,0,0,0,0,404,36,2,0.75,Normal,0
105,11,2,2,2,20,0.01904761904761905,0.19047619047619047,72,12,72,718,397,0,0,0,0,0,401,26,2,0.24761904761904763,SQL Injection,0
46,25,3,0,0,11,0.0,0.2391304347826087,0,12,107,744,397,0,0,0,0,0,200,32,2,0.6956521739130435,Normal,0
89,19,3,1,4,21,0.0449438202247191,0.23595505617977527,48,12,108,736,397,0,0,0,0,0,200,307960,2,3460.224719101124,SQL Injection,0
46,25,4,0,0,12,0.0,0.2608695652173913,0,12,65,695,397,0,0,0,0,0,404,31,2,0.6739130434782609,Normal,0
44,23,4,0,0,11,0.0,0.25,0,12,106,731,397,0,0,0,0,0,200,3320,2,75.45454545454545,Normal,0
107,11,2,2,2,20,0.018691588785046728,0.18691588785046728,74,12,77,716,397,0,0,0,0,0,401,26,2,0.24299065420560748,SQL Injection,0
33,12,1,0,0,8,0.0,0.24242424242424243,0,13,100,1109,397,0,0,0,0,0,200,104,2,3.1515151515151514,Cookie Injection,0
78,57,4,0,8,21,0.10256410256410256,0.2692307692307692,0,12,65,704,397,0,0,0,0,0,200,50,2,0.6410256410256411,RCE,0
110,11,2,2,2,20,0.01818181818181818,0.18181818181818182,77,12,111,739,397,0,0,0,0,0,401,26,2,0.23636363636363636,SQL Injection,0
31,10,2,0,0,10,0.0,0.3225806451612903,0,12,107,737,397,0,0,0,0,0,200,70,2,2.2580645161290325,Normal,0
44,23,4,0,0,11,0.0,0.25,0,12,72,718,397,0,0,0,0,0,200,3320,2,75.45454545454545,Normal,0
40,19,4,0,0,11,0.0,0.275,0,12,107,753,397,0,0,0,0,0,404,31,2,0.775,Normal,0
76,20,3,1,3,16,0.039473684210526314,0.21052631578947367,34,12,76,715,397,0,0,0,0,0,401,41,2,0.5394736842105263,Log Forging,0
40,19,4,0,0,11,0.0,0.275,0,12,106,752,397,0,0,0,0,0,404,31,2,0.775,Normal,0
91,19,3,1,4,21,0.04395604395604396,0.23076923076923078,50,12,82,730,397,0,0,0,0,0,200,24,2,0.26373626373626374,SQL Injection,0
102,11,2,2,2,20,0.0196078431372549,0.19607843137254902,69,12,107,737,397,0,0,0,0,0,401,26,2,0.2549019607843137,SQL Injection,0
33,12,2,0,0,9,0.0,0.2727272727272727,0,12,66,691,397,0,0,0,0,0,404,28,2,0.8484848484848485,Normal,0
33,12,1,0,0,8,0.0,0.24242424242424243,0,14,77,1016,397,0,0,0,0,0,302,211,4,6.393939393939394,Cookie Injection,1
46,25,4,0,0,12,0.0,0.2608695652173913,0,12,72,709,397,0,0,0,0,0,404,31,2,0.6739130434782609,Normal,0
44,23,4,0,0,11,0.0,0.25,0,12,77,702,397,0,0,0,0,0,404,25,2,0.5681818181818182,Normal,0
113,92,2,0,5,32,0.04424778761061947,0.2831858407079646,0,12,111,750,397,0,0,0,0,0,200,20,2,0.17699115044247787,RCE,0
74,20,3,1,3,16,0.04054054054054054,0.21621621621621623,32,12,65,692,397,0,0,0,0,0,401,41,2,0.5540540540540541,Log Forging,0
32,11,2,0,0,9,0.0,0.28125,0,12,99,736,397,0,0,0,0,0,200,20,2,0.625,Normal,0
72,51,8,0,0,28,0.0,0.3888888888888889,0,12,106,743,397,0,0,0,0,0,200,58,2,0.8055555555555556,Directory Traversal,0
69,48,5,0,0,14,0.0,0.2028985507246377,0,12,99,727,397,0,0,0,0,0,404,207,2,3.0,Normal,0
109,88,2,0,4,35,0.03669724770642202,0.3211009174311927,0,12,121,769,397,0,0,0,0,0,200,48,2,0.44036697247706424,RCE,0
114,11,2,2,2,20,0.017543859649122806,0.17543859649122806,81,12,72,699,397,0,0,0,0,0,401,26,2,0.22807017543859648,SQL Injection,0
78,57,4,0,8,21,0.10256410256410256,0.2692307692307692,0,12,107,755,397,0,0,0,0,0,200,50,2,0.6410256410256411,RCE,0
45,24,4,0,0,11,0.0,0.24444444444444444,0,12,106,736,397,0,0,0,0,0,404,207,2,4.6,Normal,0
92,19,3,1,4,22,0.043478260869565216,0.2391304347826087,51,12,105,735,397,0,0,0,0,0,200,204,2,2.217391304347826,SQL Injection,0
112,11,2,2,2,20,0.017857142857142856,0.17857142857142858,79,12,72,709,397,0,0,0,0,0,401,26,2,0.23214285714285715,SQL Injection,0
50,29,4,0,0,11,0.0,0.22,0,12,72,699,397,0,0,0,0,0,404,38,2,0.76,Normal,0
113,92,2,0,5,32,0.04424778761061947,0.2831858407079646,0,12,69,696,397,0,0,0,0,0,200,20,2,0.17699115044247787,RCE,0
105,11,2,2,2,20,0.01904761904761905,0.19047619047619047,72,12,107,744,397,0,0,0,0,0,401,26,2,0.24761904761904763,SQL Injection,0
33,12,2,0,0,9,0.0,0.2727272727272727,0,12,107,746,397,0,0,0,0,0,404,28,2,0.8484848484848485,Normal,0
71,50,9,0,0,28,0.0,0.39436619718309857,0,12,101,749,397,0,0,0,0,0,200,57,2,0.8028169014084507,Directory Traversal,0
49,28,4,0,0,11,0.0,0.22448979591836735,0,12,105,742,397,0,0,0,0,0,404,36,2,0.7346938775510204,Normal,0
33,12,2,0,0,9,0.0,0.2727272727272727,0,12,65,692,397,0,0,0,0,0,404,28,2,0.8484848484848485,Normal,0
33,12,1,0,0,8,0.0,0.24242424242424243,0,14,99,1038,397,0,0,0,0,0,302,211,4,6.393939393939394,Cookie Injection,1
42,21,3,0,0,10,0.0,0.23809523809523808,0,12,100,746,397,0,0,0,0,0,200,933,2,22.214285714285715,Normal,0
46,25,4,0,0,11,0.0,0.2391304347826087,0,12,111,757,397,0,0,0,0,0,404,207,2,4.5,Normal,0
113,92,2,0,5,32,0.04424778761061947,0.2831858407079646,0,12,76,713,397,0,0,0,0,0,200,20,2,0.17699115044247787,RCE,0
30,9,2,0,0,9,0.0,0.3,0,12,103,731,397,0,0,0,0,0,308,249,3,8.3,Normal,0
33,12,2,0,0,9,0.0,0.2727272727272727,0,12,77,704,397,0,0,0,0,0,404,28,2,0.8484848484848485,Normal,0
33,12,1,0,0,8,0.0,0.24242424242424243,0,13,99,1127,397,0,0,0,0,0,200,104,2,3.1515151515151514,Cookie Injection,0
70,49,5,0,0,14,0.0,0.2,0,12,107,732,397,0,0,0,0,0,404,207,2,2.9571428571428573,Normal,0
101,11,2,2,2,20,0.019801980198019802,0.19801980198019803,68,12,119,747,397,0,0,0,0,0,401,26,2,0.25742574257425743,SQL Injection,0
37,16,3,0,0,10,0.0,0.2702702702702703,0,12,100,748,397,0,0,0,0,0,404,207,2,5.594594594594595,Normal,0
33,12,1,0,0,8,0.0,0.24242424242424243,0,13,112,1119,397,0,0,0,0,0,200,104,2,3.1515151515151514,Cookie Injection,0
69,48,7,0,0,25,0.0,0.36231884057971014,0,12,101,738,397,0,0,0,0,0,200,55,2,0.7971014492753623,Directory Traversal,0
22,1,0,0,0,8,0.0,0.36363636363636365,0,12,77,704,397,0,0,0,0,0,200,34,2,1.5454545454545454,Normal,0
46,25,4,0,0,11,0.0,0.2391304347826087,0,12,65,762,448,0,1,2,1,1,404,207,2,4.5,LOG4J,0
49,28,4,0,0,12,0.0,0.24489795918367346,0,12,77,702,397,0,0,0,0,0,404,34,2,0.6938775510204082,Normal,0
106,11,2,2,2,20,0.018867924528301886,0.18867924528301888,73,12,107,746,397,0,0,0,0,0,401,26,2,0.24528301886792453,SQL Injection,0
33,12,1,0,0,8,0.0,0.24242424242424243,0,13,82,1099,397,0,0,0,0,0,200,103,2,3.121212121212121,Cookie Injection,0
33,12,1,0,0,8,0.0,0.24242424242424243,0,13,72,1084,397,0,0,0,0,0,200,106,2,3.212121212121212,Cookie Injection,0
92,19,3,1,4,21,0.043478260869565216,0.22826086956521738,51,12,69,697,397,0,0,0,0,0,200,198,2,2.152173913043478,SQL Injection,0
33,12,1,0,0,8,0.0,0.24242424242424243,0,14,119,1068,397,0,0,0,0,0,302,211,4,6.393939393939394,Cookie Injection,1
75,20,3,1,3,16,0.04,0.21333333333333335,33,12,65,695,397,0,0,0,0,0,401,41,2,0.5466666666666666,Log Forging,0
75,20,3,1,3,16,0.04,0.21333333333333335,33,12,65,695,397,0,0,0,0,0,401,41,2,0.5466666666666666,Log Forging,0
33,12,2,0,0,9,0.0,0.2727272727272727,0,12,100,727,397,0,0,0,0,0,200,3719,2,112.6969696969697,Normal,0
109,88,2,0,4,35,0.03669724770642202,0.3211009174311927,0,12,77,714,397,0,0,0,0,0,200,48,2,0.44036697247706424,RCE,0
44,23,4,0,0,11,0.0,0.25,0,12,107,734,397,0,0,0,0,0,200,3320,2,75.45454545454545,Normal,0
22,1,0,0,0,8,0.0,0.36363636363636365,0,12,111,748,397,0,0,0,0,0,200,34,2,1.5454545454545454,Normal,0
46,25,4,0,0,12,0.0,0.2608695652173913,0,12,99,726,397,0,0,0,0,0,404,31,2,0.6739130434782609,Normal,0
93,19,3,1,4,21,0.043010752688172046,0.22580645161290322,52,12,72,720,397,0,0,0,0,0,200,32,2,0.34408602150537637,SQL Injection,0
33,12,1,0,0,8,0.0,0.24242424242424243,0,13,121,1133,397,0,0,0,0,0,200,105,2,3.1818181818181817,Cookie Injection,0
33,12,1,0,0,8,0.0,0.24242424242424243,0,14,65,1009,397,0,0,0,0,0,302,211,4,6.393939393939394,Cookie Injection,1
42,21,3,0,0,10,0.0,0.23809523809523808,0,12,102,750,397,0,0,0,0,0,200,933,2,22.214285714285715,Normal,0
44,23,4,0,0,11,0.0,0.25,0,12,72,720,397,0,0,0,0,0,404,25,2,0.5681818181818182,Normal,0
92,19,3,1,4,21,0.043478260869565216,0.22826086956521738,51,12,65,713,397,0,0,0,0,0,200,198,2,2.152173913043478,SQL Injection,0
32,11,2,0,0,9,0.0,0.28125,0,12,107,746,397,0,0,0,0,0,200,20,2,0.625,Normal,0
78,57,4,0,8,21,0.10256410256410256,0.2692307692307692,0,12,101,729,397,0,0,0,0,0,200,50,2,0.6410256410256411,RCE,0
108,11,2,2,2,20,0.018518518518518517,0.18518518518518517,75,12,65,695,397,0,0,0,0,0,401,26,2,0.24074074074074073,SQL Injection,0
33,12,1,0,0,8,0.0,0.24242424242424243,0,13,119,1126,397,0,0,0,0,0,200,104,2,3.1515151515151514,Cookie Injection,0
30,9,2,0,0,9,0.0,0.3,0,12,65,739,397,0,1,2,1,1,308,249,3,8.3,LOG4J,0
92,19,3,1,4,22,0.043478260869565216,0.2391304347826087,51,12,105,742,397,0,0,0,0,0,200,204,2,2.217391304347826,SQL Injection,0
69,48,5,0,0,14,0.0,0.2028985507246377,0,12,112,751,397,0,0,0,0,0,404,207,2,3.0,Normal,0
22,1,0,0,0,8,0.0,0.36363636363636365,0,12,82,719,397,0,0,0,0,0,200,34,2,1.5454545454545454,Normal,0
33,12,1,0,0,8,0.0,0.24242424242424243,0,14,72,1013,397,0,0,0,0,0,302,211,4,6.393939393939394,Cookie Injection,1
33,12,2,0,0,9,0.0,0.2727272727272727,0,12,121,758,397,0,0,0,0,0,200,1449,2,43.90909090909091,Normal,0
50,29,4,0,0,11,0.0,0.22,0,12,107,744,397,0,0,0,0,0,404,38,2,0.76,Normal,0
40,19,4,0,0,11,0.0,0.275,0,12,111,738,397,0,0,0,0,0,404,31,2,0.775,Normal,0
39,18,2,0,0,10,0.0,0.2564102564102564,0,12,72,709,397,0,0,0,0,0,200,213,2,5.461538461538462,Normal,0
30,9,2,0,0,9,0.0,0.3,0,12,77,704,397,0,0,0,0,0,308,249,3,8.3,Normal,0
33,12,1,0,0,8,0.0,0.24242424242424243,0,14,106,1050,397,0,0,0,0,0,302,211,4,6.393939393939394,Cookie Injection,1
48,27,4,0,0,11,0.0,0.22916666666666666,0,12,76,706,397,0,0,0,0,0,404,36,2,0.75,Normal,0
78,57,4,0,8,21,0.10256410256410256,0.2692307692307692,0,12,121,751,397,0,0,0,0,0,200,50,2,0.6410256410256411,RCE,0
33,12,2,0,0,9,0.0,0.2727272727272727,0,12,99,745,397,0,0,0,0,0,404,28,2,0.8484848484848485,Normal,0
68,47,8,0,0,25,0.0,0.36764705882352944,0,12,99,736,397,0,0,0,0,0,200,54,2,0.7941176470588235,Directory Traversal,0
33,12,2,0,0,9,0.0,0.2727272727272727,0,12,72,700,397,0,0,0,0,0,404,28,2,0.8484848484848485,Normal,0
33,12,1,0,0,8,0.0,0.24242424242424243,0,13,121,1131,397,0,0,0,0,0,200,104,2,3.1515151515151514,Cookie Injection,0
78,57,4,0,8,21,0.10256410256410256,0.2692307692307692,0,12,106,733,397,0,0,0,0,0,200,50,2,0.6410256410256411,RCE,0
37,16,3,0,0,10,0.0,0.2702702702702703,0,12,103,728,397,0,0,0,0,0,404,207,2,5.594594594594595,Normal,0
33,12,1,0,0,8,0.0,0.24242424242424243,0,14,103,1045,397,0,0,0,0,0,302,211,4,6.393939393939394,Cookie Injection,1
33,12,2,0,0,9,0.0,0.2727272727272727,0,12,100,739,397,0,0,0,0,0,200,664,2,20.12121212121212,Normal,0
37,16,3,0,0,10,0.0,0.2702702702702703,0,12,77,707,397,0,0,0,0,0,404,207,2,5.594594594594595,Normal,0
49,28,4,0,0,12,0.0,0.24489795918367346,0,12,76,713,397,0,0,0,0,0,404,34,2,0.6938775510204082,Normal,0
37,16,3,0,0,10,0.0,0.2702702702702703,0,12,65,692,397,0,0,0,0,0,404,207,2,5.594594594594595,Normal,0
46,25,4,0,0,12,0.0,0.2608695652173913,0,12,108,747,397,0,0,0,0,0,404,31,2,0.6739130434782609,Normal,0
47,26,4,0,0,11,0.0,0.23404255319148937,0,12,107,755,397,0,0,0,0,0,401,26,2,0.5531914893617021,Normal,0
31,10,2,0,0,10,0.0,0.3225806451612903,0,12,107,755,397,0,0,0,0,0,200,70,2,2.2580645161290325,Normal,0
49,28,4,0,0,12,0.0,0.24489795918367346,0,12,82,709,397,0,0,0,0,0,404,34,2,0.6938775510204082,Normal,0
85,20,3,1,3,16,0.03529411764705882,0.18823529411764706,43,12,72,718,397,0,0,0,0,0,401,41,2,0.4823529411764706,Log Forging,0
46,25,4,0,0,12,0.0,0.2608695652173913,0,12,101,726,397,0,0,0,0,0,404,31,2,0.6739130434782609,Normal,0
33,12,1,0,0,8,0.0,0.24242424242424243,0,14,76,1017,397,0,0,0,0,0,302,211,4,6.393939393939394,Cookie Injection,1
72,51,8,0,0,28,0.0,0.3888888888888889,0,12,106,752,397,0,0,0,0,0,200,58,2,0.8055555555555556,Directory Traversal,0
33,12,2,0,0,9,0.0,0.2727272727272727,0,12,107,797,397,0,1,2,1,1,404,28,2,0.8484848484848485,LOG4J,0
46,25,4,0,0,11,0.0,0.2391304347826087,0,12,102,730,397,0,0,0,0,0,404,207,2,4.5,Normal,0
33,12,1,0,0,8,0.0,0.24242424242424243,0,13,77,1096,397,0,0,0,0,0,200,104,2,3.1515151515151514,Cookie Injection,0
22,1,0,0,0,8,0.0,0.36363636363636365,0,12,107,753,397,0,0,0,0,0,200,34,2,1.5454545454545454,Normal,0
47,26,4,0,0,11,0.0,0.23404255319148937,0,12,119,758,397,0,0,0,0,0,401,26,2,0.5531914893617021,Normal,0
46,25,4,0,0,12,0.0,0.2608695652173913,0,12,66,693,397,0,0,0,0,0,404,31,2,0.6739130434782609,Normal,0
33,12,1,0,0,8,0.0,0.24242424242424243,0,14,107,1049,397,0,0,0,0,0,302,211,4,6.393939393939394,Cookie Injection,1
39,18,2,0,0,10,0.0,0.2564102564102564,0,12,77,704,397,0,0,0,0,0,200,276,2,7.076923076923077,Normal,0
31,10,2,0,0,10,0.0,0.3225806451612903,0,12,105,733,397,0,0,0,0,0,200,70,2,2.2580645161290325,Normal,0
39,18,2,0,0,10,0.0,0.2564102564102564,0,12,82,709,397,0,0,0,0,0,200,307,2,7.871794871794871,Normal,0
48,27,4,0,0,11,0.0,0.22916666666666666,0,12,68,740,441,0,1,2,1,1,404,36,2,0.75,LOG4J,0
74,53,10,0,0,31,0.0,0.4189189189189189,0,12,111,741,397,0,0,0,0,0,200,60,2,0.8108108108108109,Directory Traversal,0
80,20,3,1,3,16,0.0375,0.2,38,12,107,735,397,0,0,0,0,0,401,41,2,0.5125,Log Forging,0
47,26,4,0,0,11,0.0,0.23404255319148937,0,12,102,750,397,0,0,0,0,0,404,207,2,4.404255319148936,Normal,0
33,12,2,0,0,9,0.0,0.2727272727272727,0,12,69,696,397,0,0,0,0,0,200,904,2,27.393939393939394,Normal,0
44,23,4,0,0,11,0.0,0.25,0,12,107,732,397,0,0,0,0,0,200,3320,2,75.45454545454545,Normal,0
44,23,4,0,0,11,0.0,0.25,0,12,107,753,397,0,0,0,0,0,200,3320,2,75.45454545454545,Normal,0
33,12,1,0,0,8,0.0,0.24242424242424243,0,13,107,1135,397,0,0,0,0,0,200,105,2,3.1818181818181817,Cookie Injection,0
69,48,5,0,0,14,0.0,0.2028985507246377,0,12,107,737,397,0,0,0,0,0,404,207,2,3.0,Normal,0
46,25,4,0,0,12,0.0,0.2608695652173913,0,12,99,726,397,0,0,0,0,0,404,31,2,0.6739130434782609,Normal,0
116,11,2,2,2,20,0.017241379310344827,0.1724137931034483,83,12,101,738,397,0,0,0,0,0,401,26,2,0.22413793103448276,SQL Injection,0
39,18,2,0,0,10,0.0,0.2564102564102564,0,12,77,702,397,0,0,0,0,0,200,2721,2,69.76923076923077,Normal,0
92,19,3,1,4,21,0.043478260869565216,0.22826086956521738,51,12,102,748,397,0,0,0,0,0,200,198,2,2.152173913043478,SQL Injection,0
75,20,3,1,3,16,0.04,0.21333333333333335,33,12,111,757,397,0,0,0,0,0,401,41,2,0.5466666666666666,Log Forging,0
42,21,3,0,0,10,0.0,0.23809523809523808,0,12,68,705,397,0,0,0,0,0,200,933,2,22.214285714285715,Normal,0
31,10,2,0,0,10,0.0,0.3225806451612903,0,12,66,694,397,0,0,0,0,0,200,70,2,2.2580645161290325,Normal,0
33,12,1,0,0,8,0.0,0.24242424242424243,0,14,65,1004,397,0,0,0,0,0,302,211,4,6.393939393939394,Cookie Injection,1
69,48,5,0,0,14,0.0,0.2028985507246377,0,12,102,783,453,0,1,2,1,1,404,207,2,3.0,LOG4J,0
109,88,2,0,4,35,0.03669724770642202,0.3211009174311927,0,12,65,690,397,0,0,0,0,0,200,48,2,0.44036697247706424,RCE,0
33,12,1,0,0,8,0.0,0.24242424242424243,0,13,105,1115,397,0,0,0,0,0,200,105,2,3.1818181818181817,Cookie Injection,0
48,27,4,0,0,11,0.0,0.22916666666666666,0,12,68,716,397,0,0,0,0,0,404,36,2,0.75,Normal,0
46,25,4,0,0,12,0.0,0.2608695652173913,0,12,112,758,397,0,0,0,0,0,404,31,2,0.6739130434782609,Normal,0
40,19,4,0,0,11,0.0,0.275,0,12,72,747,397,0,1,2,1,1,404,31,2,0.775,LOG4J,0
33,12,1,0,0,8,0.0,0.24242424242424243,0,14,69,1007,397,0,0,0,0,0,302,211,4,6.393939393939394,Cookie Injection,1
46,25,4,0,0,11,0.0,0.2391304347826087,0,12,107,753,397,0,0,0,0,0,404,207,2,4.5,Normal,0
33,12,1,0,0,8,0.0,0.24242424242424243,0,13,76,1082,397,0,0,0,0,0,200,103,2,3.121212121212121,Cookie Injection,0
80,59,12,0,0,37,0.0,0.4625,0,12,102,739,397,0,0,0,0,0,200,66,2,0.825,Directory Traversal,0
69,48,5,0,0,14,0.0,0.2028985507246377,0,12,100,806,464,0,1,2,1,1,404,207,2,3.0,LOG4J,0
109,88,2,0,4,35,0.03669724770642202,0.3211009174311927,0,12,112,737,397,0,0,0,0,0,200,48,2,0.44036697247706424,RCE,0
74,53,10,0,0,31,0.0,0.4189189189189189,0,12,65,711,397,0,0,0,0,0,200,60,2,0.8108108108108109,Directory Traversal,0
33,12,1,0,0,8,0.0,0.24242424242424243,0,14,103,1042,397,0,0,0,0,0,302,211,4,6.393939393939394,Cookie Injection,1
46,25,4,0,0,12,0.0,0.2608695652173913,0,12,66,696,397,0,0,0,0,0,404,31,2,0.6739130434782609,Normal,0
42,21,3,0,0,10,0.0,0.23809523809523808,0,12,99,745,397,0,0,0,0,0,200,933,2,22.214285714285715,Normal,0
33,12,2,0,0,9,0.0,0.2727272727272727,0,12,77,725,397,0,0,0,0,0,404,28,2,0.8484848484848485,Normal,0
91,19,3,1,4,21,0.04395604395604396,0.23076923076923078,50,12,102,730,397,0,0,0,0,0,200,24,2,0.26373626373626374,SQL Injection,0
33,12,1,0,0,8,0.0,0.24242424242424243,0,14,77,1027,397,0,0,0,0,0,302,211,4,6.393939393939394,Cookie Injection,1
50,29,4,0,0,11,0.0,0.22,0,12,77,702,397,0,0,0,0,0,404,38,2,0.76,Normal,0
46,25,3,0,0,11,0.0,0.2391304347826087,0,12,82,719,397,0,0,0,0,0,200,32,2,0.6956521739130435,Normal,0
49,28,4,0,0,12,0.0,0.24489795918367346,0,12,107,744,397,0,0,0,0,0,404,34,2,0.6938775510204082,Normal,0
81,60,11,0,0,37,0.0,0.4567901234567901,0,12,72,709,397,0,0,0,0,0,200,67,2,0.8271604938271605,Directory Traversal,0
83,62,13,0,0,40,0.0,0.4819277108433735,0,12,76,703,397,0,0,0,0,0,200,69,2,0.8313253012048193,Directory Traversal,0
33,12,1,0,0,8,0.0,0.24242424242424243,0,14,76,1027,397,0,0,0,0,0,302,211,4,6.393939393939394,Cookie Injection,1
69,48,5,0,0,14,0.0,0.2028985507246377,0,12,107,734,397,0,0,0,0,0,404,207,2,3.0,Normal,0
81,60,11,0,0,37,0.0,0.4567901234567901,0,12,106,752,397,0,0,0,0,0,200,67,2,0.8271604938271605,Directory Traversal,0
44,23,4,0,0,11,0.0,0.25,0,12,72,700,397,0,0,0,0,0,200,3320,2,75.45454545454545,Normal,0
45,24,4,0,0,11,0.0,0.24444444444444444,0,12,65,704,397,0,0,0,0,0,404,25,2,0.5555555555555556,Normal,0
69,48,5,0,0,14,0.0,0.2028985507246377,0,12,107,746,397,0,0,0,0,0,404,207,2,3.0,Normal,0
101,11,2,2,2,20,0.019801980198019802,0.19801980198019803,68,12,107,735,397,0,0,0,0,0,401,26,2,0.25742574257425743,SQL Injection,0
33,12,1,0,0,8,0.0,0.24242424242424243,0,13,107,1116,397,0,0,0,0,0,200,106,2,3.212121212121212,Cookie Injection,0
50,29,4,0,0,11,0.0,0.22,0,12,77,702,397,0,0,0,0,0,404,38,2,0.76,Normal,0
45,24,4,0,0,11,0.0,0.24444444444444444,0,12,65,702,397,0,0,0,0,0,404,25,2,0.5555555555555556,Normal,0
69,48,5,0,0,14,0.0,0.2028985507246377,0,12,65,690,397,0,0,0,0,0,404,207,2,3.0,Normal,0
30,9,2,0,0,9,0.0,0.3,0,12,68,836,517,0,1,2,1,1,308,249,3,8.3,LOG4J,0
33,12,2,0,0,9,0.0,0.2727272727272727,0,12,103,730,397,0,0,0,0,0,200,1162,2,35.21212121212121,Normal,0
42,21,3,0,0,10,0.0,0.23809523809523808,0,12,107,746,397,0,0,0,0,0,200,933,2,22.214285714285715,Normal,0
40,19,4,0,0,11,0.0,0.275,0,12,65,704,397,0,0,0,0,0,404,31,2,0.775,Normal,0
33,12,2,0,0,9,0.0,0.2727272727272727,0,12,111,809,397,0,1,2,1,1,404,28,2,0.8484848484848485,LOG4J,0
44,23,4,0,0,11,0.0,0.25,0,12,107,762,425,0,1,2,1,1,404,25,2,0.5681818181818182,LOG4J,0
47,26,4,0,0,11,0.0,0.23404255319148937,0,12,108,735,397,0,0,0,0,0,401,26,2,0.5531914893617021,Normal,0
107,11,2,2,2,20,0.018691588785046728,0.18691588785046728,74,12,103,733,397,0,0,0,0,0,401,26,2,0.24299065420560748,SQL Injection,0
81,60,11,0,0,37,0.0,0.4567901234567901,0,12,72,702,397,0,0,0,0,0,200,67,2,0.8271604938271605,Directory Traversal,0
93,19,3,1,4,21,0.043010752688172046,0.22580645161290322,52,12,65,692,397,0,0,0,0,0,200,32,2,0.34408602150537637,SQL Injection,0
81,60,11,0,0,37,0.0,0.4567901234567901,0,12,77,702,397,0,0,0,0,0,200,67,2,0.8271604938271605,Directory Traversal,0
33,12,1,0,0,8,0.0,0.24242424242424243,0,14,68,1030,397,0,0,0,0,0,302,211,4,6.393939393939394,Cookie Injection,1
96,19,3,1,4,22,0.041666666666666664,0.22916666666666666,55,12,99,738,397,0,0,0,0,0,200,49565,2,516.3020833333334,SQL Injection,0
44,23,4,0,0,11,0.0,0.25,0,12,108,738,397,0,0,0,0,0,404,25,2,0.5681818181818182,Normal,0
37,16,3,0,0,10,0.0,0.2702702702702703,0,12,77,725,397,0,0,0,0,0,404,207,2,5.594594594594595,Normal,0
49,28,4,0,0,12,0.0,0.24489795918367346,0,12,107,732,397,0,0,0,0,0,404,34,2,0.6938775510204082,Normal,0
105,11,2,2,2,20,0.01904761904761905,0.19047619047619047,72,12,77,707,397,0,0,0,0,0,401,26,2,0.24761904761904763,SQL Injection,0
33,12,1,0,0,8,0.0,0.24242424242424243,0,14,99,1043,397,0,0,0,0,0,302,211,4,6.393939393939394,Cookie Injection,1
93,19,3,1,4,21,0.043010752688172046,0.22580645161290322,52,12,76,724,397,0,0,0,0,0,200,32,2,0.34408602150537637,SQL Injection,0
44,23,4,0,0,11,0.0,0.25,0,12,82,709,397,0,0,0,0,0,200,3320,2,75.45454545454545,Normal,0
47,26,4,0,0,11,0.0,0.23404255319148937,0,12,77,774,397,0,1,2,1,1,401,26,2,0.5531914893617021,LOG4J,0
77,56,11,0,0,34,0.0,0.44155844155844154,0,12,100,728,397,0,0,0,0,0,200,63,2,0.8181818181818182,Directory Traversal,0
33,12,1,0,0,8,0.0,0.24242424242424243,0,13,100,1130,397,0,0,0,0,0,200,104,2,3.1515151515151514,Cookie Injection,0
32,11,2,0,0,9,0.0,0.28125,0,12,107,744,397,0,0,0,0,0,200,20,2,0.625,Normal,0
33,12,1,0,0,8,0.0,0.24242424242424243,0,13,101,1111,397,0,0,0,0,0,200,104,2,3.1515151515151514,Cookie Injection,0
22,1,0,0,0,8,0.0,0.36363636363636365,0,12,72,761,397,0,1,2,1,1,200,34,2,1.5454545454545454,LOG4J,0
49,28,4,0,0,11,0.0,0.22448979591836735,0,12,65,711,397,0,0,0,0,0,404,36,2,0.7346938775510204,Normal,0
40,19,4,0,0,11,0.0,0.275,0,12,100,737,397,0,0,0,0,0,404,31,2,0.775,Normal,0
78,20,3,1,3,16,0.038461538461538464,0.20512820512820512,36,12,77,723,397,0,0,0,0,0,401,41,2,0.5256410256410257,Log Forging,0
106,11,2,2,2,20,0.018867924528301886,0.18867924528301888,73,12,105,735,397,0,0,0,0,0,401,26,2,0.24528301886792453,SQL Injection,0
80,59,12,0,0,37,0.0,0.4625,0,12,107,737,397,0,0,0,0,0,200,66,2,0.825,Directory Traversal,0
47,26,4,0,0,11,0.0,0.23404255319148937,0,12,107,735,397,0,0,0,0,0,401,26,2,0.5531914893617021,Normal,0
45,24,4,0,0,11,0.0,0.24444444444444444,0,12,102,748,397,0,0,0,0,0,404,207,2,4.6,Normal,0
80,20,3,1,3,16,0.0375,0.2,38,12,103,731,397,0,0,0,0,0,401,41,2,0.5125,Log Forging,0
33,12,1,0,0,8,0.0,0.24242424242424243,0,13,77,1084,397,0,0,0,0,0,200,104,2,3.1515151515151514,Cookie Injection,0
113,92,2,0,5,32,0.04424778761061947,0.2831858407079646,0,12,121,758,397,0,0,0,0,0,200,20,2,0.17699115044247787,RCE,0
69,48,5,0,0,14,0.0,0.2028985507246377,0,12,77,707,397,0,0,0,0,0,404,207,2,3.0,Normal,0
69,48,5,0,0,14,0.0,0.2028985507246377,0,12,100,737,397,0,0,0,0,0,404,207,2,3.0,Normal,0
45,24,4,0,0,11,0.0,0.24444444444444444,0,12,107,744,397,0,0,0,0,0,404,207,2,4.6,Normal,0
33,12,2,0,0,9,0.0,0.2727272727272727,0,12,100,829,397,0,1,2,1,1,404,28,2,0.8484848484848485,LOG4J,0
40,19,4,0,0,11,0.0,0.275,0,12,81,709,397,0,0,0,0,0,404,31,2,0.775,Normal,0
113,92,2,0,5,32,0.04424778761061947,0.2831858407079646,0,12,121,746,397,0,0,0,0,0,200,20,2,0.17699115044247787,RCE,0
33,12,1,0,0,8,0.0,0.24242424242424243,0,13,107,1122,397,0,0,0,0,0,200,110,2,3.3333333333333335,Cookie Injection,0
46,25,4,0,0,11,0.0,0.2391304347826087,0,12,72,700,397,0,0,0,0,0,404,207,2,4.5,Normal,0
84,63,12,0,0,40,0.0,0.47619047619047616,0,12,107,753,397,0,0,0,0,0,200,70,2,0.8333333333333334,Directory Traversal,0
37,16,3,0,0,10,0.0,0.2702702702702703,0,12,102,741,397,0,0,0,0,0,404,207,2,5.594594594594595,Normal,0
42,21,3,0,0,10,0.0,0.23809523809523808,0,12,121,746,397,0,0,0,0,0,200,933,2,22.214285714285715,Normal,0
78,57,4,0,8,21,0.10256410256410256,0.2692307692307692,0,12,65,713,397,0,0,0,0,0,200,50,2,0.6410256410256411,RCE,0
48,27,4,0,0,11,0.0,0.22916666666666666,0,12,72,711,397,0,0,0,0,0,401,26,2,0.5416666666666666,Normal,0
78,20,3,1,3,16,0.038461538461538464,0.20512820512820512,36,12,77,723,397,0,0,0,0,0,401,41,2,0.5256410256410257,Log Forging,0
46,25,4,0,0,12,0.0,0.2608695652173913,0,12,65,713,397,0,0,0,0,0,404,31,2,0.6739130434782609,Normal,0
42,21,3,0,0,10,0.0,0.23809523809523808,0,12,107,735,397,0,0,0,0,0,200,933,2,22.214285714285715,Normal,0
45,24,4,0,0,11,0.0,0.24444444444444444,0,12,101,728,397,0,0,0,0,0,404,207,2,4.6,Normal,0
30,9,2,0,0,9,0.0,0.3,0,12,77,723,397,0,0,0,0,0,308,249,3,8.3,Normal,0
50,29,4,0,0,11,0.0,0.22,0,12,65,695,397,0,0,0,0,0,404,38,2,0.76,Normal,0
39,18,2,0,0,10,0.0,0.2564102564102564,0,12,65,690,397,0,0,0,0,0,200,664,2,17.025641025641026,Normal,0
33,12,1,0,0,8,0.0,0.24242424242424243,0,13,65,1093,397,0,0,0,0,0,200,106,2,3.212121212121212,Cookie Injection,0
33,12,2,0,0,9,0.0,0.2727272727272727,0,12,65,704,397,0,0,0,0,0,404,28,2,0.8484848484848485,Normal,0
31,10,2,0,0,10,0.0,0.3225806451612903,0,12,119,746,397,0,0,0,0,0,200,70,2,2.2580645161290325,Normal,0
69,48,5,0,0,14,0.0,0.2028985507246377,0,12,65,693,397,0,0,0,0,0,404,207,2,3.0,Normal,0
22,1,0,0,0,8,0.0,0.36363636363636365,0,12,65,690,397,0,0,0,0,0,200,34,2,1.5454545454545454,Normal,0
71,50,9,0,0,28,0.0,0.39436619718309857,0,12,107,734,397,0,0,0,0,0,200,57,2,0.8028169014084507,Directory Traversal,0
22,1,0,0,0,8,0.0,0.36363636363636365,0,12,100,725,397,0,0,0,0,0,200,34,2,1.5454545454545454,Normal,0
110,11,2,2,2,20,0.01818181818181818,0.18181818181818182,77,12,107,755,397,0,0,0,0,0,401,26,2,0.23636363636363636,SQL Injection,0
70,49,5,0,0,14,0.0,0.2,0,12,103,731,397,0,0,0,0,0,404,207,2,2.9571428571428573,Normal,0
69,48,5,0,0,14,0.0,0.2028985507246377,0,12,103,773,428,0,1,2,1,1,404,207,2,3.0,LOG4J,0
47,26,4,0,0,11,0.0,0.23404255319148937,0,12,99,724,397,0,0,0,0,0,401,26,2,0.5531914893617021,Normal,0
33,12,1,0,0,8,0.0,0.24242424242424243,0,14,106,1050,397,0,0,0,0,0,302,211,4,6.393939393939394,Cookie Injection,1
49,28,4,0,0,11,0.0,0.22448979591836735,0,12,77,704,397,0,0,0,0,0,404,36,2,0.7346938775510204,Normal,0
83,62,13,0,0,40,0.0,0.4819277108433735,0,12,81,718,397,0,0,0,0,0,200,69,2,0.8313253012048193,Directory Traversal,0
33,12,1,0,0,8,0.0,0.24242424242424243,0,13,65,1084,397,0,0,0,0,0,200,105,2,3.1818181818181817,Cookie Injection,0
33,12,1,0,0,8,0.0,0.24242424242424243,0,14,72,1011,397,0,0,0,0,0,302,211,4,6.393939393939394,Cookie Injection,1
30,9,2,0,0,9,0.0,0.3,0,12,100,728,397,0,0,0,0,0,308,249,3,8.3,Normal,0
78,20,3,1,3,16,0.038461538461538464,0.20512820512820512,36,12,65,711,397,0,0,0,0,0,401,41,2,0.5256410256410257,Log Forging,0
46,25,4,0,0,12,0.0,0.2608695652173913,0,12,119,744,397,0,0,0,0,0,404,31,2,0.6739130434782609,Normal,0
109,88,2,0,4,35,0.03669724770642202,0.3211009174311927,0,12,99,736,397,0,0,0,0,0,200,48,2,0.44036697247706424,RCE,0
50,29,4,0,0,11,0.0,0.22,0,12,111,739,397,0,0,0,0,0,404,38,2,0.76,Normal,0
33,12,1,0,0,8,0.0,0.24242424242424243,0,14,111,1050,397,0,0,0,0,0,302,211,4,6.393939393939394,Cookie Injection,1
37,16,3,0,0,10,0.0,0.2702702702702703,0,12,72,711,397,0,0,0,0,0,404,207,2,5.594594594594595,Normal,0
32,11,2,0,0,9,0.0,0.28125,0,12,105,753,397,0,0,0,0,0,200,20,2,0.625,Normal,0
109,88,2,0,4,35,0.03669724770642202,0.3211009174311927,0,12,72,699,397,0,0,0,0,0,200,48,2,0.44036697247706424,RCE,0
30,9,2,0,0,9,0.0,0.3,0,12,112,760,397,0,0,0,0,0,308,249,3,8.3,Normal,0
50,29,4,0,0,11,0.0,0.22,0,12,99,738,397,0,0,0,0,0,404,38,2,0.76,Normal,0
46,25,4,0,0,11,0.0,0.2391304347826087,0,12,65,713,397,0,0,0,0,0,404,207,2,4.5,Normal,0
105,11,2,2,2,20,0.01904761904761905,0.19047619047619047,72,12,99,724,397,0,0,0,0,0,401,26,2,0.24761904761904763,SQL Injection,0
69,48,5,0,0,14,0.0,0.2028985507246377,0,12,77,769,441,0,1,2,1,1,404,207,2,3.0,LOG4J,0
46,25,4,0,0,12,0.0,0.2608695652173913,0,12,69,696,397,0,0,0,0,0,404,31,2,0.6739130434782609,Normal,0
39,18,2,0,0,10,0.0,0.2564102564102564,0,12,121,769,397,0,0,0,0,0,200,931,2,23.871794871794872,Normal,0
69,48,5,0,0,14,0.0,0.2028985507246377,0,12,106,733,397,0,0,0,0,0,404,207,2,3.0,Normal,0
30,9,2,0,0,9,0.0,0.3,0,12,65,704,397,0,0,0,0,0,308,249,3,8.3,Normal,0
32,11,2,0,0,9,0.0,0.28125,0,12,105,744,397,0,0,0,0,0,200,20,2,0.625,Normal,0
78,57,4,0,8,21,0.10256410256410256,0.2692307692307692,0,12,77,704,397,0,0,0,0,0,200,50,2,0.6410256410256411,RCE,0
109,11,2,2,2,20,0.01834862385321101,0.1834862385321101,76,12,65,690,397,0,0,0,0,0,401,26,2,0.23853211009174313,SQL Injection,0
46,25,4,0,0,12,0.0,0.2608695652173913,0,12,111,741,397,0,0,0,0,0,404,31,2,0.6739130434782609,Normal,0
104,11,2,2,2,20,0.019230769230769232,0.19230769230769232,71,12,65,711,397,0,0,0,0,0,401,26,2,0.25,SQL Injection,0
31,10,2,0,0,10,0.0,0.3225806451612903,0,12,100,728,397,0,0,0,0,0,200,70,2,2.2580645161290325,Normal,0
32,11,2,0,0,9,0.0,0.28125,0,12,107,734,397,0,0,0,0,0,200,20,2,0.625,Normal,0
46,25,4,0,0,12,0.0,0.2608695652173913,0,12,106,733,397,0,0,0,0,0,404,31,2,0.6739130434782609,Normal,0
78,57,10,0,0,34,0.0,0.4358974358974359,0,12,107,732,397,0,0,0,0,0,200,64,2,0.8205128205128205,Directory Traversal,0
42,21,3,0,0,10,0.0,0.23809523809523808,0,12,82,712,397,0,0,0,0,0,200,933,2,22.214285714285715,Normal,0
33,12,2,0,0,9,0.0,0.2727272727272727,0,12,77,704,397,0,0,0,0,0,404,28,2,0.8484848484848485,Normal,0
91,19,3,1,4,21,0.04395604395604396,0.23076923076923078,50,12,107,753,397,0,0,0,0,0,200,24,2,0.26373626373626374,SQL Injection,0
113,92,2,0,5,32,0.04424778761061947,0.2831858407079646,0,12,107,732,397,0,0,0,0,0,200,20,2,0.17699115044247787,RCE,0
40,19,4,0,0,11,0.0,0.275,0,12,101,749,397,0,0,0,0,0,404,31,2,0.775,Normal,0
75,20,3,1,3,16,0.04,0.21333333333333335,33,12,107,746,397,0,0,0,0,0,401,41,2,0.5466666666666666,Log Forging,0
69,48,5,0,0,14,0.0,0.2028985507246377,0,12,65,711,397,0,0,0,0,0,404,207,2,3.0,Normal,0
47,26,4,0,0,11,0.0,0.23404255319148937,0,12,65,713,397,0,0,0,0,0,404,207,2,4.404255319148936,Normal,0
51,30,4,0,0,11,0.0,0.21568627450980393,0,12,65,692,397,0,0,0,0,0,404,38,2,0.7450980392156863,Normal,0
32,11,2,0,0,9,0.0,0.28125,0,12,65,704,397,0,0,0,0,0,200,20,2,0.625,Normal,0
107,11,2,2,2,20,0.018691588785046728,0.18691588785046728,74,12,66,705,397,0,0,0,0,0,401,26,2,0.24299065420560748,SQL Injection,0
33,12,1,0,0,8,0.0,0.24242424242424243,0,13,106,1118,397,0,0,0,0,0,200,104,2,3.1515151515151514,Cookie Injection,0
80,20,3,1,3,16,0.0375,0.2,38,12,107,755,397,0,0,0,0,0,401,41,2,0.5125,Log Forging,0
40,19,4,0,0,11,0.0,0.275,0,12,103,728,397,0,0,0,0,0,404,31,2,0.775,Normal,0
33,12,2,0,0,9,0.0,0.2727272727272727,0,12,65,809,397,0,1,2,1,1,200,21,2,0.6363636363636364,LOG4J,0
40,19,4,0,0,11,0.0,0.275,0,12,121,769,397,0,0,0,0,0,404,31,2,0.775,Normal,0
107,11,2,2,2,20,0.018691588785046728,0.18691588785046728,74,12,112,742,397,0,0,0,0,0,401,26,2,0.24299065420560748,SQL Injection,0
51,30,4,0,0,11,0.0,0.21568627450980393,0,12,65,693,397,0,0,0,0,0,404,38,2,0.7450980392156863,Normal,0
78,57,10,0,0,34,0.0,0.4358974358974359,0,12,65,695,397,0,0,0,0,0,200,64,2,0.8205128205128205,Directory Traversal,0
33,12,1,0,0,8,0.0,0.24242424242424243,0,14,65,1025,397,0,0,0,0,0,302,211,4,6.393939393939394,Cookie Injection,1
46,25,4,0,0,11,0.0,0.2391304347826087,0,12,66,703,397,0,0,0,0,0,404,207,2,4.5,Normal,0
77,20,3,1,3,16,0.03896103896103896,0.2077922077922078,35,12,107,732,397,0,0,0,0,0,401,41,2,0.5324675324675324,Log Forging,0
46,25,4,0,0,12,0.0,0.2608695652173913,0,12,107,734,397,0,0,0,0,0,404,31,2,0.6739130434782609,Normal,0
92,19,3,1,4,22,0.043478260869565216,0.2391304347826087,51,12,103,740,397,0,0,0,0,0,200,204,2,2.217391304347826,SQL Injection,0
33,12,1,0,0,8,0.0,0.24242424242424243,0,13,72,1078,397,0,0,0,0,0,200,103,2,3.121212121212121,Cookie Injection,0
83,62,13,0,0,40,0.0,0.4819277108433735,0,12,81,718,397,0,0,0,0,0,200,69,2,0.8313253012048193,Directory Traversal,0
33,12,1,0,0,8,0.0,0.24242424242424243,0,13,65,1074,397,0,0,0,0,0,200,105,2,3.1818181818181817,Cookie Injection,0
33,12,1,0,0,8,0.0,0.24242424242424243,0,14,82,1044,397,0,0,0,0,0,302,211,4,6.393939393939394,Cookie Injection,1
33,12,1,0,0,8,0.0,0.24242424242424243,0,14,101,1043,397,0,0,0,0,0,302,211,4,6.393939393939394,Cookie Injection,1
78,57,4,0,8,21,0.10256410256410256,0.2692307692307692,0,12,103,742,397,0,0,0,0,0,200,50,2,0.6410256410256411,RCE,0
45,24,4,0,0,11,0.0,0.24444444444444444,0,12,107,744,397,0,0,0,0,0,404,207,2,4.6,Normal,0
45,24,4,0,0,11,0.0,0.24444444444444444,0,12,106,733,397,0,0,0,0,0,404,207,2,4.6,Normal,0
50,29,4,0,0,11,0.0,0.22,0,12,119,756,397,0,0,0,0,0,404,38,2,0.76,Normal,0
46,25,4,0,0,12,0.0,0.2608695652173913,0,12,101,842,397,0,1,2,1,1,404,31,2,0.6739130434782609,LOG4J,0
33,12,1,0,0,8,0.0,0.24242424242424243,0,14,99,1050,397,0,0,0,0,0,302,211,4,6.393939393939394,Cookie Injection,1
40,19,4,0,0,11,0.0,0.275,0,12,65,692,397,0,0,0,0,0,404,31,2,0.775,Normal,0
33,12,1,0,0,8,0.0,0.24242424242424243,0,14,101,1045,397,0,0,0,0,0,302,211,4,6.393939393939394,Cookie Injection,1
48,27,4,0,0,11,0.0,0.22916666666666666,0,12,65,695,397,0,0,0,0,0,404,36,2,0.75,Normal,0
49,28,4,0,0,11,0.0,0.22448979591836735,0,12,107,777,439,0,1,2,1,1,404,36,2,0.7346938775510204,LOG4J,0
